{"VG_alpha": 1.1930038171257396, "VG_n": 1.2599184819890543, "thetaS": 0.36710360432648154, "Ks": 2.1880665783825388e-07, "rootXDeformation": 0.23506810515462145, "rootZDeformation": 0.762421105008326, "kcMax": 2.04914700821075}