{"VG_alpha": 1.9876157049426262, "VG_n": 1.3242648938857056, "thetaS": 0.4949381886397924, "Ks": 3.679961930357778e-07, "rootXDeformation": 0.0, "rootZDeformation": 0.523836965830485, "kcMax": 1.6386639011455566}