{"VG_alpha": 1.7442012221059549, "VG_n": 1.439758582466995, "thetaS": 0.46282107617594465, "Ks": 4.6801128096527796e-07, "rootXDeformation": 0.10471342461686314, "rootZDeformation": 1.0, "kcMax": 2.7552492787076996}