{"VG_alpha": 2.0360975983208665, "VG_n": 1.348495188952074, "thetaS": 0.4455419550102912, "Ks": 4.841241078232956e-07, "rootXDeformation": 0.248565611235731, "rootZDeformation": 0.7514612746208701, "kcMax": 2.393349531973101}