{"VG_alpha": 1.5653568569655856, "VG_n": 1.4559783827339783, "thetaS": 0.5, "Ks": 4.996025078274546e-07, "rootXDeformation": 0.16596597304180521, "rootZDeformation": 0.8737192442659006, "kcMax": 2.222888392007483}