{"VG_alpha": 1.614916845766976, "VG_n": 1.5016939150034496, "thetaS": 0.5, "Ks": 7.233352594927482e-07, "rootXDeformation": 0.0, "rootZDeformation": 1.0, "kcMax": 2.575299870149369}