{"VG_alpha": 2.057737795444975, "VG_n": 1.2823762391059463, "thetaS": 0.39623747774377344, "Ks": 2.4040593805107334e-06, "rootXDeformation": 0.6346899718988136, "rootZDeformation": 0.31555607260462676, "kcMax": 2.030585378529908}