{"VG_alpha": 1.7496110481752505, "VG_n": 1.452655126684887, "thetaS": 0.5, "Ks": 4.505166507323337e-07, "rootXDeformation": 0.05397802512647777, "rootZDeformation": 0.7292838715329897, "kcMax": 1.6726700994898884}