{"VG_alpha": 2.597594181389887, "VG_n": 1.2800563523977198, "thetaS": 0.37680695194830643, "Ks": 1.1276206297482575e-06, "rootXDeformation": 0.4438711745913426, "rootZDeformation": 0.3867805764354939, "kcMax": 1.718283321145672}