{"VG_alpha": 1.7554772491698276, "VG_n": 1.3712466088835238, "thetaS": 0.46679508223947214, "Ks": 4.4201697480601926e-07, "rootXDeformation": 0.11343304106283063, "rootZDeformation": 0.9853905680629216, "kcMax": 2.429086180729275}