{"VG_alpha": 1.1841347101139164, "VG_n": 1.4283721900645308, "thetaS": 0.5, "Ks": 5.155046812858418e-07, "rootXDeformation": 0.0, "rootZDeformation": 0.9610176541093294, "kcMax": 2.341378580069594}