{"VG_alpha": 1.9096967084942682, "VG_n": 1.3270924047574284, "thetaS": 0.5, "Ks": 2.651219329670055e-07, "rootXDeformation": 0.1117351373738972, "rootZDeformation": 0.8392793084554286, "kcMax": 1.8199972621697584}