{"VG_alpha": 1.8912221933726674, "VG_n": 1.5022670922390986, "thetaS": 0.5, "Ks": 9.498804738723328e-07, "rootXDeformation": 0.0, "rootZDeformation": 0.8377105687043118, "kcMax": 2.4796485889693636}