{"VG_alpha": 2.028909542222713, "VG_n": 1.3590162041924658, "thetaS": 0.42193000115622326, "Ks": 1.7417412861629046e-06, "rootXDeformation": 0.37092896554925364, "rootZDeformation": 0.28127076140177676, "kcMax": 2.486102504373967}