{"VG_alpha": 1.2688790831704049, "VG_n": 1.2563555074452128, "thetaS": 0.3970089664501712, "Ks": 3.5225811627348793e-07, "rootXDeformation": 0.19941212615509468, "rootZDeformation": 0.7417601780912025, "kcMax": 1.9765630490757036}