{"VG_alpha": 1.400202882847546, "VG_n": 1.488405920669349, "thetaS": 0.4191702378377937, "Ks": 3.881021986082421e-06, "rootXDeformation": 0.207426803960658, "rootZDeformation": 0.8268625847187492, "kcMax": 2.0452441160125194}