{"VG_alpha": 2.4044924556687786, "VG_n": 1.2062897434986526, "thetaS": 0.39776242184431426, "Ks": 6.75518002759739e-07, "rootXDeformation": 0.5515312701007311, "rootZDeformation": 0.5073571781115258, "kcMax": 1.7742318770369598}