{"VG_alpha": 1.3299298515043896, "VG_n": 1.377423367325754, "thetaS": 0.4854931993879799, "Ks": 2.3231472084528763e-07, "rootXDeformation": 0.007251419106441281, "rootZDeformation": 0.7477876319643819, "kcMax": 1.9541341001027774}