{"VG_alpha": 1.3024715721444309, "VG_n": 1.40791170051951, "thetaS": 0.5, "Ks": 5.372245810484681e-07, "rootXDeformation": 0.1995733498104058, "rootZDeformation": 0.7029130083908068, "kcMax": 2.0235655589862676}