{"VG_alpha": 1.7775508853577058, "VG_n": 1.2855276169935366, "thetaS": 0.5, "Ks": 6.733177310627665e-07, "rootXDeformation": 0.24707068637258164, "rootZDeformation": 0.7593537015020075, "kcMax": 1.568690583319539}