{"VG_alpha": 2.3101264809416397, "VG_n": 1.2083952688328055, "thetaS": 0.49277638249663525, "Ks": 3.237581166932714e-07, "rootXDeformation": 0.032548649623064946, "rootZDeformation": 0.4711289930435327, "kcMax": 1.7382993074048994}