{"VG_alpha": 2.0941178531694096, "VG_n": 1.5164287313353846, "thetaS": 0.49168640428653076, "Ks": 1.374783960068893e-06, "rootXDeformation": 0.17178544791271538, "rootZDeformation": 0.7133317455058953, "kcMax": 2.410048404810457}