{"VG_alpha": 1.9413676144297223, "VG_n": 1.4392983072841736, "thetaS": 0.4822856020409608, "Ks": 4.857179365841944e-07, "rootXDeformation": 0.0, "rootZDeformation": 1.0, "kcMax": 2.654283012286668}