{"VG_alpha": 2.180402725970846, "VG_n": 1.1196408836126936, "thetaS": 0.37143635172690725, "Ks": 1.3413587497289087e-07, "rootXDeformation": 0.30545991834281827, "rootZDeformation": 0.330719311982132, "kcMax": 2.6607454443158938}