{"VG_alpha": 1.6495849464180767, "VG_n": 1.4425171456912724, "thetaS": 0.5, "Ks": 5.71088190710625e-07, "rootXDeformation": 0.03550012537177153, "rootZDeformation": 0.6569162793033657, "kcMax": 1.9435884696846597}