{"VG_alpha": 2.119070915272252, "VG_n": 1.4579950873855236, "thetaS": 0.5, "Ks": 1.903518708541407e-06, "rootXDeformation": 0.06379880079538999, "rootZDeformation": 0.8654409982946892, "kcMax": 2.6071930583198504}