{"VG_alpha": 2.4561340120612183, "VG_n": 1.1970022747637363, "thetaS": 0.40470477411852307, "Ks": 5.162879877131041e-07, "rootXDeformation": 0.4332085677164181, "rootZDeformation": 0.2738987240893954, "kcMax": 1.876274514492218}