{"VG_alpha": 1.8697543254376012, "VG_n": 1.2641727236607818, "thetaS": 0.47212782845613926, "Ks": 1.358360821610456e-06, "rootXDeformation": 0.0382622666634054, "rootZDeformation": 0.763092371033774, "kcMax": 2.5739875780502723}