{"VG_alpha": 2.3007943638629342, "VG_n": 1.4005194767022724, "thetaS": 0.46104463936654927, "Ks": 6.850306958718764e-07, "rootXDeformation": 0.9086488808086682, "rootZDeformation": 0.3192360889885453, "kcMax": 1.635689023906361}