{"VG_alpha": 1.1578099580213568, "VG_n": 1.4873616934538518, "thetaS": 0.3501733583347758, "Ks": 5.055305529368741e-07, "rootXDeformation": 0.8171383841834077, "rootZDeformation": 0.6132661962548069, "kcMax": 2.5611326556189766}