{"VG_alpha": 1.7711631373516188, "VG_n": 1.3865275944862379, "thetaS": 0.4189893593916225, "Ks": 6.479750398909399e-07, "rootXDeformation": 0.249224376480029, "rootZDeformation": 0.568461075853002, "kcMax": 2.494245821518084}