{"VG_alpha": 1.890682110828092, "VG_n": 1.3738236434928401, "thetaS": 0.5, "Ks": 3.999479811341108e-07, "rootXDeformation": 0.09990019015437665, "rootZDeformation": 0.9583604986954614, "kcMax": 2.0849527532070438}