{"VG_alpha": 1.0824035484722259, "VG_n": 1.2776258278664137, "thetaS": 0.3820171469259913, "Ks": 5.391452399348177e-07, "rootXDeformation": 0.2672405707439102, "rootZDeformation": 0.6214941991870844, "kcMax": 2.1579861729758743}