{"VG_alpha": 1.3019181605385528, "VG_n": 1.362784609994467, "thetaS": 0.4991152347890053, "Ks": 3.4299968524556026e-07, "rootXDeformation": 0.30028632549101797, "rootZDeformation": 0.8005368872467663, "kcMax": 1.8302339907370258}