{"VG_alpha": 2.27431363150754, "VG_n": 1.3359141323991008, "thetaS": 0.37423608985110113, "Ks": 8.015237474749136e-07, "rootXDeformation": 0.35220356962007465, "rootZDeformation": 0.35320789028438526, "kcMax": 1.705023056874114}