{"VG_alpha": 1.860217800817109, "VG_n": 1.2117275103661214, "thetaS": 0.3487229849056686, "Ks": 5.545025188546536e-07, "rootXDeformation": 0.5413191418232721, "rootZDeformation": 0.7855475535326313, "kcMax": 2.510711043746099}