{"VG_alpha": 2.059732966841675, "VG_n": 1.359180786811001, "thetaS": 0.41010583972505293, "Ks": 6.509657131330005e-07, "rootXDeformation": 0.38988557753897995, "rootZDeformation": 0.35273474135031824, "kcMax": 1.5163066792763205}