{"VG_alpha": 1.614993072053468, "VG_n": 1.3905344195047427, "thetaS": 0.47089650913038394, "Ks": 7.907050727424243e-07, "rootXDeformation": 0.14761486154315773, "rootZDeformation": 0.9095460667673153, "kcMax": 2.1435711351510753}