{"VG_alpha": 1.8592825384617138, "VG_n": 1.3424359508662391, "thetaS": 0.4753075210151446, "Ks": 8.851050995824318e-07, "rootXDeformation": 0.17354001539875533, "rootZDeformation": 0.8333660064404237, "kcMax": 2.43570607546429}