{"VG_alpha": 1.4318298430652283, "VG_n": 1.3631126189518357, "thetaS": 0.37609201328356057, "Ks": 5.028860638468831e-07, "rootXDeformation": 0.6995911822017213, "rootZDeformation": 0.5824351897647437, "kcMax": 1.8957785749526894}