{"VG_alpha": 2.521832806541907, "VG_n": 1.1, "thetaS": 0.4512108434285625, "Ks": 1.4329963524300454e-06, "rootXDeformation": 0.44293518135545734, "rootZDeformation": 0.11138840600805332, "kcMax": 1.9530428740034633}