{"VG_alpha": 1.448852679947116, "VG_n": 1.340165063601112, "thetaS": 0.3552629322309042, "Ks": 9.187233174794235e-07, "rootXDeformation": 0.35590616213063553, "rootZDeformation": 0.2919894623629077, "kcMax": 2.5488149661012396}