{"VG_alpha": 1.8395879582280914, "VG_n": 1.4179799832826387, "thetaS": 0.4984538979726415, "Ks": 6.32885883733538e-07, "rootXDeformation": 0.1576647623082707, "rootZDeformation": 0.8932420368738132, "kcMax": 2.4810453185427583}