{"VG_alpha": 1.9747300114409145, "VG_n": 1.3693594184340103, "thetaS": 0.4977620285493326, "Ks": 4.0878347098519643e-07, "rootXDeformation": 0.2680725079360248, "rootZDeformation": 0.893755796491696, "kcMax": 2.228597548247302}