{"VG_alpha": 2.621613846167005, "VG_n": 1.1975253036477278, "thetaS": 0.4205393826965656, "Ks": 6.849893356121185e-07, "rootXDeformation": 0.5797736930897123, "rootZDeformation": 0.3483686817671512, "kcMax": 1.7502831244261516}