{"VG_alpha": 1.868191227485686, "VG_n": 1.3183939492808598, "thetaS": 0.4979381579843283, "Ks": 3.6486466425490544e-07, "rootXDeformation": 0.0, "rootZDeformation": 0.949612832403703, "kcMax": 1.695160595569278}