{"VG_alpha": 1.6610715093949207, "VG_n": 1.3402586543667439, "thetaS": 0.496660299346345, "Ks": 6.105236048090203e-07, "rootXDeformation": 0.0, "rootZDeformation": 1.0, "kcMax": 2.479175767298738}