{"VG_alpha": 2.4879772511357867, "VG_n": 1.3554703023853982, "thetaS": 0.42535198446108113, "Ks": 5.248155040644755e-07, "rootXDeformation": 0.3035542159042362, "rootZDeformation": 0.25263808800049087, "kcMax": 1.5}