{"VG_alpha": 2.747970437968539, "VG_n": 1.3064859990259339, "thetaS": 0.3982028336082115, "Ks": 5.140649389054495e-07, "rootXDeformation": 0.3232518405872734, "rootZDeformation": 0.5283021741551217, "kcMax": 1.512575880786682}