{"VG_alpha": 1.2059022817575968, "VG_n": 1.42953804813816, "thetaS": 0.35043221838113464, "Ks": 6.374595617152767e-07, "rootXDeformation": 0.6763200604592463, "rootZDeformation": 0.4481216313154578, "kcMax": 2.667112981402119}