{"VG_alpha": 1.3980663574185517, "VG_n": 1.4153896132894155, "thetaS": 0.3553409394573936, "Ks": 8.664636291417446e-07, "rootXDeformation": 0.275070318926438, "rootZDeformation": 0.596327514979736, "kcMax": 2.0024193162848967}