{"VG_alpha": 2.463629927859076, "VG_n": 1.252408653176491, "thetaS": 0.43802934968303264, "Ks": 6.935019275532889e-07, "rootXDeformation": 0.40033618157774703, "rootZDeformation": 0.5255530157659172, "kcMax": 1.8654896567017754}