{"VG_alpha": 1.1948641457578983, "VG_n": 1.4236330406660962, "thetaS": 0.3725618456956152, "Ks": 3.895960595582751e-07, "rootXDeformation": 0.755486898036596, "rootZDeformation": 0.26639242043080236, "kcMax": 2.634316023908424}