{"VG_alpha": 1.6284200618683466, "VG_n": 1.360933910137606, "thetaS": 0.3912752305880859, "Ks": 1.5060402658404525e-06, "rootXDeformation": 0.3348703928164258, "rootZDeformation": 0.23353297881042787, "kcMax": 2.432821690144181}