{"VG_alpha": 1.7230790697499798, "VG_n": 1.4189369305188118, "thetaS": 0.5, "Ks": 8.662101952095806e-07, "rootXDeformation": 0.2994580270908042, "rootZDeformation": 0.9659787700485439, "kcMax": 1.9790223705854268}