{"VG_alpha": 2.2112475809345473, "VG_n": 1.3369585443400485, "thetaS": 0.4023810312375193, "Ks": 4.6114454177377817e-07, "rootXDeformation": 0.3044856576483762, "rootZDeformation": 0.42189779444275793, "kcMax": 1.5}