{"VG_alpha": 1.8046555751151385, "VG_n": 1.3846805332220684, "thetaS": 0.5, "Ks": 1.1740009510213739e-06, "rootXDeformation": 0.20077499207834473, "rootZDeformation": 0.8374098115892026, "kcMax": 2.6575043566867143}