{"VG_alpha": 2.681222125870018, "VG_n": 1.2248015015440024, "thetaS": 0.42073337506787617, "Ks": 7.687878506797914e-07, "rootXDeformation": 0.5505998283565912, "rootZDeformation": 0.3380974716692588, "kcMax": 1.8369701502299802}