{"VG_alpha": 1.514139916560173, "VG_n": 1.3534484089476813, "thetaS": 0.3990219697481992, "Ks": 5.808620222208882e-07, "rootXDeformation": 0.36632012647642237, "rootZDeformation": 0.585212885164458, "kcMax": 2.260564097741183}