{"VG_alpha": 1.5909039213870262, "VG_n": 1.322843477173769, "thetaS": 0.5, "Ks": 2.507016574499512e-07, "rootXDeformation": 0.06812430561985376, "rootZDeformation": 0.810746673883193, "kcMax": 1.9527718675978831}