{"VG_alpha": 1.2776361073414622, "VG_n": 1.402087238846517, "thetaS": 0.5, "Ks": 3.9376049054758576e-07, "rootXDeformation": 0.0, "rootZDeformation": 0.903087142288566, "kcMax": 2.7557896788019165}