{"VG_alpha": 2.28650873514649, "VG_n": 1.2941075180993198, "thetaS": 0.40671657539809275, "Ks": 5.741268152463418e-07, "rootXDeformation": 0.5198659607016184, "rootZDeformation": 0.4312079558891942, "kcMax": 1.9648870118876403}