{"VG_alpha": 1.650699824878409, "VG_n": 1.4660435336850086, "thetaS": 0.46572746561088507, "Ks": 6.127125804233725e-07, "rootXDeformation": 0.10401743770200873, "rootZDeformation": 1.0, "kcMax": 2.3408381799753775}