{"VG_alpha": 1.6101459240408318, "VG_n": 1.350840794213262, "thetaS": 0.4738648763455889, "Ks": 5.054927692570266e-07, "rootXDeformation": 0.0, "rootZDeformation": 0.6212481021600573, "kcMax": 1.8354109875307454}