{"VG_alpha": 1.797321022865378, "VG_n": 1.365565724987194, "thetaS": 0.45435256294151705, "Ks": 5.20448731293392e-07, "rootXDeformation": 0.2510892325474017, "rootZDeformation": 0.8466002035516601, "kcMax": 2.0455182713999456}