{"VG_alpha": 1.4152952929504476, "VG_n": 1.3290446930995832, "thetaS": 0.37360586334658824, "Ks": 3.972185244308548e-07, "rootXDeformation": 0.4645689551262358, "rootZDeformation": 0.6494790225326356, "kcMax": 2.377716505807201}