{"VG_alpha": 1.4184644030080045, "VG_n": 1.4096208800355867, "thetaS": 0.49189022812132316, "Ks": 2.203987281045335e-07, "rootXDeformation": 0.061002964717366714, "rootZDeformation": 0.7305548115043441, "kcMax": 1.7340361199691996}