{"VG_alpha": 2.9752509498037445, "VG_n": 1.328152273547392, "thetaS": 0.46522456876854795, "Ks": 2.527647122624913e-07, "rootXDeformation": 0.5973716482308843, "rootZDeformation": 0.9028317603316274, "kcMax": 2.3018369232027225}