{"VG_alpha": 1.5853313998150584, "VG_n": 1.363152824900185, "thetaS": 0.5, "Ks": 4.427349843797433e-07, "rootXDeformation": 0.09035154087021338, "rootZDeformation": 0.8262629203972549, "kcMax": 1.8593630772777727}