{"VG_alpha": 1.7650801831599972, "VG_n": 1.492498518372835, "thetaS": 0.5, "Ks": 3.88772148996339e-07, "rootXDeformation": 0.0, "rootZDeformation": 1.0, "kcMax": 2.6077276947536028}