{"VG_alpha": 1.4130533047542793, "VG_n": 1.2657396396359808, "thetaS": 0.5, "Ks": 4.931077950314716e-07, "rootXDeformation": 0.10325387040735517, "rootZDeformation": 0.6896222508283837, "kcMax": 1.769477623490448}