{"VG_alpha": 1.2887327728977342, "VG_n": 1.264685145906402, "thetaS": 0.4048254298677109, "Ks": 6.072218105342041e-07, "rootXDeformation": 0.5497745448078515, "rootZDeformation": 0.7811758848611352, "kcMax": 1.9520744013506597}