{"VG_alpha": 2.1561815952170957, "VG_n": 1.4628890414400142, "thetaS": 0.42159686019012493, "Ks": 1.6913131641016864e-06, "rootXDeformation": 0.15484678829558748, "rootZDeformation": 0.31336265721768264, "kcMax": 1.941430271542718}