{"VG_alpha": 1.9806571848886643, "VG_n": 1.5485103006272816, "thetaS": 0.4068098513496495, "Ks": 9.23810222701738e-07, "rootXDeformation": 0.066845773468503, "rootZDeformation": 0.3808102496726963, "kcMax": 1.9541842248828767}