{"VG_alpha": 2.515942023187106, "VG_n": 1.3325913158059126, "thetaS": 0.5, "Ks": 4.3661481177664035e-07, "rootXDeformation": 0.14000443038091367, "rootZDeformation": 0.9273132414236374, "kcMax": 2.1279880562685394}