{"VG_alpha": 2.037423058896006, "VG_n": 1.316533695198059, "thetaS": 0.49508003105416776, "Ks": 3.3963329441558535e-07, "rootXDeformation": 0.10522281643379447, "rootZDeformation": 0.7570281042839162, "kcMax": 1.7804499523983552}