{"VG_alpha": 1.8020211025643997, "VG_n": 1.4485413520388093, "thetaS": 0.3897988931780926, "Ks": 5.091969693633933e-07, "rootXDeformation": 0.050005112689755875, "rootZDeformation": 0.40857910384161805, "kcMax": 1.6590540437096983}