{"VG_alpha": 2.3544506513008576, "VG_n": 1.2815952904753747, "thetaS": 0.4386484691154765, "Ks": 1.4786397252648665e-06, "rootXDeformation": 0.18213408098304498, "rootZDeformation": 0.8071571270210476, "kcMax": 1.7353959268144368}