{"VG_alpha": 2.9816088459845136, "VG_n": 1.3046188780703682, "thetaS": 0.49245675942016487, "Ks": 8.501602973489459e-07, "rootXDeformation": 0.5117997671557543, "rootZDeformation": 0.9325546588412011, "kcMax": 1.9720194795882482}