{"VG_alpha": 1.931874368293721, "VG_n": 1.5388531837293673, "thetaS": 0.43754325787305604, "Ks": 1.3562409444063485e-06, "rootXDeformation": 0.0, "rootZDeformation": 0.19665380173813854, "kcMax": 1.6503582909305416}