{"VG_alpha": 1.7343659880930937, "VG_n": 1.4769154924823427, "thetaS": 0.43082574100233223, "Ks": 7.390890140855451e-07, "rootXDeformation": 0.057745980035946144, "rootZDeformation": 0.3010480374491199, "kcMax": 1.937819487828054}