{"VG_alpha": 1.736776694746724, "VG_n": 1.4008021040779601, "thetaS": 0.3968973993844509, "Ks": 4.268244142520052e-07, "rootXDeformation": 0.0, "rootZDeformation": 0.5306008821651104, "kcMax": 1.5}