{"VG_alpha": 2.0713744473079796, "VG_n": 1.4678288249322886, "thetaS": 0.4092950908979735, "Ks": 5.910460497416218e-07, "rootXDeformation": 0.04880402590784778, "rootZDeformation": 0.2697294630089169, "kcMax": 1.858183388869494}