{"VG_alpha": 1.9384451965337086, "VG_n": 1.3982371990433942, "thetaS": 0.4519402631402538, "Ks": 4.688446789302747e-07, "rootXDeformation": 0.0, "rootZDeformation": 0.4506004380733317, "kcMax": 1.5}