{"VG_alpha": 1.3438887266696067, "VG_n": 1.6, "thetaS": 0.4116117574095311, "Ks": 9.281334590967315e-07, "rootXDeformation": 0.10883732583673336, "rootZDeformation": 0.41642778654078977, "kcMax": 1.7929722241353465}