{"VG_alpha": 2.038224300912036, "VG_n": 1.3056205693882883, "thetaS": 0.4619507095267431, "Ks": 6.190605046125453e-07, "rootXDeformation": 0.09224166853624757, "rootZDeformation": 0.5312764230322167, "kcMax": 1.5}