{"VG_alpha": 1.8130124241105627, "VG_n": 1.5160464016560697, "thetaS": 0.44261036315280433, "Ks": 1.3342062570381e-06, "rootXDeformation": 0.040813304507667444, "rootZDeformation": 0.24430086369533913, "kcMax": 1.5736064854564986}