{"VG_alpha": 2.303752865435667, "VG_n": 1.4910756433104648, "thetaS": 0.41783751775307876, "Ks": 1.08746873907353e-06, "rootXDeformation": 0.21412910405239938, "rootZDeformation": 0.17887426450111837, "kcMax": 1.7466171913463429}