{"VG_alpha": 1.7707871367627082, "VG_n": 1.5522600747196644, "thetaS": 0.40937142682829325, "Ks": 8.99031741206139e-07, "rootXDeformation": 0.0, "rootZDeformation": 0.32147177157241213, "kcMax": 1.991530437804318}