{"VG_alpha": 2.5268338355668094, "VG_n": 1.278289022602509, "thetaS": 0.4457973102429259, "Ks": 8.369253393372422e-07, "rootXDeformation": 0.41550247283727093, "rootZDeformation": 0.84755533182476, "kcMax": 1.7146104511706626}