{"VG_alpha": 1.5357333047724326, "VG_n": 1.4871075261191748, "thetaS": 0.3961350975991358, "Ks": 7.343202475359234e-07, "rootXDeformation": 0.10726101837475835, "rootZDeformation": 0.5526914580708555, "kcMax": 1.5742496816670182}