{"VG_alpha": 1.6826526923049245, "VG_n": 1.5736451572549386, "thetaS": 0.4293780095910562, "Ks": 8.875171443700985e-07, "rootXDeformation": 0.1205676764808285, "rootZDeformation": 0.33134826239596266, "kcMax": 1.9575793308208556}