{"VG_alpha": 2.386113257761796, "VG_n": 1.4328434181314411, "thetaS": 0.488484968549746, "Ks": 1.1872612319516044e-06, "rootXDeformation": 0.18958215243441653, "rootZDeformation": 0.9025124783940919, "kcMax": 1.7629921991767585}