{"VG_alpha": 2.8339026699848495, "VG_n": 1.3172888028985137, "thetaS": 0.4666002012423732, "Ks": 7.32517633356855e-07, "rootXDeformation": 0.11946512847119657, "rootZDeformation": 0.9792825243587644, "kcMax": 1.7778255064933228}