{"VG_alpha": 1.4511332249977245, "VG_n": 1.5019281252751782, "thetaS": 0.42550850564055653, "Ks": 8.534855366402881e-07, "rootXDeformation": 0.1568788770238409, "rootZDeformation": 0.2769795742229647, "kcMax": 1.70791671929421}