{"VG_alpha": 1.7929531569392856, "VG_n": 1.5919213712262292, "thetaS": 0.4113882589648307, "Ks": 1.01219263423977e-06, "rootXDeformation": 0.0, "rootZDeformation": 0.4076037586828767, "kcMax": 1.8290295924230175}