{"VG_alpha": 2.286497874219081, "VG_n": 1.3097269857116693, "thetaS": 0.45155663096966864, "Ks": 5.57261086113587e-07, "rootXDeformation": 0.0, "rootZDeformation": 0.961360145424347, "kcMax": 1.7532455783573835}