{"VG_alpha": 2.0176726505663076, "VG_n": 1.516319376212512, "thetaS": 0.399244014855263, "Ks": 5.5278797263852e-07, "rootXDeformation": 0.0, "rootZDeformation": 0.5248039486827465, "kcMax": 1.72736366192725}