{"VG_alpha": 1.8386660921553812, "VG_n": 1.4908538286985, "thetaS": 0.4419298167537645, "Ks": 3.550789160726856e-07, "rootXDeformation": 0.0, "rootZDeformation": 0.3699244531144468, "kcMax": 1.6500054695391968}