{"VG_alpha": 2.447747966163446, "VG_n": 1.3355749204331493, "thetaS": 0.44963169271779946, "Ks": 4.4035178379013944e-07, "rootXDeformation": 0.22845903697105907, "rootZDeformation": 0.6748754374481003, "kcMax": 2.0988601752761005}