{"VG_alpha": 1.803862095585922, "VG_n": 1.5825718055460927, "thetaS": 0.4464351470078857, "Ks": 5.592415544000171e-07, "rootXDeformation": 0.10140405437748119, "rootZDeformation": 0.2602211256206136, "kcMax": 1.8988391419119992}