{"VG_alpha": 1.699476229548903, "VG_n": 1.4964515058165693, "thetaS": 0.41304329338733853, "Ks": 1.1194226281921549e-06, "rootXDeformation": 0.0, "rootZDeformation": 0.4119241248600614, "kcMax": 1.947003406405279}