{"VG_alpha": 2.0801484335457694, "VG_n": 1.4854498873003106, "thetaS": 0.41667713475411755, "Ks": 5.033424381010345e-07, "rootXDeformation": 0.0, "rootZDeformation": 0.3243578537011936, "kcMax": 1.7323188635971687}