{"VG_alpha": 2.0232131836598173, "VG_n": 1.4942821659117773, "thetaS": 0.41426242029915367, "Ks": 1.5347357726898692e-06, "rootXDeformation": 0.1705143770106483, "rootZDeformation": 0.3974353306099783, "kcMax": 2.0362837417924817}