{"VG_alpha": 2.2349658912557846, "VG_n": 1.414495253826985, "thetaS": 0.46106437364419056, "Ks": 6.428565436461622e-07, "rootXDeformation": 0.07815055271493168, "rootZDeformation": 1.0, "kcMax": 1.7468297582730652}