{"VG_alpha": 2.5654271381721316, "VG_n": 1.2883799822406046, "thetaS": 0.4770533828546639, "Ks": 5.320197616897469e-07, "rootXDeformation": 0.0, "rootZDeformation": 0.8459352773871593, "kcMax": 1.729909034644091}