{"VG_alpha": 2.4289597906755156, "VG_n": 1.3331990969650642, "thetaS": 0.4443798463435038, "Ks": 1.192088699526282e-06, "rootXDeformation": 0.041521653596609004, "rootZDeformation": 0.8231772239744127, "kcMax": 2.1025834293712777}