{"VG_alpha": 2.3243715424604137, "VG_n": 1.2995360644769276, "thetaS": 0.4752442683324256, "Ks": 8.023328260595098e-07, "rootXDeformation": 0.0, "rootZDeformation": 0.604556987739712, "kcMax": 2.1723912762187703}