{"VG_alpha": 1.7775839936604707, "VG_n": 1.4395325175559022, "thetaS": 0.40671960374090066, "Ks": 5.731135435760278e-07, "rootXDeformation": 0.20832283797889856, "rootZDeformation": 0.14506774790954888, "kcMax": 1.786899861431509}