{"VG_alpha": 2.607183497853627, "VG_n": 1.3723796261003969, "thetaS": 0.45481564465945234, "Ks": 1.0133797973704691e-06, "rootXDeformation": 0.363023541759761, "rootZDeformation": 0.9145476964254113, "kcMax": 1.9132099072792668}