{"VG_alpha": 2.6661649988900695, "VG_n": 1.3106420577710358, "thetaS": 0.4410514496308207, "Ks": 1.565862116802934e-06, "rootXDeformation": 0.2146097443108438, "rootZDeformation": 0.7408154000409304, "kcMax": 1.9268675037763754}