{"VG_alpha": 2.245825599496445, "VG_n": 1.526130678312562, "thetaS": 0.43423594311629404, "Ks": 5.489144288685724e-07, "rootXDeformation": 0.0, "rootZDeformation": 0.34985677795752834, "kcMax": 1.8191036381600583}