{"VG_alpha": 1.8737059099709361, "VG_n": 1.5494056286494182, "thetaS": 0.4502657835338698, "Ks": 1.119462230582663e-06, "rootXDeformation": 0.1182829641797869, "rootZDeformation": 0.289676032776084, "kcMax": 2.0356840834146555}