{"VG_alpha": 1.7368331043334615, "VG_n": 1.5337746902236624, "thetaS": 0.3880093224274132, "Ks": 7.803835312748817e-07, "rootXDeformation": 0.0, "rootZDeformation": 0.16537800188379415, "kcMax": 1.7386934541192303}