{"VG_alpha": 2.0055529069205775, "VG_n": 1.4983042487444291, "thetaS": 0.43704242150691996, "Ks": 3.1320807449140827e-07, "rootXDeformation": 0.0, "rootZDeformation": 0.5443014240622088, "kcMax": 1.5}