{"VG_alpha": 1.7158394426661123, "VG_n": 1.4858738376682716, "thetaS": 0.4174003667411489, "Ks": 1.532404747321878e-06, "rootXDeformation": 0.04470707954727494, "rootZDeformation": 0.1810515673536689, "kcMax": 2.0112227625013332}