{"VG_alpha": 2.0436533225244595, "VG_n": 1.4982756909311081, "thetaS": 0.3845673643091503, "Ks": 5.338862138697903e-07, "rootXDeformation": 0.14128267049272752, "rootZDeformation": 0.3269635915592712, "kcMax": 2.0541651189279637}