{"VG_alpha": 2.37733825759305, "VG_n": 1.3343707991994334, "thetaS": 0.45778849349425077, "Ks": 5.892342206879403e-07, "rootXDeformation": 0.12773652315717754, "rootZDeformation": 0.806891137903186, "kcMax": 1.7647358078619875}