{"VG_alpha": 2.3401618961288015, "VG_n": 1.3328510135487754, "thetaS": 0.4557783343752486, "Ks": 5.655832914886928e-07, "rootXDeformation": 0.13179409985251567, "rootZDeformation": 0.954099128589936, "kcMax": 1.5940575865503757}