{"VG_alpha": 2.051963947665727, "VG_n": 1.5809642237650134, "thetaS": 0.40565936517076845, "Ks": 9.17246158519085e-07, "rootXDeformation": 0.14970629694269028, "rootZDeformation": 0.27739914913869157, "kcMax": 2.1093573673390282}