{"VG_alpha": 1.2760428425229537, "VG_n": 1.4465143077798612, "thetaS": 0.43107840382207024, "Ks": 7.670758834786853e-07, "rootXDeformation": 0.0, "rootZDeformation": 0.3966598158167302, "kcMax": 2.3321670003905823}