{"VG_alpha": 2.8094172853895794, "VG_n": 1.2864980425461563, "thetaS": 0.4462433560404651, "Ks": 1.0927331040390732e-06, "rootXDeformation": 0.1498023455102293, "rootZDeformation": 0.8454182166096831, "kcMax": 1.5808197109022333}