{"VG_alpha": 2.066600626435328, "VG_n": 1.38129975909344, "thetaS": 0.4567860366500003, "Ks": 2.7964447982530187e-07, "rootXDeformation": 0.0, "rootZDeformation": 0.47673871799156153, "kcMax": 1.7865342882731319}