{"VG_alpha": 2.6111920646025304, "VG_n": 1.3471307009035272, "thetaS": 0.5, "Ks": 3.986354659003881e-07, "rootXDeformation": 0.1403564955799776, "rootZDeformation": 0.97033104271878, "kcMax": 1.9471806982259565}