{"VG_alpha": 1.905057380502067, "VG_n": 1.481612337219524, "thetaS": 0.4363843948953353, "Ks": 1.0094582843711674e-06, "rootXDeformation": 0.0, "rootZDeformation": 0.2763032407052543, "kcMax": 1.8647607807759778}