{"VG_alpha": 1.6841400197756191, "VG_n": 1.3756142905316477, "thetaS": 0.391125183229606, "Ks": 4.858190884002342e-07, "rootXDeformation": 0.0, "rootZDeformation": 0.4087927468941052, "kcMax": 1.5}