{"VG_alpha": 1.9350015609468854, "VG_n": 1.224880329859876, "thetaS": 0.48270281308146773, "Ks": 5.170050979818557e-07, "rootXDeformation": 0.1702371521681089, "rootZDeformation": 0.9956789638652972, "kcMax": 1.5606725967186932}