{"VG_alpha": 2.171669666994722, "VG_n": 1.4184001141494296, "thetaS": 0.4118327209095979, "Ks": 6.088826959607715e-07, "rootXDeformation": 0.0, "rootZDeformation": 0.34734519531249414, "kcMax": 1.7839743279676323}