{"VG_alpha": 1.7788475529367105, "VG_n": 1.468930081973448, "thetaS": 0.4674746777290424, "Ks": 2.4757172626319484e-07, "rootXDeformation": 0.15131756408860433, "rootZDeformation": 0.4715978160177317, "kcMax": 1.7049039305250842}