{"VG_alpha": 2.3496333740841626, "VG_n": 1.3611060057742157, "thetaS": 0.4605533995751438, "Ks": 3.406865535422589e-07, "rootXDeformation": 0.08079845986052735, "rootZDeformation": 0.7955518312285559, "kcMax": 1.7081502657110277}