{"VG_alpha": 1.9823727406241511, "VG_n": 1.5581969440605503, "thetaS": 0.4101056066964994, "Ks": 1.1968368613130904e-06, "rootXDeformation": 0.19586056003507474, "rootZDeformation": 0.4355739207069132, "kcMax": 1.6234770327281676}