{"VG_alpha": 2.5418286526671015, "VG_n": 1.1823256685875978, "thetaS": 0.5, "Ks": 3.7664653115561254e-07, "rootXDeformation": 0.17245139241588164, "rootZDeformation": 0.7305782739479832, "kcMax": 1.970247554803915}