{"VG_alpha": 1.507413607829922, "VG_n": 1.5219873233756818, "thetaS": 0.41276253754285175, "Ks": 8.720577394099693e-07, "rootXDeformation": 0.14053831903939334, "rootZDeformation": 0.4052658946353011, "kcMax": 1.6799716340453832}