{"VG_alpha": 1.6354392929730377, "VG_n": 1.5152069840740623, "thetaS": 0.4546044808608975, "Ks": 9.243774875261707e-07, "rootXDeformation": 0.1661801552457185, "rootZDeformation": 0.40799444549796937, "kcMax": 1.9141137195891185}