{"VG_alpha": 2.4307703840188077, "VG_n": 1.256754882511162, "thetaS": 0.44981318346745913, "Ks": 4.1572763356001024e-07, "rootXDeformation": 0.22143951827775293, "rootZDeformation": 0.8821601173485828, "kcMax": 2.038285292451102}