{"VG_alpha": 1.85242626181308, "VG_n": 1.4800580025046703, "thetaS": 0.3888121763170411, "Ks": 4.238617046886937e-07, "rootXDeformation": 0.018182132050546973, "rootZDeformation": 0.3678554995382651, "kcMax": 1.9006463266875193}