{"VG_alpha": 2.3387831455701087, "VG_n": 1.3989491969300785, "thetaS": 0.43995316959969233, "Ks": 5.32876084348339e-07, "rootXDeformation": 0.21062249138258238, "rootZDeformation": 0.8523375994122389, "kcMax": 1.5430029294151713}