{"VG_alpha": 2.5466968344833174, "VG_n": 1.3121206994192804, "thetaS": 0.4680640019611333, "Ks": 5.403885079045257e-07, "rootXDeformation": 0.0994380069707662, "rootZDeformation": 0.7006100940590778, "kcMax": 1.8398492091697471}