{"VG_alpha": 2.151354775819108, "VG_n": 1.2837801285833534, "thetaS": 0.4822076165883548, "Ks": 6.192466499890109e-07, "rootXDeformation": 0.1591533310002826, "rootZDeformation": 0.8562106952600326, "kcMax": 2.2753967935040755}