{"VG_alpha": 1.9929770914528826, "VG_n": 1.4305433403907584, "thetaS": 0.3964815467337776, "Ks": 1.3007416835825687e-06, "rootXDeformation": 0.1589311618663148, "rootZDeformation": 0.3516535617604652, "kcMax": 2.0002795887963476}