{"VG_alpha": 1.8762982284678802, "VG_n": 1.6, "thetaS": 0.4282431514419639, "Ks": 6.955109868601625e-07, "rootXDeformation": 0.0, "rootZDeformation": 0.2734137712567264, "kcMax": 1.5759525660783733}