{"VG_alpha": 2.1051479331766636, "VG_n": 1.5132202843794238, "thetaS": 0.3838232977261239, "Ks": 4.6163391362775924e-07, "rootXDeformation": 0.1660735833371732, "rootZDeformation": 0.20372749580775157, "kcMax": 1.7715292587010423}