{"VG_alpha": 2.1291873494484284, "VG_n": 1.5004170663049545, "thetaS": 0.4304123602744898, "Ks": 4.4769096860865995e-07, "rootXDeformation": 0.035338271490052614, "rootZDeformation": 0.42261308704896905, "kcMax": 1.7609035031115596}