{"VG_alpha": 2.3079542902987646, "VG_n": 1.2731719339745133, "thetaS": 0.45305709515045967, "Ks": 1.134064655170955e-06, "rootXDeformation": 0.0, "rootZDeformation": 0.6792063735624254, "kcMax": 1.8037258186295817}