{"VG_alpha": 2.6007797646074646, "VG_n": 1.292070680413942, "thetaS": 0.48020515789800233, "Ks": 8.527693270717602e-07, "rootXDeformation": 0.31111416901098377, "rootZDeformation": 0.9185886658319506, "kcMax": 1.841347601954608}