{"VG_alpha": 1.406364509649069, "VG_n": 1.5758540656086586, "thetaS": 0.42904487730838564, "Ks": 8.451141871901531e-07, "rootXDeformation": 0.09920859686249642, "rootZDeformation": 0.21598169155923685, "kcMax": 1.797927425805265}