{"VG_alpha": 1.5987831913163522, "VG_n": 1.3021628243256744, "thetaS": 0.46556560907061173, "Ks": 2.0380756792419088e-07, "rootXDeformation": 0.12969964292655478, "rootZDeformation": 0.6447486972439225, "kcMax": 1.6642163375470351}