{"VG_alpha": 1.6477650335046699, "VG_n": 1.4667224001194978, "thetaS": 0.40122811130287683, "Ks": 5.298801491826827e-07, "rootXDeformation": 0.05485141549844185, "rootZDeformation": 0.5397394612148809, "kcMax": 1.6784201514593706}