{"VG_alpha": 1.8502256124139462, "VG_n": 1.438565429837658, "thetaS": 0.4443083378145396, "Ks": 5.893176560616659e-07, "rootXDeformation": 0.0, "rootZDeformation": 0.47393310021076895, "kcMax": 1.5}