{"VG_alpha": 1.3618335009093774, "VG_n": 1.2959848369806977, "thetaS": 0.4462357373483934, "Ks": 4.181133097784654e-07, "rootXDeformation": 0.33593551406187216, "rootZDeformation": 0.909342368693929, "kcMax": 2.261769891516091}