{"VG_alpha": 1.6697016651755403, "VG_n": 1.5425113052468764, "thetaS": 0.4351091366680311, "Ks": 4.777493888144683e-07, "rootXDeformation": 0.1384681048310107, "rootZDeformation": 0.41648734090589984, "kcMax": 1.5125927664964989}