{"VG_alpha": 1.7812184153779222, "VG_n": 1.5106729896565525, "thetaS": 0.3970571634632976, "Ks": 1.5210204914102992e-06, "rootXDeformation": 0.14713509898041358, "rootZDeformation": 0.3304732443826793, "kcMax": 2.0606206151297624}