{"VG_alpha": 2.239504358725232, "VG_n": 1.4390408173879181, "thetaS": 0.4767365879078322, "Ks": 3.9451314387024824e-07, "rootXDeformation": 0.12090640309908866, "rootZDeformation": 0.5384636356365338, "kcMax": 1.5}