{"VG_alpha": 1.927344420860384, "VG_n": 1.4905872804519678, "thetaS": 0.4246067214214488, "Ks": 7.082861427097546e-07, "rootXDeformation": 0.0, "rootZDeformation": 0.417420677484991, "kcMax": 1.8835173997053745}