{"VG_alpha": 1.742892641043723, "VG_n": 1.4976781760624562, "thetaS": 0.436573590509667, "Ks": 7.161345105659997e-07, "rootXDeformation": 0.0, "rootZDeformation": 0.40975864026761655, "kcMax": 1.8228583989332658}