{"VG_alpha": 1.4676660262265748, "VG_n": 1.4813207345369546, "thetaS": 0.41939480001739826, "Ks": 7.187507957278004e-07, "rootXDeformation": 0.0, "rootZDeformation": 0.19250027630598973, "kcMax": 1.8071500788765125}