{"VG_alpha": 1.8334525629752048, "VG_n": 1.5200399266754006, "thetaS": 0.41291530716280095, "Ks": 4.641283143110758e-07, "rootXDeformation": 0.011581597989746686, "rootZDeformation": 0.17382912464463202, "kcMax": 1.591487862591981}