{"VG_alpha": 2.2083661293135304, "VG_n": 1.512854242494821, "thetaS": 0.38220469595638185, "Ks": 8.041696783962068e-07, "rootXDeformation": 0.16117776636099185, "rootZDeformation": 0.32461457351797574, "kcMax": 2.020821151511284}