{"VG_alpha": 2.3919423933418513, "VG_n": 1.3632529349796292, "thetaS": 0.4964294952553756, "Ks": 8.157161348149317e-07, "rootXDeformation": 0.0, "rootZDeformation": 0.9379402638169986, "kcMax": 1.8209511265128988}