{"VG_alpha": 2.746479968506767, "VG_n": 1.271936775668812, "thetaS": 0.4520567077402164, "Ks": 7.711670811626317e-07, "rootXDeformation": 0.4016770505359961, "rootZDeformation": 0.7852185972917236, "kcMax": 1.776306716257888}