{"VG_alpha": 1.7702087580893089, "VG_n": 1.2169994323386268, "thetaS": 0.4515926368294538, "Ks": 4.264650776137407e-07, "rootXDeformation": 0.10157589611492408, "rootZDeformation": 0.7085414721831701, "kcMax": 1.658257257917279}