{"VG_alpha": 1.637386034342185, "VG_n": 1.3574335806988702, "thetaS": 0.42714393837267545, "Ks": 5.571812660151257e-07, "rootXDeformation": 0.0, "rootZDeformation": 0.3627372405101296, "kcMax": 1.5419367606642047}