{"VG_alpha": 2.7007889541019816, "VG_n": 1.3639952133203574, "thetaS": 0.4315236429528211, "Ks": 8.068191468111537e-07, "rootXDeformation": 0.2837807993977063, "rootZDeformation": 0.6349299121362758, "kcMax": 1.6279682500917845}