{"VG_alpha": 1.4392569761242142, "VG_n": 1.4855445901351167, "thetaS": 0.4087731039170072, "Ks": 5.300334778266287e-07, "rootXDeformation": 0.0, "rootZDeformation": 0.41289119587008133, "kcMax": 1.5}