{"VG_alpha": 1.9178610863416234, "VG_n": 1.5854242734990462, "thetaS": 0.41676855628998266, "Ks": 5.499402867467545e-07, "rootXDeformation": 0.22632573623554741, "rootZDeformation": 0.3559058630339549, "kcMax": 1.675604299606249}