{"VG_alpha": 1.8636886551821397, "VG_n": 1.5837787521964195, "thetaS": 0.430696180728177, "Ks": 5.476216654559445e-07, "rootXDeformation": 0.02316481313408017, "rootZDeformation": 0.21961089349414514, "kcMax": 1.627492015588115}