{"VG_alpha": 1.6708703015238886, "VG_n": 1.4107654967944898, "thetaS": 0.40580837999231534, "Ks": 6.530892422970663e-07, "rootXDeformation": 0.18113520086803908, "rootZDeformation": 0.3277891991230806, "kcMax": 1.8069247444371306}