{"VG_alpha": 2.3888424683385763, "VG_n": 1.250907810837564, "thetaS": 0.44961744423814787, "Ks": 6.946970807846932e-07, "rootXDeformation": 0.3830247424333124, "rootZDeformation": 0.8507483103650622, "kcMax": 1.7888916764791933}