{"VG_alpha": 1.9267052263043851, "VG_n": 1.5780743655518725, "thetaS": 0.37535947872313413, "Ks": 7.287019092339757e-07, "rootXDeformation": 0.11607012861420345, "rootZDeformation": 0.2867319694872687, "kcMax": 1.9721684890477977}