{"VG_alpha": 1.5591381351902036, "VG_n": 1.5003610695491363, "thetaS": 0.46048858316575375, "Ks": 5.693614622845019e-07, "rootXDeformation": 0.05925483012997377, "rootZDeformation": 0.48417958623149576, "kcMax": 2.046335218508771}