{"VG_alpha": 1.724858544451112, "VG_n": 1.4375381922071422, "thetaS": 0.42730367690350757, "Ks": 5.58753698323642e-07, "rootXDeformation": 0.16784818125562645, "rootZDeformation": 0.27881965841725104, "kcMax": 1.6176599790050479}