{"VG_alpha": 2.320372725140226, "VG_n": 1.3233196795794202, "thetaS": 0.4874601272608739, "Ks": 5.820595132545469e-07, "rootXDeformation": 0.1649684439417682, "rootZDeformation": 0.7824390256882805, "kcMax": 1.6552243673704812}