{"VG_alpha": 1.8125067057487931, "VG_n": 1.5509670395268094, "thetaS": 0.41430536615770946, "Ks": 5.554977277929937e-07, "rootXDeformation": 0.06527092889057513, "rootZDeformation": 0.2942018951341113, "kcMax": 1.905166024655193}