{"VG_alpha": 1.4888731444139878, "VG_n": 1.4131404314426872, "thetaS": 0.4434878264279428, "Ks": 3.392334427628954e-07, "rootXDeformation": 0.3380427083167185, "rootZDeformation": 0.908087501947075, "kcMax": 2.1305155774184033}