{"VG_alpha": 1.90838131365511, "VG_n": 1.4624984920206723, "thetaS": 0.395961938053643, "Ks": 1.796522692121357e-07, "rootXDeformation": 0.053932690276254594, "rootZDeformation": 0.6189101696722129, "kcMax": 1.6941395903788725}