{"VG_alpha": 1.9829598366640862, "VG_n": 1.4649164639377596, "thetaS": 0.3769119439280848, "Ks": 6.363004553719573e-07, "rootXDeformation": 0.06381301082060808, "rootZDeformation": 0.28158842247852633, "kcMax": 1.5920875209698073}