{"VG_alpha": 2.3822562866571766, "VG_n": 1.2732845576639429, "thetaS": 0.4377489895045471, "Ks": 6.32580401137148e-07, "rootXDeformation": 0.2731226846662703, "rootZDeformation": 0.87845751685144, "kcMax": 2.103918189544646}