{"VG_alpha": 2.2415708596132498, "VG_n": 1.352001905868378, "thetaS": 0.4632609556523045, "Ks": 6.990734038580443e-07, "rootXDeformation": 0.295810702172519, "rootZDeformation": 0.7920396676092456, "kcMax": 1.7883745957839414}