{"VG_alpha": 1.7418010145490377, "VG_n": 1.4751828988743432, "thetaS": 0.4420666420706324, "Ks": 6.765867831127711e-07, "rootXDeformation": 0.02161419555425756, "rootZDeformation": 0.18871936991587118, "kcMax": 2.0213615516055006}