{"VG_alpha": 2.156870917291568, "VG_n": 1.4497814415333496, "thetaS": 0.41461748130009335, "Ks": 1.4774727237776445e-06, "rootXDeformation": 0.12175156374721757, "rootZDeformation": 0.17979720423825907, "kcMax": 1.9526757772622256}