{"VG_alpha": 1.380879666715392, "VG_n": 1.4419995516077346, "thetaS": 0.4025282079015404, "Ks": 4.094335583476662e-07, "rootXDeformation": 0.0292995481076033, "rootZDeformation": 0.5359788254157241, "kcMax": 1.702899766453977}