{"VG_alpha": 1.7565320082696712, "VG_n": 1.5165767889889075, "thetaS": 0.43284257313886965, "Ks": 8.321179573718635e-07, "rootXDeformation": 0.12709771978449194, "rootZDeformation": 0.38718002455958445, "kcMax": 1.7753186424467533}