{"VG_alpha": 1.967420128418357, "VG_n": 1.5318161784850162, "thetaS": 0.42865124669384436, "Ks": 1.3025790814682784e-06, "rootXDeformation": 0.0831001217637721, "rootZDeformation": 0.44886810855386466, "kcMax": 1.6678745210412529}