{"VG_alpha": 1.8218493022951439, "VG_n": 1.6, "thetaS": 0.4059552583871249, "Ks": 5.806131841825836e-07, "rootXDeformation": 0.0, "rootZDeformation": 0.39963961851996566, "kcMax": 1.5}