{"VG_alpha": 2.8320430484338868, "VG_n": 1.3389608365916579, "thetaS": 0.4752350383988492, "Ks": 5.011830869706098e-07, "rootXDeformation": 0.061398136095003, "rootZDeformation": 0.8481921704807973, "kcMax": 1.75912763053161}