{"VG_alpha": 2.5315259806876638, "VG_n": 1.4274204187493833, "thetaS": 0.4340464897196667, "Ks": 7.256716540113388e-07, "rootXDeformation": 0.29225862255079393, "rootZDeformation": 0.7254323284407186, "kcMax": 1.6533155440967948}