{"VG_alpha": 1.4566170317970193, "VG_n": 1.5603572633361544, "thetaS": 0.39963764546980424, "Ks": 3.5864920973419804e-07, "rootXDeformation": 0.0, "rootZDeformation": 0.2919175316881187, "kcMax": 1.8574165666912623}