{"VG_alpha": 1.5689364228674272, "VG_n": 1.4384683699993879, "thetaS": 0.39006278669215005, "Ks": 7.003656033629423e-07, "rootXDeformation": 0.0, "rootZDeformation": 0.274297597946066, "kcMax": 2.231939082993695}