{"VG_alpha": 2.7238888291350327, "VG_n": 1.4230697288086205, "thetaS": 0.4578513559433621, "Ks": 2.8656139706983054e-07, "rootXDeformation": 0.23662106102719782, "rootZDeformation": 0.8945080828782208, "kcMax": 1.511336355049574}