{"VG_alpha": 2.8306482609542116, "VG_n": 1.3548445675677843, "thetaS": 0.47569386386162593, "Ks": 4.2743182160272456e-07, "rootXDeformation": 0.16361065540261183, "rootZDeformation": 0.8869566463680343, "kcMax": 1.7497695070000334}