{"VG_alpha": 1.7501989155776498, "VG_n": 1.374016374008927, "thetaS": 0.41279047826846277, "Ks": 1.1115793548154638e-06, "rootXDeformation": 0.03935620418503256, "rootZDeformation": 0.40581590291830305, "kcMax": 2.2055903777787105}