{"VG_alpha": 2.7142783281081577, "VG_n": 1.4062040773135864, "thetaS": 0.43918507616669655, "Ks": 6.269812473410923e-07, "rootXDeformation": 0.003463163587712176, "rootZDeformation": 0.7588462385995489, "kcMax": 1.8374589434196655}