{"VG_alpha": 1.5999747241719953, "VG_n": 1.5782495832566041, "thetaS": 0.41760727854571417, "Ks": 1.0562121874117802e-06, "rootXDeformation": 0.05970239395960001, "rootZDeformation": 0.29123111864700557, "kcMax": 1.883331680545697}