{"VG_alpha": 1.8446664527274548, "VG_n": 1.4951917064536333, "thetaS": 0.41283599037610674, "Ks": 8.429138083139509e-07, "rootXDeformation": 0.0, "rootZDeformation": 0.3773035337360339, "kcMax": 1.809269749430216}