{"VG_alpha": 2.7486701451458764, "VG_n": 1.3755165976757757, "thetaS": 0.4501540512893679, "Ks": 2.9456941727747833e-07, "rootXDeformation": 0.20435382503797958, "rootZDeformation": 0.8024374219435635, "kcMax": 1.890954693084422}