{"VG_alpha": 1.8522937285760377, "VG_n": 1.5608715877089996, "thetaS": 0.3968466349827832, "Ks": 1.326310941903197e-06, "rootXDeformation": 0.0, "rootZDeformation": 0.2934745600635079, "kcMax": 1.9641473893328587}