{"VG_alpha": 1.3876532714284784, "VG_n": 1.5821471410533419, "thetaS": 0.3874185111011773, "Ks": 1.1413929142100586e-06, "rootXDeformation": 0.0, "rootZDeformation": 0.357376432062818, "kcMax": 1.802011358974272}