{"VG_alpha": 1.5694147269316312, "VG_n": 1.467835190728371, "thetaS": 0.47148295164730897, "Ks": 3.0993136857109996e-07, "rootXDeformation": 0.0, "rootZDeformation": 0.4700677685549016, "kcMax": 1.6313554349353163}