{"VG_alpha": 1.7370159741404778, "VG_n": 1.5807951361788435, "thetaS": 0.40535904749790475, "Ks": 8.1279711716214e-07, "rootXDeformation": 0.09990489079104103, "rootZDeformation": 0.40163159344665555, "kcMax": 2.0454393515635294}