{"VG_alpha": 1.6872040558819148, "VG_n": 1.5583987515975082, "thetaS": 0.4402795697362354, "Ks": 5.986402063376455e-07, "rootXDeformation": 0.09266159333815739, "rootZDeformation": 0.5754076383581892, "kcMax": 1.786597633613285}