{"VG_alpha": 2.178830848894205, "VG_n": 1.1713939129845659, "thetaS": 0.4875830585157943, "Ks": 5.82085843681725e-07, "rootXDeformation": 0.16367252036708732, "rootZDeformation": 0.567625387237161, "kcMax": 1.6789451510701916}