{"VG_alpha": 2.14082630396891, "VG_n": 1.5284482549189062, "thetaS": 0.40977736072080573, "Ks": 4.6483432548505107e-07, "rootXDeformation": 0.13738889545312005, "rootZDeformation": 0.39021288790094144, "kcMax": 1.6165488418831293}