{"VG_alpha": 2.7895660113036005, "VG_n": 1.3236051340837478, "thetaS": 0.4452340243704079, "Ks": 4.7173719447867695e-07, "rootXDeformation": 0.407913230874953, "rootZDeformation": 0.7682468362447982, "kcMax": 1.8196905635275895}