{"VG_alpha": 2.0092209774145764, "VG_n": 1.4995322524895864, "thetaS": 0.41107369930713783, "Ks": 1.5558022965750529e-06, "rootXDeformation": 0.0, "rootZDeformation": 0.2533866979343373, "kcMax": 1.9906741098735319}