{"VG_alpha": 1.5220619277964311, "VG_n": 1.4787415905424997, "thetaS": 0.390491058571457, "Ks": 4.1233156809204883e-07, "rootXDeformation": 0.04689389485483838, "rootZDeformation": 0.3053432728236706, "kcMax": 1.853264688336635}