{"VG_alpha": 2.2907044868970807, "VG_n": 1.395436500757711, "thetaS": 0.4722133532665054, "Ks": 6.085100659402886e-07, "rootXDeformation": 0.22427085812955028, "rootZDeformation": 0.8791440504153549, "kcMax": 2.0388303713726983}