{"VG_alpha": 1.76175634493979, "VG_n": 1.5414108769328734, "thetaS": 0.43351520423548884, "Ks": 8.199154997496815e-07, "rootXDeformation": 0.0, "rootZDeformation": 0.3782330539051149, "kcMax": 2.065283631186582}