{"VG_alpha": 2.5723227524306793, "VG_n": 1.2983896312061418, "thetaS": 0.4769725127630675, "Ks": 4.5696213452065373e-07, "rootXDeformation": 0.38129526955747434, "rootZDeformation": 0.6760730480095639, "kcMax": 1.6034465743613304}