{"VG_alpha": 1.8009800263186568, "VG_n": 1.5493328518461797, "thetaS": 0.41864327473037877, "Ks": 1.0780400162768262e-06, "rootXDeformation": 0.14143915817550584, "rootZDeformation": 0.30582737166538776, "kcMax": 1.9134654244255}