{"VG_alpha": 2.655372830283288, "VG_n": 1.321536967718001, "thetaS": 0.43917082768704496, "Ks": 9.891229200565256e-07, "rootXDeformation": 0.1580288690499655, "rootZDeformation": 0.9347191115165108, "kcMax": 1.5274904446227586}