{"VG_alpha": 2.0491775002943116, "VG_n": 1.1660452855548753, "thetaS": 0.4994306793435882, "Ks": 1.8366680486546531e-07, "rootXDeformation": 0.21555942329272687, "rootZDeformation": 0.7554371643058044, "kcMax": 1.832242000115675}