{"VG_alpha": 2.1148647320859846, "VG_n": 1.5391391937128347, "thetaS": 0.38511108539132227, "Ks": 1.052805560011552e-06, "rootXDeformation": 0.16048177944613742, "rootZDeformation": 0.38254508533873915, "kcMax": 1.6064100527789618}