{"VG_alpha": 2.0959214444631575, "VG_n": 1.4522493030255583, "thetaS": 0.3926680007296539, "Ks": 1.0993181187283787e-06, "rootXDeformation": 0.2627045618159413, "rootZDeformation": 0.21807571949829746, "kcMax": 1.771150866302232}