{"VG_alpha": 2.589837704538207, "VG_n": 1.21671648221365, "thetaS": 0.4841582766046091, "Ks": 4.0136311533286305e-07, "rootXDeformation": 0.09422461511158206, "rootZDeformation": 0.8588983337325683, "kcMax": 1.9170988940326348}