{"VG_alpha": 2.272167684347652, "VG_n": 1.258655330303443, "thetaS": 0.48205644728760977, "Ks": 4.007411987130169e-07, "rootXDeformation": 0.16986124942487585, "rootZDeformation": 0.7259937285384501, "kcMax": 1.7317798031503646}