{"VG_alpha": 1.8957734524390752, "VG_n": 1.4822687450620036, "thetaS": 0.43983699478233973, "Ks": 9.985074600560247e-07, "rootXDeformation": 0.0, "rootZDeformation": 0.3775123275908382, "kcMax": 1.991613983693431}