{"VG_alpha": 2.094909401695232, "VG_n": 1.4729112156543045, "thetaS": 0.3936625232264658, "Ks": 8.687655341421447e-07, "rootXDeformation": 0.19930078089586395, "rootZDeformation": 0.19303140134949542, "kcMax": 1.5624879731978807}