{"VG_alpha": 1.607522345225572, "VG_n": 1.5286719223292957, "thetaS": 0.4073060117011408, "Ks": 4.013468088700243e-07, "rootXDeformation": 0.0, "rootZDeformation": 0.2975253942456544, "kcMax": 1.5}