{"VG_alpha": 2.436741806836314, "VG_n": 1.3217172010925953, "thetaS": 0.49470370854026446, "Ks": 8.234158655084618e-07, "rootXDeformation": 0.09798655087893197, "rootZDeformation": 0.689450792473298, "kcMax": 2.061182078131826}