{"VG_alpha": 1.5841764100202949, "VG_n": 1.5312153691704418, "thetaS": 0.41345380247038155, "Ks": 1.178302010723166e-06, "rootXDeformation": 0.09012138979720025, "rootZDeformation": 0.3177082325412762, "kcMax": 1.8710068929659922}