{"VG_alpha": 1.8165148149898043, "VG_n": 1.5635015194918749, "thetaS": 0.42098288046250787, "Ks": 1.1640031709737294e-06, "rootXDeformation": 0.06525836529430813, "rootZDeformation": 0.44326024599632896, "kcMax": 2.0412175188762}