{"VG_alpha": 2.0790817529745516, "VG_n": 1.5747895750312757, "thetaS": 0.420458123721054, "Ks": 1.2428851753299417e-06, "rootXDeformation": 0.0, "rootZDeformation": 0.42619670734506143, "kcMax": 1.8408717429529535}