{"VG_alpha": 1.6021878579202324, "VG_n": 1.476837677036725, "thetaS": 0.4223336337765238, "Ks": 8.046130727165618e-07, "rootXDeformation": 0.02233203431943582, "rootZDeformation": 0.3411460217220177, "kcMax": 2.073026401291407}