{"VG_alpha": 1.7274783971865937, "VG_n": 1.5139050262822233, "thetaS": 0.3967653671874648, "Ks": 1.5910848711225864e-06, "rootXDeformation": 0.14675770351034237, "rootZDeformation": 0.14865136820564132, "kcMax": 1.866868101272903}