{"VG_alpha": 2.216592080345988, "VG_n": 1.2934380996431625, "thetaS": 0.457501859569808, "Ks": 3.599819537899397e-07, "rootXDeformation": 0.14067798405983004, "rootZDeformation": 0.8083251065572682, "kcMax": 1.7317051785366895}