{"VG_alpha": 2.597635586741407, "VG_n": 1.299242597720999, "thetaS": 0.47542729059073374, "Ks": 6.46704565692419e-07, "rootXDeformation": 0.01925681875497487, "rootZDeformation": 0.7310607781210661, "kcMax": 1.93155105861077}