{"VG_alpha": 1.547738931747496, "VG_n": 1.4565844191258832, "thetaS": 0.4000457407216847, "Ks": 6.716917015127229e-07, "rootXDeformation": 0.03637351574373561, "rootZDeformation": 0.46737186898525696, "kcMax": 1.949338521654142}