{"VG_alpha": 2.5050257031390313, "VG_n": 1.4553426628891182, "thetaS": 0.4345462127761381, "Ks": 1.052208845734516e-06, "rootXDeformation": 0.06183210788472148, "rootZDeformation": 0.819294436924161, "kcMax": 1.774974182518238}