{"VG_alpha": 1.539740485046909, "VG_n": 1.4486735356463813, "thetaS": 0.4214696717510849, "Ks": 7.612635151071078e-07, "rootXDeformation": 0.012902329537141795, "rootZDeformation": 0.23375215055212042, "kcMax": 1.6727600900789328}