{"VG_alpha": 2.050222478334916, "VG_n": 1.317135755675062, "thetaS": 0.46870717233232473, "Ks": 3.060343407919055e-07, "rootXDeformation": 0.0, "rootZDeformation": 0.32057298789997746, "kcMax": 1.5356586017607428}