{"VG_alpha": 1.6814704370908542, "VG_n": 1.5584378904064768, "thetaS": 0.42912905752034014, "Ks": 8.520088193866884e-07, "rootXDeformation": 0.029514468856136733, "rootZDeformation": 0.24389514562042636, "kcMax": 1.77177806815213}