{"VG_alpha": 2.459167038600551, "VG_n": 1.4568300250157828, "thetaS": 0.45891390056744547, "Ks": 1.6260496071138387e-06, "rootXDeformation": 0.024745945664028685, "rootZDeformation": 0.681291467890198, "kcMax": 2.161058487314017}