{"VG_alpha": 2.1120826755622155, "VG_n": 1.2716903311417396, "thetaS": 0.49751997061097264, "Ks": 2.255722500344872e-07, "rootXDeformation": 0.3508817642033187, "rootZDeformation": 0.46531358194612876, "kcMax": 1.5051753093024982}