{"VG_alpha": 1.8542254299637813, "VG_n": 1.5260721995021975, "thetaS": 0.39173226750415574, "Ks": 3.7382333675138305e-07, "rootXDeformation": 0.0, "rootZDeformation": 0.4150622650183535, "kcMax": 1.6121123508000976}