{"VG_alpha": 1.8713374861468397, "VG_n": 1.2981701493423592, "thetaS": 0.4668381047735876, "Ks": 7.018188573783469e-07, "rootXDeformation": 0.01617039330022925, "rootZDeformation": 0.3568994520844546, "kcMax": 1.5714917711121794}