{"VG_alpha": 1.7279631641637794, "VG_n": 1.1876902766862818, "thetaS": 0.5, "Ks": 7.256097195206413e-07, "rootXDeformation": 0.2672251929636226, "rootZDeformation": 0.7957081877427004, "kcMax": 1.7398385662705975}