{"VG_alpha": 1.8077193396147933, "VG_n": 1.4158620887863642, "thetaS": 0.39031205176005174, "Ks": 8.957448395195161e-07, "rootXDeformation": 0.024589844323090693, "rootZDeformation": 0.4024768424011392, "kcMax": 1.8646685954370135}