{"VG_alpha": 1.711602690896303, "VG_n": 1.5109802990252859, "thetaS": 0.4163017074269564, "Ks": 1.8677981128484387e-06, "rootXDeformation": 0.11937117112543409, "rootZDeformation": 0.3216171242781548, "kcMax": 1.9604297016875996}