{"VG_alpha": 2.481218026012785, "VG_n": 1.2469924767628522, "thetaS": 0.49296285268524753, "Ks": 4.7654723328752336e-07, "rootXDeformation": 0.0, "rootZDeformation": 1.0, "kcMax": 2.180377629869043}