{"VG_alpha": 1.7263391187137225, "VG_n": 1.5195040118623921, "thetaS": 0.4235707252367842, "Ks": 6.939449786739828e-07, "rootXDeformation": 0.0, "rootZDeformation": 0.4028244244666088, "kcMax": 1.8533836558255712}