{"VG_alpha": 2.271676523748978, "VG_n": 1.3209846087710833, "thetaS": 0.5, "Ks": 3.8932762183903326e-07, "rootXDeformation": 0.0, "rootZDeformation": 1.0, "kcMax": 1.9286532689359885}