{"VG_alpha": 2.424267874595929, "VG_n": 1.3358192113971172, "thetaS": 0.48710904991311843, "Ks": 2.4251983548388365e-06, "rootXDeformation": 0.04164570808823459, "rootZDeformation": 0.14612360562832882, "kcMax": 2.9706441024720744}