{"VG_alpha": 2.011852801641423, "VG_n": 1.4684979279519976, "thetaS": 0.41709082739819947, "Ks": 1.0314927534454096e-06, "rootXDeformation": 0.07960117944956652, "rootZDeformation": 0.3759912724450649, "kcMax": 1.8623019236780094}