{"VG_alpha": 1.903736832021781, "VG_n": 1.403607930949747, "thetaS": 0.3590742867184569, "Ks": 3.371130410037997e-07, "rootXDeformation": 0.0, "rootZDeformation": 0.3541430627089317, "kcMax": 1.871019739749665}