{"VG_alpha": 2.5715948157590702, "VG_n": 1.229691469401767, "thetaS": 0.4547560306851777, "Ks": 6.002191760239222e-07, "rootXDeformation": 0.09422928347023063, "rootZDeformation": 0.8841622205238925, "kcMax": 1.973035075802064}