{"VG_alpha": 1.960892294195947, "VG_n": 1.5320533475251743, "thetaS": 0.38734073267961494, "Ks": 7.133790738543792e-07, "rootXDeformation": 0.2506550927433615, "rootZDeformation": 0.19375212766377212, "kcMax": 1.6361576206910315}