{"VG_alpha": 2.2958099190325165, "VG_n": 1.310761469235584, "thetaS": 0.46078667826274533, "Ks": 6.64319164440719e-07, "rootXDeformation": 0.14892814857931236, "rootZDeformation": 0.789562499902896, "kcMax": 1.8501640702020903}