{"VG_alpha": 2.000479728479039, "VG_n": 1.2464954298647621, "thetaS": 0.5, "Ks": 2.514644748704048e-07, "rootXDeformation": 0.1527096444356968, "rootZDeformation": 0.832783061530582, "kcMax": 1.8434822546542313}