{"VG_alpha": 2.3846006428821758, "VG_n": 1.366703182742012, "thetaS": 0.44750980322002465, "Ks": 8.186663230032664e-07, "rootXDeformation": 0.26611769656310036, "rootZDeformation": 0.6436330431961643, "kcMax": 2.037032704671774}