{"VG_alpha": 1.7219902535946348, "VG_n": 1.2843024007535877, "thetaS": 0.5, "Ks": 2.540308473034381e-07, "rootXDeformation": 0.1362110588139355, "rootZDeformation": 0.6830674781834981, "kcMax": 1.5}