{"VG_alpha": 2.702576388118035, "VG_n": 1.3417463276337624, "thetaS": 0.41334876840995183, "Ks": 3.5020705275540385e-07, "rootXDeformation": 0.17133817184575734, "rootZDeformation": 0.7465966043359675, "kcMax": 1.9305304467207751}