{"VG_alpha": 1.9199021853531804, "VG_n": 1.5214684135459708, "thetaS": 0.38847260312657916, "Ks": 5.336998067792257e-07, "rootXDeformation": 0.12645525290135223, "rootZDeformation": 0.4083654607891309, "kcMax": 1.914738322305878}