{"VG_alpha": 1.8458487079415251, "VG_n": 1.510398973302095, "thetaS": 0.41308494244682276, "Ks": 8.780430895579652e-07, "rootXDeformation": 0.0016218246553532118, "rootZDeformation": 0.4647566505115702, "kcMax": 1.9950710120989412}