{"VG_alpha": 1.412184358573953, "VG_n": 1.6, "thetaS": 0.4111980647654492, "Ks": 4.529057103158989e-07, "rootXDeformation": 0.0, "rootZDeformation": 0.36479436779691843, "kcMax": 1.6629891640545058}