{"VG_alpha": 2.108308632732181, "VG_n": 1.3194662289224715, "thetaS": 0.4754006404231526, "Ks": 3.4314446238771067e-07, "rootXDeformation": 0.004685242399765671, "rootZDeformation": 0.5838462180281442, "kcMax": 1.5221854605557152}