{"VG_alpha": 1.9725414556182264, "VG_n": 1.5109027346924149, "thetaS": 0.42249661701864766, "Ks": 1.5026955711427085e-06, "rootXDeformation": 0.09377888131134275, "rootZDeformation": 0.1504665911345236, "kcMax": 2.0498144176588133}