{"VG_alpha": 2.120944194993835, "VG_n": 1.4559894667374005, "thetaS": 0.3857449033034817, "Ks": 6.092610098843569e-07, "rootXDeformation": 0.1369358549726758, "rootZDeformation": 0.1812924038070023, "kcMax": 1.96442318468252}