{"VG_alpha": 1.7923203396703997, "VG_n": 1.2808832666206755, "thetaS": 0.4983411458540866, "Ks": 1.8984860194127786e-07, "rootXDeformation": 0.1637857739439558, "rootZDeformation": 0.5747182251162813, "kcMax": 1.6948333256946597}