{"VG_alpha": 2.119749361827319, "VG_n": 1.495145791161451, "thetaS": 0.3952195243526578, "Ks": 1.3782452201281452e-06, "rootXDeformation": 0.2547688491177691, "rootZDeformation": 0.24859974777371505, "kcMax": 1.6979332041354782}