{"VG_alpha": 2.3453357526487086, "VG_n": 1.48963909271205, "thetaS": 0.43831087813312863, "Ks": 9.546891634939957e-07, "rootXDeformation": 0.12384028106709087, "rootZDeformation": 0.3358146166515183, "kcMax": 1.9231876857726387}