{"VG_alpha": 1.575462290349533, "VG_n": 1.492177953493759, "thetaS": 0.4144730073082084, "Ks": 4.832874953519327e-07, "rootXDeformation": 0.0, "rootZDeformation": 0.3254088331428976, "kcMax": 1.7996414148938038}