{"VG_alpha": 2.3079253290166597, "VG_n": 1.253007482314628, "thetaS": 0.48236858228093804, "Ks": 4.422648633709378e-07, "rootXDeformation": 0.16313481197595925, "rootZDeformation": 0.7586855821282015, "kcMax": 1.730715397789985}