{"VG_alpha": 1.7636595725161897, "VG_n": 1.534418431854286, "thetaS": 0.4211069999835815, "Ks": 8.649280063131973e-07, "rootXDeformation": 0.015568146755744972, "rootZDeformation": 0.3543258980659983, "kcMax": 1.8834245401255356}