{"VG_alpha": 1.7852912993270424, "VG_n": 1.5464932676548893, "thetaS": 0.41788263656398117, "Ks": 1.2051756836930838e-06, "rootXDeformation": 0.1332919490925472, "rootZDeformation": 0.3015349922456934, "kcMax": 1.7695882155149685}