{"VG_alpha": 1.9165811867812306, "VG_n": 1.4671453850683753, "thetaS": 0.4098904089090993, "Ks": 7.691247216949913e-07, "rootXDeformation": 0.22664500250020014, "rootZDeformation": 0.4851709610524929, "kcMax": 1.9131834669579724}