{"VG_alpha": 2.5422133042578876, "VG_n": 1.378461439198911, "thetaS": 0.4795837811832536, "Ks": 5.564295397333659e-07, "rootXDeformation": 0.23109822750468234, "rootZDeformation": 0.6941969791126891, "kcMax": 2.3029397056924625}