{"VG_alpha": 1.946355134812742, "VG_n": 1.307249371328062, "thetaS": 0.4601026349872732, "Ks": 7.489512493668711e-07, "rootXDeformation": 0.0, "rootZDeformation": 0.40826835925611177, "kcMax": 1.6071109603912783}