{"VG_alpha": 1.4286053408311825, "VG_n": 1.5457185060048673, "thetaS": 0.41325968087082965, "Ks": 5.29525488547594e-07, "rootXDeformation": 0.2099347846208046, "rootZDeformation": 0.34466678697050307, "kcMax": 1.7335164573255106}