{"VG_alpha": 1.234793857404767, "VG_n": 1.178829242518708, "thetaS": 0.44898364826884396, "Ks": 5.153346273589282e-07, "rootXDeformation": 0.3338283198070258, "rootZDeformation": 0.9105972354407831, "kcMax": 2.3930242056137785}