{"VG_alpha": 1.6849960796403, "VG_n": 1.5959219784377483, "thetaS": 0.4153450065523568, "Ks": 1.169871194922819e-06, "rootXDeformation": 0.19858917113455776, "rootZDeformation": 0.2239192599421162, "kcMax": 1.8437972764168302}