{"VG_alpha": 2.5159456032745586, "VG_n": 1.3652562053544304, "thetaS": 0.43489670693934, "Ks": 9.442192907869573e-07, "rootXDeformation": 0.08102477420729647, "rootZDeformation": 0.9835431597653019, "kcMax": 1.6784532960876433}