{"VG_alpha": 2.3589360196739446, "VG_n": 1.3432192427818739, "thetaS": 0.45293445723744685, "Ks": 5.744930508894139e-07, "rootXDeformation": 0.0024861384815942356, "rootZDeformation": 0.9505521980233889, "kcMax": 1.569144559765518}