{"VG_alpha": 2.5055879215007995, "VG_n": 1.1491119650860986, "thetaS": 0.30110685570570966, "Ks": 3.0837228551048577e-07, "rootXDeformation": 0.25881342488737585, "rootZDeformation": 0.6671944757543959, "kcMax": 1.9255282500272362}