{"VG_alpha": 1.7073409884293778, "VG_n": 1.3312897272366084, "thetaS": 0.3646084800537664, "Ks": 1.040566363343845e-06, "rootXDeformation": 0.45256301384017816, "rootZDeformation": 0.38212741758603663, "kcMax": 2.3814498378683076}