{"VG_alpha": 2.469676142834187, "VG_n": 1.3606013943918414, "thetaS": 0.4984619434461223, "Ks": 8.331761353563456e-07, "rootXDeformation": 0.0, "rootZDeformation": 0.5019665554476092, "kcMax": 2.030458402096226}