{"VG_alpha": 1.6108401471385774, "VG_n": 1.4881914142746158, "thetaS": 0.39294178434566057, "Ks": 1.297678271201004e-06, "rootXDeformation": 0.21338233072645296, "rootZDeformation": 0.22140767729708202, "kcMax": 1.8086679662244043}