{"VG_alpha": 2.3655045198010987, "VG_n": 1.34591674762232, "thetaS": 0.4765298360594252, "Ks": 2.758931695197789e-07, "rootXDeformation": 0.17604997848266438, "rootZDeformation": 0.8843620698397392, "kcMax": 1.7846144552305376}