{"VG_alpha": 2.7025388583648757, "VG_n": 1.402905345457794, "thetaS": 0.46954992424468595, "Ks": 1.0295141044959788e-06, "rootXDeformation": 0.21802474380087655, "rootZDeformation": 0.7089499942109492, "kcMax": 1.8810697438267114}