{"VG_alpha": 2.3143250318310287, "VG_n": 1.3403324268927823, "thetaS": 0.5, "Ks": 6.591096719194886e-07, "rootXDeformation": 0.05274113878570083, "rootZDeformation": 0.8584663262280209, "kcMax": 1.5774424778290352}