{"VG_alpha": 2.3033405158892135, "VG_n": 1.3082959428249448, "thetaS": 0.42944594445899625, "Ks": 3.119563010037217e-07, "rootXDeformation": 0.1053124408604143, "rootZDeformation": 0.7687383627888796, "kcMax": 1.899462056244891}