{"VG_alpha": 1.9400845598537917, "VG_n": 1.5471767075188025, "thetaS": 0.4172873185528554, "Ks": 9.261363040335805e-07, "rootXDeformation": 0.0, "rootZDeformation": 0.08609349420211745, "kcMax": 1.7145881374264902}