{"VG_alpha": 2.450444553644195, "VG_n": 1.3923433957078888, "thetaS": 0.4916084070088686, "Ks": 3.21453538790481e-07, "rootXDeformation": 0.845759622215128, "rootZDeformation": 0.7511044501279548, "kcMax": 2.3440093482416606}