{"VG_alpha": 1.6848835402209663, "VG_n": 1.5831587481655105, "thetaS": 0.42455010972724877, "Ks": 4.0790423964832676e-07, "rootXDeformation": 0.0, "rootZDeformation": 0.2814529390312449, "kcMax": 1.7269915183607336}