{"VG_alpha": 2.281203456285489, "VG_n": 1.522144139093419, "thetaS": 0.4127047201537462, "Ks": 1.4738935601318302e-06, "rootXDeformation": 0.2069719789841993, "rootZDeformation": 0.24585562211171272, "kcMax": 1.8281301894906588}