{"VG_alpha": 1.7762721267107064, "VG_n": 1.6, "thetaS": 0.4270607808607718, "Ks": 8.816502352569418e-07, "rootXDeformation": 0.0, "rootZDeformation": 0.20104617902710245, "kcMax": 1.8468709362731446}