{"VG_alpha": 2.048946407020229, "VG_n": 1.5984600038008137, "thetaS": 0.43686567570190293, "Ks": 7.952201292876507e-07, "rootXDeformation": 0.1575061306773043, "rootZDeformation": 0.16878761285347116, "kcMax": 1.763103008947449}