{"VG_alpha": 1.73915361999441, "VG_n": 1.50901469365566, "thetaS": 0.4037387824363999, "Ks": 1.145290763801974e-06, "rootXDeformation": 0.1831816229546629, "rootZDeformation": 0.45933270121073844, "kcMax": 1.7982995693717816}