{"VG_alpha": 2.315199559982843, "VG_n": 1.2730051343056945, "thetaS": 0.42786485245430594, "Ks": 5.856034444009488e-07, "rootXDeformation": 0.26571103164290916, "rootZDeformation": 0.6312558860406867, "kcMax": 1.830028838672555}