{"VG_alpha": 1.8474447692204459, "VG_n": 1.5147898400975914, "thetaS": 0.4161040281548168, "Ks": 4.5784373031171507e-07, "rootXDeformation": 0.25090361595126875, "rootZDeformation": 0.317877757320273, "kcMax": 1.6370974945109307}