{"VG_alpha": 1.5451515833006342, "VG_n": 1.592554776045987, "thetaS": 0.4060346742031475, "Ks": 3.4025321070271176e-07, "rootXDeformation": 0.0, "rootZDeformation": 0.2746847112280809, "kcMax": 1.6373185865576843}