{"VG_alpha": 1.7155940352583534, "VG_n": 1.5701725566933566, "thetaS": 0.41738847118711453, "Ks": 3.570957074141069e-07, "rootXDeformation": 0.0, "rootZDeformation": 0.23780696755403327, "kcMax": 1.5591921444757246}