{"VG_alpha": 1.8981777321703646, "VG_n": 1.5395978009632294, "thetaS": 0.40293569685319713, "Ks": 5.724531838032755e-07, "rootXDeformation": 0.03054534049802455, "rootZDeformation": 0.3262792371610555, "kcMax": 1.8677560807982472}