{"VG_alpha": 2.3861326906860185, "VG_n": 1.2354623735447108, "thetaS": 0.5, "Ks": 7.241342282868875e-07, "rootXDeformation": 0.17870357989346058, "rootZDeformation": 0.7182710887607109, "kcMax": 2.21964786395642}