{"VG_alpha": 2.213235250061251, "VG_n": 1.4959528412461247, "thetaS": 0.41135089228030997, "Ks": 4.575811773261735e-07, "rootXDeformation": 0.20351058927170076, "rootZDeformation": 0.35800838484520364, "kcMax": 1.904548298151818}