{"VG_alpha": 2.2692181264618845, "VG_n": 1.3398230852526367, "thetaS": 0.4222023191624712, "Ks": 5.946096344992875e-07, "rootXDeformation": 0.267022777549828, "rootZDeformation": 0.6303120246058467, "kcMax": 1.848525113405536}