{"VG_alpha": 2.0198537210711396, "VG_n": 1.4854586037616924, "thetaS": 0.459460455108817, "Ks": 1.1259343485538951e-06, "rootXDeformation": 0.15610017555720965, "rootZDeformation": 0.27057949050391245, "kcMax": 1.7337592554077002}