{"VG_alpha": 2.469011639243052, "VG_n": 1.3327601517255008, "thetaS": 0.49034019063854745, "Ks": 5.938475272445838e-07, "rootXDeformation": 0.3024838646336001, "rootZDeformation": 0.8568296935877536, "kcMax": 1.8169365780291244}