{"VG_alpha": 2.0528036510491003, "VG_n": 1.4317502870410852, "thetaS": 0.3807425804540689, "Ks": 1.273714947480365e-06, "rootXDeformation": 0.08069192062291379, "rootZDeformation": 0.3110433296339967, "kcMax": 1.7289324624724633}