{"VG_alpha": 1.7064460585357204, "VG_n": 1.5863960686370013, "thetaS": 0.3766678556817282, "Ks": 1.2070454530226845e-06, "rootXDeformation": 0.022227235250359623, "rootZDeformation": 0.3859090666350536, "kcMax": 1.6692367535461472}