{"VG_alpha": 2.356640827939967, "VG_n": 1.3851751124823384, "thetaS": 0.43674581266462803, "Ks": 5.648089147917696e-07, "rootXDeformation": 0.0, "rootZDeformation": 0.8243759516728875, "kcMax": 1.8500439036409708}