{"VG_alpha": 1.8860757321414225, "VG_n": 1.523749894429736, "thetaS": 0.44671567395886486, "Ks": 8.764959815675272e-07, "rootXDeformation": 0.06331853235155623, "rootZDeformation": 0.41333123701147945, "kcMax": 1.5822960382909605}