{"VG_alpha": 2.679318934759492, "VG_n": 1.2972203664124449, "thetaS": 0.4560391620877929, "Ks": 1.1147234306105038e-06, "rootXDeformation": 0.08752269188344242, "rootZDeformation": 0.9832050870425552, "kcMax": 2.1495707098662056}