{"VG_alpha": 2.5762869608799246, "VG_n": 1.3788228655486416, "thetaS": 0.4430052101619185, "Ks": 5.204311803721014e-07, "rootXDeformation": 0.0, "rootZDeformation": 0.7620392171398511, "kcMax": 1.9117401687281963}