{"VG_alpha": 2.3109590276179004, "VG_n": 1.2737053996053564, "thetaS": 0.47916095873396314, "Ks": 5.300330669328799e-07, "rootXDeformation": 0.195440516633886, "rootZDeformation": 0.8212209330915979, "kcMax": 2.199688334791316}