{"VG_alpha": 2.2292450903675727, "VG_n": 1.565594178400661, "thetaS": 0.4454078061723645, "Ks": 6.680154661720279e-07, "rootXDeformation": 0.04146160375160321, "rootZDeformation": 0.3043013488266629, "kcMax": 1.8732995675571875}