{"VG_alpha": 2.125236416602496, "VG_n": 1.41335431439457, "thetaS": 0.4160439191267822, "Ks": 1.0490443091883242e-06, "rootXDeformation": 0.0, "rootZDeformation": 0.32149619322570794, "kcMax": 1.7447476401023227}