{"VG_alpha": 1.7598356199678378, "VG_n": 1.442133528804917, "thetaS": 0.4014730828625328, "Ks": 5.007737144595123e-07, "rootXDeformation": 0.11857996102113955, "rootZDeformation": 0.4148449939866912, "kcMax": 1.9182555749185763}