{"VG_alpha": 1.7003053731070186, "VG_n": 1.4934747731278717, "thetaS": 0.4205234996377282, "Ks": 7.691234751311273e-07, "rootXDeformation": 0.017499411363854925, "rootZDeformation": 0.4630151449743044, "kcMax": 1.5}