{"VG_alpha": 2.5871751931721754, "VG_n": 1.29185568279672, "thetaS": 0.4539058134655044, "Ks": 4.6129331023472777e-07, "rootXDeformation": 0.3054631318137281, "rootZDeformation": 0.6260513891993091, "kcMax": 1.9478973238112156}