{"VG_alpha": 1.9948784077783157, "VG_n": 1.5013278452912602, "thetaS": 0.4120826040661526, "Ks": 5.632808072550074e-07, "rootXDeformation": 0.0, "rootZDeformation": 0.49374273212743974, "kcMax": 1.5984430621577626}