{"VG_alpha": 2.487350922986609, "VG_n": 1.4079720286404798, "thetaS": 0.4665040781111302, "Ks": 9.363094038173733e-07, "rootXDeformation": 0.017269521864403378, "rootZDeformation": 0.6606304961858851, "kcMax": 1.902716292307232}