{"VG_alpha": 2.634109157203682, "VG_n": 1.3243517364256496, "thetaS": 0.398462329766297, "Ks": 7.334577012648073e-07, "rootXDeformation": 0.08400404138742443, "rootZDeformation": 0.7527648553768574, "kcMax": 1.8094140418697344}