{"VG_alpha": 2.1914096588152567, "VG_n": 1.4026062625908389, "thetaS": 0.4366362387345084, "Ks": 6.115474976733205e-07, "rootXDeformation": 0.0, "rootZDeformation": 0.5098772789509121, "kcMax": 1.7604435424742524}