{"VG_alpha": 1.321461256472718, "VG_n": 1.2063415382047413, "thetaS": 0.5, "Ks": 4.07158274944909e-07, "rootXDeformation": 0.07076844988931774, "rootZDeformation": 0.8131355906244659, "kcMax": 1.5860086070699988}