{"VG_alpha": 1.6452375806502613, "VG_n": 1.4533142845243139, "thetaS": 0.3841786843872938, "Ks": 1.13706711758951e-06, "rootXDeformation": 0.0, "rootZDeformation": 0.19811245721253962, "kcMax": 2.0997175840740425}