{"VG_alpha": 1.5717434316393386, "VG_n": 1.531301854112171, "thetaS": 0.4314422571808654, "Ks": 3.52231851088048e-07, "rootXDeformation": 0.02162479607967874, "rootZDeformation": 0.44731108017847543, "kcMax": 1.5611436983996565}