{"VG_alpha": 2.4023318423447524, "VG_n": 1.293116674830793, "thetaS": 0.4572788774520233, "Ks": 5.398508996174719e-07, "rootXDeformation": 0.10270710662331825, "rootZDeformation": 0.9746646368283353, "kcMax": 1.9983823698070744}