{"VG_alpha": 2.1724729081158833, "VG_n": 1.5620758648174884, "thetaS": 0.4148952972325372, "Ks": 7.70094525376186e-07, "rootXDeformation": 0.014166173188985776, "rootZDeformation": 0.11263967442247932, "kcMax": 1.9351868839604771}