{"VG_alpha": 1.9954318193841938, "VG_n": 1.5464549358163033, "thetaS": 0.415029211292819, "Ks": 8.822407387154627e-07, "rootXDeformation": 0.0, "rootZDeformation": 0.3961188532714803, "kcMax": 1.7917746304070046}