{"VG_alpha": 2.778748953456277, "VG_n": 1.3466676143658836, "thetaS": 0.40801826625530824, "Ks": 1.0283168454616874e-06, "rootXDeformation": 0.22735942148032087, "rootZDeformation": 0.7206910936304487, "kcMax": 1.8139211394195414}