{"VG_alpha": 2.495937298593107, "VG_n": 1.2847322620507535, "thetaS": 0.4339868757453921, "Ks": 4.2981125473865223e-07, "rootXDeformation": 0.02346436426126358, "rootZDeformation": 0.6950468525391997, "kcMax": 1.713140712619592}