{"VG_alpha": 1.8626013438747262, "VG_n": 1.388089726650755, "thetaS": 0.4637886563581578, "Ks": 4.3060324394125585e-07, "rootXDeformation": 0.020213991514097796, "rootZDeformation": 0.43993308763692174, "kcMax": 1.6560074454581812}