{"VG_alpha": 1.9757595045509444, "VG_n": 1.534858234278136, "thetaS": 0.4249188685314495, "Ks": 6.297785266120974e-07, "rootXDeformation": 0.0305550879000094, "rootZDeformation": 0.39395753290561836, "kcMax": 1.9620550792843978}