{"VG_alpha": 1.6325594648811133, "VG_n": 1.463233173099988, "thetaS": 0.4280583837612124, "Ks": 6.90866372925659e-07, "rootXDeformation": 0.07705972524211044, "rootZDeformation": 0.10701186690110265, "kcMax": 1.7967362785134413}