{"VG_alpha": 1.9705900144935997, "VG_n": 1.4905721981574418, "thetaS": 0.38046205350308976, "Ks": 8.126840762208072e-07, "rootXDeformation": 0.11877744264883876, "rootZDeformation": 0.15793321824313092, "kcMax": 2.045475566093502}