{"VG_alpha": 1.5692407615025012, "VG_n": 1.5026925233846495, "thetaS": 0.4109568739641343, "Ks": 1.2286684915460213e-06, "rootXDeformation": 0.18814049094159782, "rootZDeformation": 0.3142358463172761, "kcMax": 2.008889445890518}