{"VG_alpha": 1.6854807342521603, "VG_n": 1.3938681354959495, "thetaS": 0.4672442875459992, "Ks": 3.594411452872209e-07, "rootXDeformation": 0.09602616058605482, "rootZDeformation": 0.3913235971957514, "kcMax": 1.5}