{"VG_alpha": 1.8278429154834763, "VG_n": 1.5723853578920026, "thetaS": 0.4291707065798244, "Ks": 6.682913470429747e-07, "rootXDeformation": 0.08717283857971696, "rootZDeformation": 0.29672767127193517, "kcMax": 1.8198456738457924}