{"VG_alpha": 1.8266679147325013, "VG_n": 1.4793386424117263, "thetaS": 0.4351733539481829, "Ks": 7.182701535795959e-07, "rootXDeformation": 0.05190440202712184, "rootZDeformation": 0.580627888246686, "kcMax": 1.5}