{"VG_alpha": 1.8102405533846, "VG_n": 1.3933093458143688, "thetaS": 0.497732785867371, "Ks": 4.5639884023647753e-07, "rootXDeformation": 0.0, "rootZDeformation": 0.5002339252775628, "kcMax": 1.5}