{"VG_alpha": 1.7652429891781036, "VG_n": 1.5144052671160866, "thetaS": 0.4058501489543037, "Ks": 5.989170896859341e-07, "rootXDeformation": 0.13884464208959935, "rootZDeformation": 0.13709444257970171, "kcMax": 2.067775709669336}