{"VG_alpha": 2.4369557975566645, "VG_n": 1.3464698303801146, "thetaS": 0.44775107077402365, "Ks": 2.781611724050787e-07, "rootXDeformation": 0.17187816171018078, "rootZDeformation": 0.8687791489236807, "kcMax": 1.6994831161224835}