{"VG_alpha": 1.754335495039836, "VG_n": 1.5496621365742942, "thetaS": 0.39317975549561757, "Ks": 9.778535967239474e-07, "rootXDeformation": 0.0, "rootZDeformation": 0.3242982993360835, "kcMax": 2.0126983212360163}