{"VG_alpha": 1.847618960383381, "VG_n": 1.5345217009204701, "thetaS": 0.41746632736734485, "Ks": 7.320141365232546e-07, "rootXDeformation": 0.05689088393547009, "rootZDeformation": 0.3549593734448943, "kcMax": 1.9766201771537628}