{"VG_alpha": 2.7208645097895574, "VG_n": 1.3838273304872075, "thetaS": 0.45105353090029726, "Ks": 6.885481141237088e-07, "rootXDeformation": 0.11336522135475423, "rootZDeformation": 0.731137032113171, "kcMax": 1.5224324303542132}