{"VG_alpha": 1.2785321494994875, "VG_n": 1.5041512876380447, "thetaS": 0.44786978665592747, "Ks": 5.353867694330529e-07, "rootXDeformation": 0.1297922827431489, "rootZDeformation": 0.31324349144212266, "kcMax": 2.0701618277088816}