{"VG_alpha": 2.1911252394421217, "VG_n": 1.3934413403114585, "thetaS": 0.5, "Ks": 1.0539997719990246e-06, "rootXDeformation": 0.0, "rootZDeformation": 0.7266049887752138, "kcMax": 2.087932222513084}