{"VG_alpha": 2.1450630557387194, "VG_n": 1.503341793561892, "thetaS": 0.41087602003499823, "Ks": 3.813658029695503e-07, "rootXDeformation": 0.06272480387496089, "rootZDeformation": 0.24964733097645553, "kcMax": 1.667341902696863}