{"VG_alpha": 1.5365466482058787, "VG_n": 1.3387282325234087, "thetaS": 0.443273170527178, "Ks": 4.0380891734140235e-07, "rootXDeformation": 0.5521108197907777, "rootZDeformation": 0.8898128639827587, "kcMax": 2.130666092504498}