{"VG_alpha": 2.0968301266671845, "VG_n": 1.5721885637822608, "thetaS": 0.4257046445994218, "Ks": 1.4224275486588992e-06, "rootXDeformation": 0.06351601397925544, "rootZDeformation": 0.1564194612679191, "kcMax": 1.7095160294658862}