{"VG_alpha": 1.9299605203306371, "VG_n": 1.4362477270353053, "thetaS": 0.4518182487388205, "Ks": 9.775112677284636e-07, "rootXDeformation": 0.06602584638619154, "rootZDeformation": 0.28453248576734164, "kcMax": 1.6556031153366648}