{"VG_alpha": 1.9247913783413013, "VG_n": 1.4754689088578106, "thetaS": 0.3896344695888986, "Ks": 5.252122272442148e-07, "rootXDeformation": 0.2147318245826486, "rootZDeformation": 0.3746106535164718, "kcMax": 1.977413313453921}