{"VG_alpha": 1.7607443021718647, "VG_n": 1.5620727895616195, "thetaS": 0.4345097267323007, "Ks": 6.479601445261498e-07, "rootXDeformation": 0.0, "rootZDeformation": 0.3531887357563129, "kcMax": 1.8566207380822306}