{"VG_alpha": 1.7369163848077036, "VG_n": 1.519176301425727, "thetaS": 0.43195820310929683, "Ks": 5.1682698890494e-07, "rootXDeformation": 0.0, "rootZDeformation": 0.32266470748089526, "kcMax": 1.9298384002489843}