{"VG_alpha": 1.824527584025625, "VG_n": 1.5359717043108736, "thetaS": 0.4050764249553048, "Ks": 4.214828856324652e-07, "rootXDeformation": 0.030941013164272793, "rootZDeformation": 0.437656789249803, "kcMax": 1.8072659074572162}