{"VG_alpha": 2.11723798357629, "VG_n": 1.3137041251227584, "thetaS": 0.5, "Ks": 6.91512922362428e-07, "rootXDeformation": 0.0, "rootZDeformation": 1.0, "kcMax": 2.0653414398780825}