{"VG_alpha": 2.9473947938470206, "VG_n": 1.2804350582463686, "thetaS": 0.4597515302123651, "Ks": 9.838385669881365e-07, "rootXDeformation": 0.20598369926216387, "rootZDeformation": 0.7844428389136526, "kcMax": 1.7259153578730193}