{"VG_alpha": 2.5650792208735886, "VG_n": 1.3095848488105517, "thetaS": 0.4230831974705689, "Ks": 2.971951750687042e-07, "rootXDeformation": 0.20110240371897664, "rootZDeformation": 0.870968157571365, "kcMax": 1.928768786678056}