{"VG_alpha": 1.8582440807714464, "VG_n": 1.3712379010662747, "thetaS": 0.3939732914559786, "Ks": 6.460451083222305e-07, "rootXDeformation": 0.17959532934738595, "rootZDeformation": 0.4999834852839032, "kcMax": 1.673885087926361}