{"VG_alpha": 1.8672655103820754, "VG_n": 1.4962805999996585, "thetaS": 0.38270038697173425, "Ks": 6.07466548189954e-07, "rootXDeformation": 0.15520781544680956, "rootZDeformation": 0.28655732551812574, "kcMax": 1.8563074132911623}