{"VG_alpha": 2.382209075139774, "VG_n": 1.2825547101011654, "thetaS": 0.46891982202948873, "Ks": 6.31601332693064e-07, "rootXDeformation": 0.17412785375450282, "rootZDeformation": 0.8614822196605241, "kcMax": 1.7137614216399302}