{"VG_alpha": 2.562931624556479, "VG_n": 1.2929696336990317, "thetaS": 0.45488916937276613, "Ks": 8.221964543532259e-07, "rootXDeformation": 0.13958043678062554, "rootZDeformation": 0.731038848017137, "kcMax": 2.1495313110986904}