{"VG_alpha": 2.738911883002412, "VG_n": 1.21350702950158, "thetaS": 0.45767727045395223, "Ks": 3.469896140924464e-07, "rootXDeformation": 0.07137410871170546, "rootZDeformation": 0.7539302909573201, "kcMax": 1.6388669427752836}