{"VG_alpha": 2.0387979527912066, "VG_n": 1.436271190199379, "thetaS": 0.39467763671885875, "Ks": 7.483840554568096e-07, "rootXDeformation": 0.0, "rootZDeformation": 0.40121773286640416, "kcMax": 1.9125631523017015}