{"VG_alpha": 1.8749770753355062, "VG_n": 1.337614023463852, "thetaS": 0.483268974901776, "Ks": 3.1463363058196e-07, "rootXDeformation": 0.10581482155359495, "rootZDeformation": 0.4059330750630745, "kcMax": 1.9348809974580465}