{"VG_alpha": 1.4828159725018122, "VG_n": 1.5618459140837815, "thetaS": 0.4431130573696296, "Ks": 3.600193874290623e-07, "rootXDeformation": 0.0, "rootZDeformation": 0.329861701122883, "kcMax": 1.7616959642403685}