{"VG_alpha": 2.2710777480128472, "VG_n": 1.3181510515594925, "thetaS": 0.41356748200599525, "Ks": 8.690677190791646e-07, "rootXDeformation": 0.32508976992602157, "rootZDeformation": 0.7614023784838138, "kcMax": 1.867222989367249}