{"VG_alpha": 2.3052609072098296, "VG_n": 1.3703050767995681, "thetaS": 0.47056075857790014, "Ks": 1.0034569108443036e-06, "rootXDeformation": 0.09194963833215564, "rootZDeformation": 0.7687510815751153, "kcMax": 2.218227640409046}