{"VG_alpha": 2.0321381626093973, "VG_n": 1.4783503882763043, "thetaS": 0.4221013025066498, "Ks": 1.6900195746324954e-06, "rootXDeformation": 0.1511549618361222, "rootZDeformation": 0.1336076660048073, "kcMax": 1.8205056969272464}