{"VG_alpha": 2.1159501122422113, "VG_n": 1.2667764958463643, "thetaS": 0.45490097796678375, "Ks": 4.531116805888399e-07, "rootXDeformation": 0.00919492572436037, "rootZDeformation": 0.9620687315677787, "kcMax": 2.0337710533425026}