{"VG_alpha": 2.1548780312287192, "VG_n": 1.2998057373785727, "thetaS": 0.4268696479852262, "Ks": 5.359624106473812e-07, "rootXDeformation": 0.19986974627969273, "rootZDeformation": 0.8896742073324939, "kcMax": 1.6391460622723546}