{"VG_alpha": 2.416312547127742, "VG_n": 1.2461592560011165, "thetaS": 0.4830175671648111, "Ks": 5.097189138217206e-07, "rootXDeformation": 0.0, "rootZDeformation": 0.7197745734662879, "kcMax": 1.8629281195299028}