{"VG_alpha": 2.227913713738647, "VG_n": 1.5332829326033028, "thetaS": 0.4198949165948651, "Ks": 9.266433804738756e-07, "rootXDeformation": 0.0, "rootZDeformation": 0.13267178325366785, "kcMax": 1.6673595424284793}