{"VG_alpha": 2.234855113558451, "VG_n": 1.5486893725735071, "thetaS": 0.38742363898053783, "Ks": 9.186478047687698e-07, "rootXDeformation": 0.0, "rootZDeformation": 0.2556335598233091, "kcMax": 1.684667329365745}