{"VG_alpha": 2.0496930562176043, "VG_n": 1.49866429965696, "thetaS": 0.43488209177613635, "Ks": 1.1206304479073069e-06, "rootXDeformation": 0.0, "rootZDeformation": 0.27061216856667714, "kcMax": 1.5321920340097142}