{"VG_alpha": 2.540189171890255, "VG_n": 1.3641422544521187, "thetaS": 0.4339133510320783, "Ks": 5.297542210605053e-07, "rootXDeformation": 0.24690746924039902, "rootZDeformation": 0.878555700947474, "kcMax": 1.5}