{"VG_alpha": 2.114127001987695, "VG_n": 1.4302971687396964, "thetaS": 0.47056609942519445, "Ks": 4.2484365585344563e-07, "rootXDeformation": 0.11458675691011852, "rootZDeformation": 0.8866778514612361, "kcMax": 2.6215540885239186}