{"VG_alpha": 1.6997948293434542, "VG_n": 1.5645406510538282, "thetaS": 0.41256024616186127, "Ks": 4.821167359829085e-07, "rootXDeformation": 0.06034441125317741, "rootZDeformation": 0.39146725101635127, "kcMax": 1.675095827122237}