{"VG_alpha": 2.397771528921907, "VG_n": 1.2936624518278173, "thetaS": 0.5, "Ks": 5.604434767095427e-07, "rootXDeformation": 0.0, "rootZDeformation": 0.9733680492399053, "kcMax": 1.878910053849039}