{"VG_alpha": 2.3135547851431335, "VG_n": 1.3335067540674026, "thetaS": 0.4435684960344365, "Ks": 9.233150307682393e-07, "rootXDeformation": 0.0, "rootZDeformation": 0.8413477127198129, "kcMax": 1.8066600563712694}