{"VG_alpha": 1.6525526612691614, "VG_n": 1.546543987016846, "thetaS": 0.41858729328772015, "Ks": 6.244275128303074e-07, "rootXDeformation": 0.017509441413904425, "rootZDeformation": 0.4245570719373964, "kcMax": 1.6443244561541313}