{"VG_alpha": 2.3709041998978453, "VG_n": 1.4165082046595439, "thetaS": 0.47206708159602345, "Ks": 9.018003429292521e-07, "rootXDeformation": 0.27003586808331975, "rootZDeformation": 0.8585136982140467, "kcMax": 1.963356901252434}