{"VG_alpha": 2.7916674084004662, "VG_n": 1.3624598173369598, "thetaS": 0.44251198609471926, "Ks": 1.3763117437487752e-06, "rootXDeformation": 0.15402806152808216, "rootZDeformation": 0.9487137660686628, "kcMax": 1.6040936224405185}