{"VG_alpha": 2.755480917103339, "VG_n": 1.3753017173248643, "thetaS": 0.4225028158947219, "Ks": 6.246364781263109e-07, "rootXDeformation": 0.12031650945012458, "rootZDeformation": 0.63851564748857, "kcMax": 1.9262676116235888}