{"VG_alpha": 1.7844265039886562, "VG_n": 1.5711586876461157, "thetaS": 0.40564040945749597, "Ks": 1.044636789691448e-06, "rootXDeformation": 0.08442896449457983, "rootZDeformation": 0.29889315586438003, "kcMax": 1.9439906813178054}