{"VG_alpha": 2.7185201535645582, "VG_n": 1.2904087054091387, "thetaS": 0.44129271718481977, "Ks": 5.320385485465544e-07, "rootXDeformation": 0.12037020945792422, "rootZDeformation": 0.9659615057684467, "kcMax": 1.5893179152270847}