{"VG_alpha": 2.8220378628390135, "VG_n": 1.338775342969701, "thetaS": 0.45351762452696165, "Ks": 8.103993924302518e-07, "rootXDeformation": 0.39272143708683416, "rootZDeformation": 0.8687149639570038, "kcMax": 1.8841686857460365}