{"VG_alpha": 1.7254372135207685, "VG_n": 1.4929994071973027, "thetaS": 0.42190245944444654, "Ks": 5.831366580093029e-07, "rootXDeformation": 0.0, "rootZDeformation": 0.41001105082572165, "kcMax": 1.883485986351138}