{"VG_alpha": 2.9366583362485787, "VG_n": 1.3734715806504556, "thetaS": 0.4595956093426024, "Ks": 7.384923049237251e-07, "rootXDeformation": 0.2725648296401637, "rootZDeformation": 0.913628195393846, "kcMax": 1.8066536000046265}