{"VG_alpha": 2.2231625384134075, "VG_n": 1.455083152469884, "thetaS": 0.3770695784546448, "Ks": 6.332689353926833e-07, "rootXDeformation": 0.0, "rootZDeformation": 0.281179382267512, "kcMax": 1.6152083209654198}