{"VG_alpha": 2.505485209705327, "VG_n": 1.3578692904301515, "thetaS": 0.4133752298141107, "Ks": 6.735100776167419e-07, "rootXDeformation": 0.3672310872660497, "rootZDeformation": 0.878533770843545, "kcMax": 1.6947995612880888}