{"VG_alpha": 1.546661960143715, "VG_n": 1.5203265630812903, "thetaS": 0.4354041486175135, "Ks": 8.097988501545891e-07, "rootXDeformation": 0.0, "rootZDeformation": 0.3278415464593003, "kcMax": 1.8126648553681945}