{"VG_alpha": 2.520613338447496, "VG_n": 1.2542463181866135, "thetaS": 0.49490855362565345, "Ks": 8.6905552582148e-07, "rootXDeformation": 0.0509325041070025, "rootZDeformation": 0.906313838977419, "kcMax": 2.0971051498929585}