{"VG_alpha": 1.6274206562674496, "VG_n": 1.4487279141865168, "thetaS": 0.38176992128959014, "Ks": 1.0663141246912683e-06, "rootXDeformation": 0.14063437124879177, "rootZDeformation": 0.26696310642794746, "kcMax": 1.754472036827275}