{"VG_alpha": 2.1753072909372912, "VG_n": 1.3753636824700515, "thetaS": 0.43855578936067957, "Ks": 8.658104305652099e-07, "rootXDeformation": 0.31391619683286914, "rootZDeformation": 0.859350426339504, "kcMax": 1.837400020874278}