{"VG_alpha": 2.405532521637298, "VG_n": 1.5123939673119997, "thetaS": 0.4016692218213981, "Ks": 8.345944910741576e-07, "rootXDeformation": 0.025217097976554095, "rootZDeformation": 0.29428488103164563, "kcMax": 1.9198548850902526}