{"VG_alpha": 2.7710224967086257, "VG_n": 1.2810049412166453, "thetaS": 0.5, "Ks": 8.424931640403086e-07, "rootXDeformation": 0.13470207517892263, "rootZDeformation": 0.6962851926586551, "kcMax": 2.1170125616098687}