{"VG_alpha": 1.5269249922544137, "VG_n": 1.3992665977723053, "thetaS": 0.41213742699104655, "Ks": 2.42139459883699e-07, "rootXDeformation": 0.4428299199905425, "rootZDeformation": 0.818617878427651, "kcMax": 2.3651155695687933}