{"VG_alpha": 1.9443859787176003, "VG_n": 1.560572379359939, "thetaS": 0.4223387044254622, "Ks": 4.104890202530939e-07, "rootXDeformation": 0.0, "rootZDeformation": 0.2407742173418712, "kcMax": 1.883429309042135}