{"VG_alpha": 2.331502324030809, "VG_n": 1.3445114274402927, "thetaS": 0.5, "Ks": 5.649844348644311e-07, "rootXDeformation": 0.16221022480456698, "rootZDeformation": 1.0, "kcMax": 1.9419952063946542}