{"VG_alpha": 1.4291587524370606, "VG_n": 1.5908455965299104, "thetaS": 0.41620628809749605, "Ks": 8.293713404891493e-07, "rootXDeformation": 0.10922180894019244, "rootZDeformation": 0.2470429081145436, "kcMax": 1.9268480255747524}