{"VG_alpha": 2.255413921369646, "VG_n": 1.3163942126927102, "thetaS": 0.46260701119305125, "Ks": 7.810582895097375e-07, "rootXDeformation": 0.31311499457383074, "rootZDeformation": 0.7955618366488107, "kcMax": 1.7890509046487586}