{"VG_alpha": 2.258181232311668, "VG_n": 1.3166932998322263, "thetaS": 0.4643713690307859, "Ks": 7.154249627913938e-07, "rootXDeformation": 0.30687410874134646, "rootZDeformation": 0.781087726398362, "kcMax": 1.779291602289623}