{"VG_alpha": 1.9283328733175111, "VG_n": 1.507161046293589, "thetaS": 0.4135888637309773, "Ks": 8.439871605015419e-07, "rootXDeformation": 0.09104798750019749, "rootZDeformation": 0.28563222762730517, "kcMax": 1.8138858021922313}