{"VG_alpha": 2.09778777708205, "VG_n": 1.4690293736783535, "thetaS": 0.388896384746122, "Ks": 9.907627442671132e-07, "rootXDeformation": 0.10897809673443129, "rootZDeformation": 0.29761859479393127, "kcMax": 2.111656825368806}