{"VG_alpha": 2.102461116964002, "VG_n": 1.3624294609685452, "thetaS": 0.45858417912599186, "Ks": 8.047705506826048e-07, "rootXDeformation": 0.06127102657894132, "rootZDeformation": 0.6826163922879409, "kcMax": 2.005351594653783}