{"VG_alpha": 1.8538317101694055, "VG_n": 1.5360193454583997, "thetaS": 0.39138862558368526, "Ks": 1.066770344999048e-06, "rootXDeformation": 0.10435605094147322, "rootZDeformation": 0.24541394649060252, "kcMax": 1.8738621563406508}