{"VG_alpha": 2.441589976416965, "VG_n": 1.2837635316381957, "thetaS": 0.43120096408292363, "Ks": 5.093412268720306e-07, "rootXDeformation": 0.05837816584204118, "rootZDeformation": 0.9013147329740422, "kcMax": 1.8859660876470679}