{"VG_alpha": 2.223655338186332, "VG_n": 1.225017191488443, "thetaS": 0.4737499137392978, "Ks": 4.3196079953024654e-07, "rootXDeformation": 0.0, "rootZDeformation": 0.6737364910462904, "kcMax": 1.5181362277559176}