{"VG_alpha": 2.6783050742675236, "VG_n": 1.2736207785328761, "thetaS": 0.4861086456902835, "Ks": 4.542169501521746e-07, "rootXDeformation": 0.13050951605129524, "rootZDeformation": 0.8829874256413555, "kcMax": 1.6924786678199955}