{"VG_alpha": 1.806972690417418, "VG_n": 1.515657792930218, "thetaS": 0.39229563568581827, "Ks": 6.356371348125058e-07, "rootXDeformation": 0.20634981389574997, "rootZDeformation": 0.3006522866879332, "kcMax": 2.095579570374748}