{"VG_alpha": 2.501660265970386, "VG_n": 1.2739545404502444, "thetaS": 0.4915735427700055, "Ks": 2.562658625446698e-07, "rootXDeformation": 0.11027666393227303, "rootZDeformation": 0.9431592308750761, "kcMax": 1.6619016626239587}