{"VG_alpha": 1.2692852980258853, "VG_n": 1.319396217064618, "thetaS": 0.31925063387372254, "Ks": 5.604448654029649e-07, "rootXDeformation": 0.3769419314448453, "rootZDeformation": 0.3504459459153875, "kcMax": 2.664808242058298}