{"VG_alpha": 2.0754473312570996, "VG_n": 1.5036491029306254, "thetaS": 0.43012056399865706, "Ks": 4.683134324054987e-07, "rootXDeformation": 0.03496087601998141, "rootZDeformation": 0.24079121087193106, "kcMax": 1.5671509892547004}