{"VG_alpha": 2.2861502719592455, "VG_n": 1.4410740891222087, "thetaS": 0.46587724882337467, "Ks": 1.2549976010161492e-06, "rootXDeformation": 0.2252049797031625, "rootZDeformation": 0.9329451754105186, "kcMax": 2.2640640045993217}