{"VG_alpha": 2.5516318778924756, "VG_n": 1.372586725764546, "thetaS": 0.4062450864009373, "Ks": 9.937594800534383e-07, "rootXDeformation": 0.07824875349873006, "rootZDeformation": 0.6886923326853478, "kcMax": 2.4454132273341607}