{"VG_alpha": 1.731429330032526, "VG_n": 1.6, "thetaS": 0.41113380833517243, "Ks": 6.790126221099217e-07, "rootXDeformation": 0.22547539163889316, "rootZDeformation": 0.2497682620289024, "kcMax": 1.8830239642821396}