{"VG_alpha": 2.1557260025997134, "VG_n": 1.3766768299047816, "thetaS": 0.4290509901924793, "Ks": 4.4271698310019055e-07, "rootXDeformation": 0.1805042067588607, "rootZDeformation": 0.8251517100509584, "kcMax": 1.9004352620258396}