{"VG_alpha": 1.8788855769147421, "VG_n": 1.4996186657751835, "thetaS": 0.42225421796050117, "Ks": 1.3730038203609298e-06, "rootXDeformation": 0.02934857615284667, "rootZDeformation": 0.46610092901390243, "kcMax": 1.887972501174831}