{"VG_alpha": 2.482572754663346, "VG_n": 1.3577233547995227, "thetaS": 0.47606232097507467, "Ks": 3.435782362644661e-07, "rootXDeformation": 0.2526549281340836, "rootZDeformation": 0.843388434547926, "kcMax": 1.9081992236764997}