{"VG_alpha": 2.0930061741188326, "VG_n": 1.479903660732892, "thetaS": 0.40607072747837314, "Ks": 8.235533152958407e-07, "rootXDeformation": 0.16652782824465, "rootZDeformation": 0.21693855718861205, "kcMax": 1.744347064258927}