{"VG_alpha": 2.172622339725757, "VG_n": 1.4590625776550854, "thetaS": 0.417999875615738, "Ks": 9.447483840607095e-07, "rootXDeformation": 0.11697314135579509, "rootZDeformation": 0.20945216730041355, "kcMax": 2.106020742505446}