{"VG_alpha": 2.296015218927838, "VG_n": 1.3482340069466343, "thetaS": 0.4599186235308588, "Ks": 9.680446071574099e-07, "rootXDeformation": 0.0, "rootZDeformation": 0.5067660810719785, "kcMax": 2.1143892610455297}