{"VG_alpha": 1.187120353612876, "VG_n": 1.2532414414379867, "thetaS": 0.4491983041696087, "Ks": 4.3292441624339266e-07, "rootXDeformation": 0.11976020833296663, "rootZDeformation": 0.9288718734050994, "kcMax": 2.3928736905276833}