{"VG_alpha": 1.6434304965737714, "VG_n": 1.5183692513410532, "thetaS": 0.4158268351816447, "Ks": 1.556694991812792e-06, "rootXDeformation": 0.0, "rootZDeformation": 0.2132560704094067, "kcMax": 1.7232233062326445}