{"VG_alpha": 2.5380415755731454, "VG_n": 1.3475270393405987, "thetaS": 0.46571932293427554, "Ks": 1.4655757521430534e-06, "rootXDeformation": 0.18538550230204792, "rootZDeformation": 0.738626391393246, "kcMax": 1.6975818332208028}