{"VG_alpha": 1.569811730251595, "VG_n": 1.566101242318973, "thetaS": 0.43655662465949285, "Ks": 1.2497051742267056e-06, "rootXDeformation": 0.10935353553893722, "rootZDeformation": 0.3257233752236298, "kcMax": 1.9131787369324176}