{"VG_alpha": 2.640840466912248, "VG_n": 1.3915668615641008, "thetaS": 0.4297833453656855, "Ks": 6.063427532350849e-07, "rootXDeformation": 0.3727480502029526, "rootZDeformation": 0.8181103927055003, "kcMax": 1.7790193185584982}