{"VG_alpha": 2.074022005366218, "VG_n": 1.3236892960416582, "thetaS": 0.46440631527806175, "Ks": 5.193150426007836e-07, "rootXDeformation": 0.15381823153603685, "rootZDeformation": 0.7867928903084197, "kcMax": 1.5}