{"VG_alpha": 1.9388046602933988, "VG_n": 1.4288978190881316, "thetaS": 0.41040917117197195, "Ks": 1.2952575838828731e-06, "rootXDeformation": 0.0, "rootZDeformation": 0.21535859222065545, "kcMax": 1.9521673047782135}