{"VG_alpha": 1.454176800262815, "VG_n": 1.579658980064523, "thetaS": 0.43187678928458473, "Ks": 5.824165355192875e-07, "rootXDeformation": 0.00530786445383908, "rootZDeformation": 0.27647614052573233, "kcMax": 1.9404624248041034}