{"VG_alpha": 1.9258435663409774, "VG_n": 1.4495240664354054, "thetaS": 0.3967974808971201, "Ks": 1.2092233759753777e-06, "rootXDeformation": 0.0, "rootZDeformation": 0.3690485520019127, "kcMax": 2.075890974873932}