{"VG_alpha": 1.7357215516411872, "VG_n": 1.5583326258497774, "thetaS": 0.44143282415847296, "Ks": 1.169144776270287e-06, "rootXDeformation": 0.0451601200277192, "rootZDeformation": 0.38997205144760805, "kcMax": 1.6633484197019426}