{"VG_alpha": 1.9412211877135641, "VG_n": 1.5303275277373891, "thetaS": 0.38517583479401907, "Ks": 1.297621668435692e-06, "rootXDeformation": 0.055225456617882585, "rootZDeformation": 0.41092393911910036, "kcMax": 1.7635951234921468}