{"VG_alpha": 1.8107267540811651, "VG_n": 1.5974474738042819, "thetaS": 0.43142664857646346, "Ks": 8.825814791906216e-07, "rootXDeformation": 0.0, "rootZDeformation": 0.1721798011584249, "kcMax": 1.7856845382544395}