{"VG_alpha": 2.850585869304121, "VG_n": 1.3452660255771887, "thetaS": 0.4425358744150244, "Ks": 3.6958977937283363e-07, "rootXDeformation": 0.14803953348459978, "rootZDeformation": 0.8614891452073647, "kcMax": 2.005739344650963}