{"VG_alpha": 2.18737522586417, "VG_n": 1.3786987923623835, "thetaS": 0.42330608367255607, "Ks": 6.508345889390935e-07, "rootXDeformation": 0.9846463091996538, "rootZDeformation": 0.7689476510179731, "kcMax": 1.8466916686150177}