{"VG_alpha": 1.8178677938438157, "VG_n": 1.5780509023877989, "thetaS": 0.4325000907430959, "Ks": 9.518031843378366e-07, "rootXDeformation": 0.22945766789207547, "rootZDeformation": 0.17004672238820615, "kcMax": 1.715208452082761}