{"VG_alpha": 2.0090467862516412, "VG_n": 1.4798003916667077, "thetaS": 0.4097114000946098, "Ks": 9.730882117586355e-07, "rootXDeformation": 0.1252050910649249, "rootZDeformation": 0.21630508180971603, "kcMax": 1.6511514272306997}