{"VG_alpha": 1.684192838519139, "VG_n": 1.4522462277696895, "thetaS": 0.41228243022941746, "Ks": 9.249699921493336e-07, "rootXDeformation": 0.1679298018114092, "rootZDeformation": 0.458624780832131, "kcMax": 1.6925847204239857}