{"VG_alpha": 2.5090451836247327, "VG_n": 1.2775979179439652, "thetaS": 0.5, "Ks": 5.636440412102576e-07, "rootXDeformation": 0.006182419889048622, "rootZDeformation": 0.9853759530554635, "kcMax": 2.0045745293406947}