{"VG_alpha": 2.1196497724945447, "VG_n": 1.4335269564083344, "thetaS": 0.4218186799640499, "Ks": 8.763740816139733e-07, "rootXDeformation": 0.08219108420935395, "rootZDeformation": 0.16963286180795478, "kcMax": 1.582332252820933}