{"VG_alpha": 2.5023410318392694, "VG_n": 1.3650412077372085, "thetaS": 0.4085973625068421, "Ks": 5.10761853654183e-07, "rootXDeformation": 0.0753737370100408, "rootZDeformation": 0.6910058831326604, "kcMax": 1.7850030179442509}