{"VG_alpha": 2.0052850990074136, "VG_n": 1.283511562807215, "thetaS": 0.47809882101225176, "Ks": 3.632119529381194e-07, "rootXDeformation": 0.32615638600085967, "rootZDeformation": 0.6273212943621569, "kcMax": 1.8180462967476338}