{"VG_alpha": 2.155787960817821, "VG_n": 1.308344262573139, "thetaS": 0.45609436106900664, "Ks": 5.982587517603808e-07, "rootXDeformation": 0.13187595427668117, "rootZDeformation": 0.40979840671894185, "kcMax": 1.6806594559810462}