{"VG_alpha": 1.6218106330765711, "VG_n": 1.4656327200136707, "thetaS": 0.43975408848141684, "Ks": 7.753943604869878e-07, "rootXDeformation": 0.20787321993863322, "rootZDeformation": 0.31563089543130124, "kcMax": 1.9431042750187175}