{"VG_alpha": 2.2041130853658606, "VG_n": 1.4677781055703318, "thetaS": 0.4085904341742345, "Ks": 1.1407478249361378e-06, "rootXDeformation": 0.16458653358649056, "rootZDeformation": 0.14670738331721395, "kcMax": 1.9834471482303313}