{"VG_alpha": 2.8016905390820317, "VG_n": 1.2050702958875168, "thetaS": 0.4751451781110086, "Ks": 8.45280910222598e-07, "rootXDeformation": 0.08017630772133799, "rootZDeformation": 0.9098455419483886, "kcMax": 1.7632681727947976}