{"VG_alpha": 1.912279767917422, "VG_n": 1.4537497132272388, "thetaS": 0.40483902303649244, "Ks": 1.7352822900165907e-06, "rootXDeformation": 0.2105035824837928, "rootZDeformation": 0.3304902379127391, "kcMax": 1.7443422953423275}