{"VG_alpha": 2.287424985132521, "VG_n": 1.5116295692025283, "thetaS": 0.41622085349782034, "Ks": 5.797449287522278e-07, "rootXDeformation": 0.0, "rootZDeformation": 0.25702860893733426, "kcMax": 1.6188821584939446}