{"VG_alpha": 2.5238665340948354, "VG_n": 1.2663402948845512, "thetaS": 0.4746690748619852, "Ks": 8.06767547348958e-07, "rootXDeformation": 0.09635982549303189, "rootZDeformation": 0.8094794090744102, "kcMax": 1.8291668387620896}