{"VG_alpha": 2.464040733813005, "VG_n": 1.2428134762153418, "thetaS": 0.4761445187482716, "Ks": 5.559390156680115e-07, "rootXDeformation": 0.0, "rootZDeformation": 0.8459050710536852, "kcMax": 1.815824901303424}