{"VG_alpha": 2.036383888786898, "VG_n": 1.5100263007678287, "thetaS": 0.44087038106247134, "Ks": 4.0929723005001857e-07, "rootXDeformation": 0.021383596503683818, "rootZDeformation": 0.38340920817916535, "kcMax": 1.7232797287582433}