{"VG_alpha": 2.2050840608902695, "VG_n": 1.1889701368651453, "thetaS": 0.43758694440205337, "Ks": 7.819762428879326e-07, "rootXDeformation": 0.0032072836149918543, "rootZDeformation": 0.5666819059035458, "kcMax": 1.7524556515407321}