{"VG_alpha": 2.551560398223367, "VG_n": 1.3285559440755752, "thetaS": 0.4444012602024222, "Ks": 6.599712434906558e-07, "rootXDeformation": 0.19324395301051228, "rootZDeformation": 0.8047972744823055, "kcMax": 1.8131753099494294}