{"VG_alpha": 2.3206800305089716, "VG_n": 1.292293469118443, "thetaS": 0.4903629808359217, "Ks": 3.717779680947661e-07, "rootXDeformation": 0.3691854835381825, "rootZDeformation": 0.7782509660306098, "kcMax": 1.9454233785448114}