{"VG_alpha": 1.9431427350120845, "VG_n": 1.5376214945381301, "thetaS": 0.4287601974967814, "Ks": 6.348970376837313e-07, "rootXDeformation": 0.0, "rootZDeformation": 0.39094356359072036, "kcMax": 1.895842187285079}