{"VG_alpha": 2.1857954451111334, "VG_n": 1.6, "thetaS": 0.4213693474696393, "Ks": 1.0906845205198616e-06, "rootXDeformation": 0.0009607741323559016, "rootZDeformation": 0.24347525613152976, "kcMax": 1.820846859947332}