{"VG_alpha": 2.0050816118741324, "VG_n": 1.5200805521915206, "thetaS": 0.43403799126367315, "Ks": 4.7324079042242955e-07, "rootXDeformation": 0.0, "rootZDeformation": 0.18439427329121352, "kcMax": 1.9531290906027148}