{"VG_alpha": 1.6287520328963756, "VG_n": 1.481039159983875, "thetaS": 0.4072828108670895, "Ks": 7.687038423856064e-07, "rootXDeformation": 0.19233304949087526, "rootZDeformation": 0.4385926720009425, "kcMax": 1.9604120619559833}