{"VG_alpha": 1.7515178134583584, "VG_n": 1.501101808207754, "thetaS": 0.4433544297358307, "Ks": 1.543028590542058e-06, "rootXDeformation": 0.016022391663221794, "rootZDeformation": 0.36753695944685877, "kcMax": 1.8562423456834203}