{"VG_alpha": 1.6047561018854968, "VG_n": 1.2055507002583685, "thetaS": 0.4701109496252874, "Ks": 5.821527336835942e-07, "rootXDeformation": 0.2607137770762419, "rootZDeformation": 0.7573894068031247, "kcMax": 1.9825002968142096}