{"VG_alpha": 2.67868662704538, "VG_n": 1.4677100503343252, "thetaS": 0.47308953269140164, "Ks": 9.05614568992989e-07, "rootXDeformation": 0.05992506637573403, "rootZDeformation": 0.8144949112997917, "kcMax": 1.6910433235689344}