{"VG_alpha": 2.548918895427918, "VG_n": 1.3120106161322733, "thetaS": 0.5, "Ks": 1.0350564510449376e-06, "rootXDeformation": 0.0, "rootZDeformation": 0.8412332278789871, "kcMax": 1.8950724947527324}