{"VG_alpha": 2.61537092955428, "VG_n": 1.2595195347644939, "thetaS": 0.4608999785425138, "Ks": 7.778363503366355e-07, "rootXDeformation": 0.1735599795162217, "rootZDeformation": 0.6845881027258209, "kcMax": 1.6179485409257386}