{"VG_alpha": 2.0683085101617715, "VG_n": 1.3621487144002253, "thetaS": 0.46153773597254666, "Ks": 1.8096195475238402e-06, "rootXDeformation": 0.0, "rootZDeformation": 0.8433051840375415, "kcMax": 2.1335155751256294}