{"VG_alpha": 1.717591101679656, "VG_n": 1.5057773731841693, "thetaS": 0.4516210364819204, "Ks": 3.8703510047199176e-07, "rootXDeformation": 0.0, "rootZDeformation": 0.35487657360692976, "kcMax": 1.856054334186368}