{"VG_alpha": 2.335958209279079, "VG_n": 1.3176609370379058, "thetaS": 0.467564200092353, "Ks": 1.8201605150782182e-06, "rootXDeformation": 0.12714941352813813, "rootZDeformation": 0.866086330649219, "kcMax": 1.6790094339524422}