{"VG_alpha": 2.4280050114899008, "VG_n": 1.503823357861679, "thetaS": 0.4649441542611272, "Ks": 1.6223055946847292e-06, "rootXDeformation": 0.0, "rootZDeformation": 0.6206508983126924, "kcMax": 1.9655833754447167}