{"VG_alpha": 1.8742930060108711, "VG_n": 1.4561251485266276, "thetaS": 0.4170721207654552, "Ks": 5.951640947204376e-07, "rootXDeformation": 0.0, "rootZDeformation": 0.13569053454769714, "kcMax": 2.004294571656295}