{"VG_alpha": 2.565793515919894, "VG_n": 1.3361543578981532, "thetaS": 0.44933189990787387, "Ks": 5.615966408502887e-07, "rootXDeformation": 0.12888723139673527, "rootZDeformation": 0.9449452887870106, "kcMax": 2.0180444539826388}