{"VG_alpha": 2.1312285331142533, "VG_n": 1.5213226853898751, "thetaS": 0.40527526801750813, "Ks": 1.2215221206005742e-06, "rootXDeformation": 0.2628334354129129, "rootZDeformation": 0.1612534044288887, "kcMax": 1.7442856180333246}