{"VG_alpha": 1.9516083661329553, "VG_n": 1.5327097553676539, "thetaS": 0.3907933325666193, "Ks": 7.056401815902527e-07, "rootXDeformation": 0.3161477517962809, "rootZDeformation": 0.29496121454935603, "kcMax": 1.7630108236084847}