{"VG_alpha": 2.1843509932412832, "VG_n": 1.2401942027521073, "thetaS": 0.47402488957563516, "Ks": 7.879301202587097e-07, "rootXDeformation": 0.0, "rootZDeformation": 0.9764050557610305, "kcMax": 1.8106394094721219}