{"VG_alpha": 2.0666498396828175, "VG_n": 1.4031650522724195, "thetaS": 0.4061477404131366, "Ks": 4.816299113453875e-07, "rootXDeformation": 0.09904523744924772, "rootZDeformation": 0.4009669508691006, "kcMax": 1.548448913888154}