{"VG_alpha": 1.9563711339888015, "VG_n": 1.6, "thetaS": 0.4088940921462504, "Ks": 6.499734831066791e-07, "rootXDeformation": 0.06995252469232925, "rootZDeformation": 0.5482853639359936, "kcMax": 1.7181410088560027}