{"VG_alpha": 1.5529128811993553, "VG_n": 1.523246449276713, "thetaS": 0.4093402097088759, "Ks": 6.550205090937256e-07, "rootXDeformation": 0.0, "rootZDeformation": 0.39239019075349196, "kcMax": 1.8811544130381197}