{"VG_alpha": 2.3492521388051, "VG_n": 1.492334769211496, "thetaS": 0.4144151899191029, "Ks": 8.168201426357439e-07, "rootXDeformation": 0.04155765596100164, "rootZDeformation": 0.16599856061930923, "kcMax": 1.9477999703390794}