{"VG_alpha": 2.347639879343395, "VG_n": 1.2818101708262861, "thetaS": 0.46629970451012254, "Ks": 6.973048444771188e-07, "rootXDeformation": 0.2661713965709, "rootZDeformation": 0.971078901476041, "kcMax": 1.70008300827527}