{"VG_alpha": 1.551559640481435, "VG_n": 1.5339786294304358, "thetaS": 0.41729513143571345, "Ks": 1.1878786343023468e-06, "rootXDeformation": 0.0005812056114805446, "rootZDeformation": 0.3146942632263782, "kcMax": 1.8047940009666734}