{"VG_alpha": 1.5113299939863136, "VG_n": 1.524682999875128, "thetaS": 0.388866849328826, "Ks": 7.461217266618062e-07, "rootXDeformation": 0.05825569393330411, "rootZDeformation": 0.23544983860309204, "kcMax": 1.704583918611824}