{"VG_alpha": 1.0, "VG_n": 1.2181128566395272, "thetaS": 0.49207439411559817, "Ks": 2.767418604983082e-07, "rootXDeformation": 0.4049645794405792, "rootZDeformation": 0.7952393649184261, "kcMax": 2.35486439631052}