{"VG_alpha": 1.804701798969295, "VG_n": 1.4333578688221644, "thetaS": 0.42151836229118617, "Ks": 7.765792426337368e-07, "rootXDeformation": 0.03238967805770471, "rootZDeformation": 0.29386530611591877, "kcMax": 1.5184142370454343}