{"VG_alpha": 2.4461240900190626, "VG_n": 1.2848421574575728, "thetaS": 0.46828495113546614, "Ks": 6.102980356517801e-07, "rootXDeformation": 0.1333854040588636, "rootZDeformation": 0.891721743196464, "kcMax": 1.8832245821661897}