{"VG_alpha": 2.0028340364656168, "VG_n": 1.4783027471287782, "thetaS": 0.43578910187826936, "Ks": 6.677297793576097e-07, "rootXDeformation": 0.07773992405892176, "rootZDeformation": 0.3258505087640078, "kcMax": 1.7539094480438118}