{"VG_alpha": 2.3540159215896357, "VG_n": 1.2508427311941877, "thetaS": 0.48701262448814747, "Ks": 2.734492220486256e-07, "rootXDeformation": 0.0, "rootZDeformation": 0.7277593484193666, "kcMax": 1.5}