{"VG_alpha": 2.2057053533056066, "VG_n": 1.3706084214419845, "thetaS": 0.5, "Ks": 7.825753752329461e-07, "rootXDeformation": 0.0, "rootZDeformation": 1.0, "kcMax": 1.8407212136654436}