{"VG_alpha": 1.7084431249570229, "VG_n": 1.522000885127814, "thetaS": 0.4109004209765341, "Ks": 1.3082457965341544e-06, "rootXDeformation": 0.021527153963832427, "rootZDeformation": 0.50297867268795, "kcMax": 1.9660989432567906}