{"VG_alpha": 2.0459389925538574, "VG_n": 1.416874618782896, "thetaS": 0.39575107888549116, "Ks": 8.070805289781165e-07, "rootXDeformation": 0.20333837241870273, "rootZDeformation": 0.39908465409618543, "kcMax": 1.842087066130023}