{"VG_alpha": 2.352870275225132, "VG_n": 1.389188083998577, "thetaS": 0.4944988634548755, "Ks": 7.801730354687669e-07, "rootXDeformation": 0.14504059765086144, "rootZDeformation": 0.47258774596917696, "kcMax": 2.0252590063706934}