{"VG_alpha": 2.1647852290045853, "VG_n": 1.4115381139425018, "thetaS": 0.370824682439178, "Ks": 4.89179579131555e-07, "rootXDeformation": 0.0020117874135179683, "rootZDeformation": 0.4042670118131548, "kcMax": 1.8839651832178916}