{"VG_alpha": 2.5067479447878593, "VG_n": 1.3694278090371148, "thetaS": 0.4523960977345867, "Ks": 6.278420516196199e-07, "rootXDeformation": 0.08698975490535024, "rootZDeformation": 0.8205306832528989, "kcMax": 1.7081746009679089}