{"VG_alpha": 2.400544408328699, "VG_n": 1.315365560517388, "thetaS": 0.4754537519948926, "Ks": 1.2437272145367481e-06, "rootXDeformation": 0.21514973417526723, "rootZDeformation": 0.8629979446286435, "kcMax": 1.6958201731780838}