{"VG_alpha": 2.2937035110571546, "VG_n": 1.370613845604994, "thetaS": 0.44255916436437925, "Ks": 3.985987434851502e-07, "rootXDeformation": 0.23668556051079526, "rootZDeformation": 0.764176332354928, "kcMax": 2.045530908996626}