{"VG_alpha": 2.7643376508766253, "VG_n": 1.258162691221072, "thetaS": 0.4488493508051521, "Ks": 8.173796029282433e-07, "rootXDeformation": 0.17586541463844219, "rootZDeformation": 0.7572569495523722, "kcMax": 2.083347690483688}