{"VG_alpha": 2.004239484821942, "VG_n": 1.5342640900825075, "thetaS": 0.4383655511449135, "Ks": 1.6805347574738241e-06, "rootXDeformation": 0.163913842949848, "rootZDeformation": 0.20340895571634526, "kcMax": 1.7271252776969432}