{"VG_alpha": 2.1638563851058894, "VG_n": 1.5635807684939012, "thetaS": 0.4126697275085983, "Ks": 1.0384071777011198e-06, "rootXDeformation": 0.11237296144252229, "rootZDeformation": 0.4448099191154917, "kcMax": 1.9940597936288138}