{"VG_alpha": 1.7148124392835862, "VG_n": 1.5178698241817625, "thetaS": 0.42790863380945343, "Ks": 1.3467210011409842e-06, "rootXDeformation": 0.0, "rootZDeformation": 0.41444990099788526, "kcMax": 1.8616830555958783}