{"VG_alpha": 2.886528716100746, "VG_n": 1.363673788507988, "thetaS": 0.43130066083503643, "Ks": 1.209955214834925e-06, "rootXDeformation": 0.24580992196119453, "rootZDeformation": 0.8012694424073429, "kcMax": 1.8946454413621694}