{"VG_alpha": 2.6723504124279263, "VG_n": 1.4003570056399883, "thetaS": 0.43898933693738523, "Ks": 1.0477101041004748e-06, "rootXDeformation": 0.16504838774327163, "rootZDeformation": 0.7274344316160283, "kcMax": 1.5880653274477565}