{"VG_alpha": 2.224106281753909, "VG_n": 1.55108891948719, "thetaS": 0.3991193437007422, "Ks": 1.0310450110271966e-06, "rootXDeformation": 0.10503624975828454, "rootZDeformation": 0.4642525883535077, "kcMax": 1.8310353258710212}