{"VG_alpha": 2.2724725354925224, "VG_n": 1.3022673205833661, "thetaS": 0.4131086565432185, "Ks": 1.0190210934726205e-06, "rootXDeformation": 0.22287725061841274, "rootZDeformation": 0.7226379025965768, "kcMax": 1.8765811128988257}