{"VG_alpha": 1.6164346504774905, "VG_n": 1.361153506692042, "thetaS": 0.473102775329791, "Ks": 2.87035604307564e-07, "rootXDeformation": 0.22586757860632212, "rootZDeformation": 0.6876875614957592, "kcMax": 1.7072487566859131}