{"VG_alpha": 2.0914227574569186, "VG_n": 1.4999168254710913, "thetaS": 0.4213275785076509, "Ks": 1.1893371208775922e-06, "rootXDeformation": 0.04325133291079564, "rootZDeformation": 0.4341700126749086, "kcMax": 1.5599958947151265}