{"VG_alpha": 2.2836655477662684, "VG_n": 1.3483510044966547, "thetaS": 0.468516261375031, "Ks": 3.8914884634746685e-07, "rootXDeformation": 0.31822808332277297, "rootZDeformation": 0.8999186262433665, "kcMax": 1.8966023217745986}