{"VG_alpha": 1.6275526673110001, "VG_n": 1.2357914038800788, "thetaS": 0.48612762661650255, "Ks": 4.725077604945502e-07, "rootXDeformation": 0.4328442577009983, "rootZDeformation": 0.6233983945960647, "kcMax": 2.1447074927609417}