{"VG_alpha": 1.7084258229130822, "VG_n": 1.5302177440277482, "thetaS": 0.418355548378921, "Ks": 6.524262950220446e-07, "rootXDeformation": 0.13651284345049303, "rootZDeformation": 0.23932345049382292, "kcMax": 1.8573527390020055}