{"VG_alpha": 1.710311705002641, "VG_n": 1.1286995943199143, "thetaS": 0.5, "Ks": 5.152139664151034e-07, "rootXDeformation": 0.1710572572838553, "rootZDeformation": 0.7527693234908637, "kcMax": 1.6968061471317197}