{"VG_alpha": 1.7588779695529722, "VG_n": 1.5452927189088244, "thetaS": 0.43828134271583263, "Ks": 7.189555029326101e-07, "rootXDeformation": 0.07311787826596369, "rootZDeformation": 0.27364586046067907, "kcMax": 1.5161147790156564}