{"VG_alpha": 1.6840434069092654, "VG_n": 1.5552595149320925, "thetaS": 0.40917785184621663, "Ks": 7.53972527616075e-07, "rootXDeformation": 0.06512283364459989, "rootZDeformation": 0.3618122879541968, "kcMax": 1.5217508618790165}