{"VG_alpha": 1.8368120255638827, "VG_n": 1.5288634888254855, "thetaS": 0.36771727235313767, "Ks": 6.326428605773715e-07, "rootXDeformation": 0.025995799443185336, "rootZDeformation": 0.3006849647506979, "kcMax": 1.8940123489767626}