{"VG_alpha": 1.9584880144646577, "VG_n": 1.4747242916239485, "thetaS": 0.4242420306087575, "Ks": 1.244318919424935e-06, "rootXDeformation": 0.15155063450237044, "rootZDeformation": 0.24498521809355484, "kcMax": 1.7600155235862154}