{"VG_alpha": 2.252534927142613, "VG_n": 1.3118458625739617, "thetaS": 0.44626664598982, "Ks": 1.1785013183365592e-06, "rootXDeformation": 0.23844837253642479, "rootZDeformation": 0.7481054037572463, "kcMax": 1.620611275247896}