{"VG_alpha": 2.2810829336077205, "VG_n": 1.3183365451814495, "thetaS": 0.43528489587788277, "Ks": 5.374659042233794e-07, "rootXDeformation": 0.0, "rootZDeformation": 0.7408795850076073, "kcMax": 1.7421819341528224}