{"VG_alpha": 1.7120185801076881, "VG_n": 1.5460867209105853, "thetaS": 0.4141444460818243, "Ks": 6.834975919378908e-07, "rootXDeformation": 0.0, "rootZDeformation": 0.3703928201209917, "kcMax": 1.7626455438662576}