{"VG_alpha": 2.14823992372194, "VG_n": 1.4841043485594296, "thetaS": 0.40882217908303364, "Ks": 1.0917927933413342e-06, "rootXDeformation": 0.04558313154990196, "rootZDeformation": 0.3319410047607874, "kcMax": 1.770418865382457}