{"VG_alpha": 2.324371842990457, "VG_n": 1.3104442737852668, "thetaS": 0.4807842541495362, "Ks": 4.23567934491092e-07, "rootXDeformation": 0.1591284845407037, "rootZDeformation": 0.8889034553341624, "kcMax": 1.8124294804793175}