{"VG_alpha": 2.4135851111033246, "VG_n": 1.3868907655234701, "thetaS": 0.5, "Ks": 1.788653757249238e-07, "rootXDeformation": 0.3120659032576549, "rootZDeformation": 0.8819795946135465, "kcMax": 2.00322313740357}