{"VG_alpha": 1.5344260158097318, "VG_n": 1.2089698343912807, "thetaS": 0.48205338400726344, "Ks": 7.789615024049451e-07, "rootXDeformation": 0.2331390619462216, "rootZDeformation": 0.8657386598703415, "kcMax": 1.709221578122973}