{"VG_alpha": 2.1318072021839103, "VG_n": 1.5767839003800357, "thetaS": 0.39987405055844705, "Ks": 1.2748270467444275e-06, "rootXDeformation": 0.014247793744768547, "rootZDeformation": 0.2924447968373593, "kcMax": 2.0101116253794147}