{"VG_alpha": 1.8515841347608903, "VG_n": 1.4942415403956573, "thetaS": 0.39313973619828146, "Ks": 1.505183706703772e-06, "rootXDeformation": 0.20912891050760235, "rootZDeformation": 0.38687018196339684, "kcMax": 1.6746425137817478}