{"VG_alpha": 2.625241923304227, "VG_n": 1.4062630334146942, "thetaS": 0.4443510634863599, "Ks": 2.934965301878308e-07, "rootXDeformation": 0.9177741225129434, "rootZDeformation": 0.7145757833976906, "kcMax": 2.313816552016892}