{"VG_alpha": 2.6291940103738773, "VG_n": 1.3028054240309648, "thetaS": 0.46253322293932236, "Ks": 1.1044975870677171e-06, "rootXDeformation": 0.0, "rootZDeformation": 0.7487113238992426, "kcMax": 1.7979164066642235}