{"VG_alpha": 2.467953901185359, "VG_n": 1.4465162482438447, "thetaS": 0.48061205848767374, "Ks": 1.396330967980433e-06, "rootXDeformation": 0.0, "rootZDeformation": 0.5007303091188713, "kcMax": 2.0972579836465552}