{"VG_alpha": 1.8102897666320896, "VG_n": 1.4151746389933484, "thetaS": 0.44709448963050735, "Ks": 7.860528235656729e-07, "rootXDeformation": 0.0858083447582586, "rootZDeformation": 0.4244621581551019, "kcMax": 1.5}