{"VG_alpha": 2.1664624601981552, "VG_n": 1.2836403075006948, "thetaS": 0.42920691106224196, "Ks": 5.897990261111647e-07, "rootXDeformation": 0.11392307638086088, "rootZDeformation": 0.6959663535707651, "kcMax": 1.8196970198942324}