{"VG_alpha": 1.884124291016796, "VG_n": 1.503419357894763, "thetaS": 0.404681110443307, "Ks": 4.7402437377903747e-07, "rootXDeformation": 0.08831709368905223, "rootZDeformation": 0.42079786412008674, "kcMax": 1.5779571867256492}