{"VG_alpha": 1.7004841514179265, "VG_n": 1.5514330511471637, "thetaS": 0.4055808672718297, "Ks": 4.2116051728941026e-07, "rootXDeformation": 0.0272491867048075, "rootZDeformation": 0.2579017980369277, "kcMax": 1.6863413328417445}