{"VG_alpha": 2.2882793221758195, "VG_n": 1.3132269956462232, "thetaS": 0.4921274120664944, "Ks": 1.414685168477972e-06, "rootXDeformation": 0.19254385629821041, "rootZDeformation": 0.8103866370169123, "kcMax": 1.8008660841592896}