{"VG_alpha": 1.8842966751684673, "VG_n": 1.6, "thetaS": 0.40681922041256374, "Ks": 6.136757494796871e-07, "rootXDeformation": 0.0, "rootZDeformation": 0.507033489689863, "kcMax": 1.8525309976535822}