{"VG_alpha": 1.3302174237803703, "VG_n": 1.3516689144834204, "thetaS": 0.4204648875854584, "Ks": 3.5853727888383526e-07, "rootXDeformation": 0.2695768457268365, "rootZDeformation": 0.7301311783087079, "kcMax": 2.336577864129713}