{"VG_alpha": 1.6482996173214919, "VG_n": 1.5014678500923568, "thetaS": 0.44497303150557277, "Ks": 8.857761567335606e-07, "rootXDeformation": 0.02091820863940315, "rootZDeformation": 0.24664988173663457, "kcMax": 1.6069504528731786}