{"VG_alpha": 1.6928093615291329, "VG_n": 1.4507413240932767, "thetaS": 0.4145079999533563, "Ks": 6.85968223629207e-07, "rootXDeformation": 0.06972301355787269, "rootZDeformation": 0.1264545361391186, "kcMax": 1.6337118107556488}