{"VG_alpha": 1.745798124357353, "VG_n": 1.5258448030113438, "thetaS": 0.38562449490020656, "Ks": 4.01336609888147e-07, "rootXDeformation": 0.0, "rootZDeformation": 0.3171747223993329, "kcMax": 1.6442229994930357}