{"VG_alpha": 1.9019752324189452, "VG_n": 1.6, "thetaS": 0.4377978335921916, "Ks": 1.1329934313460204e-06, "rootXDeformation": 0.0, "rootZDeformation": 0.43544236741831277, "kcMax": 1.6720263993958802}