1gg,3gg,7gg
0.36291233029213155,-0.3081215565097759,-1.147978193314389
