{"VG_alpha": 3.0, "VG_n": 1.4404831572623653, "thetaS": 0.4454471834401289, "Ks": 4.6656472987863693e-07, "rootXDeformation": 0.07389221777631685, "rootZDeformation": 0.0, "kcMax": 1.5}