{"VG_alpha": 2.81860125709776, "VG_n": 1.4838848210659097, "thetaS": 0.42538837906326377, "Ks": 4.284505866504066e-07, "rootXDeformation": 0.010203242374959683, "rootZDeformation": 0.0, "kcMax": 1.5}