{"VG_alpha": 2.660080496293542, "VG_n": 1.4946724086120156, "thetaS": 0.462332395402975, "Ks": 3.0902824343045297e-07, "rootXDeformation": 0.0, "rootZDeformation": 0.014643790475127904, "kcMax": 1.5}