{"VG_alpha": 2.4576479110570775, "VG_n": 1.5339999390559025, "thetaS": 0.454483464787509, "Ks": 3.7079582685378926e-07, "rootXDeformation": 0.0, "rootZDeformation": 0.08713898743288173, "kcMax": 1.7329714220181476}