{"VG_alpha": 2.3346339876809425, "VG_n": 1.35547907798564, "thetaS": 0.4604615391368352, "Ks": 4.999212134076035e-07, "rootXDeformation": 0.11408839018615265, "rootZDeformation": 0.0463026751766832, "kcMax": 1.5495241972973532}