{"VG_alpha": 2.814541881036975, "VG_n": 1.2925849104315403, "thetaS": 0.43930039317853364, "Ks": 3.801817996782095e-07, "rootXDeformation": 0.03787198400793279, "rootZDeformation": 0.3694353262474769, "kcMax": 1.7654002605702672}