{"VG_alpha": 2.6653029655576237, "VG_n": 1.4858888362596667, "thetaS": 0.4343798585155456, "Ks": 2.6420340184881854e-07, "rootXDeformation": 0.0, "rootZDeformation": 0.03763802790502081, "kcMax": 1.5}