{"VG_alpha": 2.5072180885637625, "VG_n": 1.392666432672937, "thetaS": 0.4588307111402209, "Ks": 4.304774430278547e-07, "rootXDeformation": 0.06578702043660277, "rootZDeformation": 0.0, "kcMax": 1.6172775879882928}