{"VG_alpha": 2.3184914114595436, "VG_n": 1.4754596176409183, "thetaS": 0.48473878367620005, "Ks": 2.5258670951217423e-07, "rootXDeformation": 0.12138259410957912, "rootZDeformation": 0.052771294586094496, "kcMax": 1.596878080754406}