{"VG_alpha": 2.3106776397520816, "VG_n": 1.4664797782445338, "thetaS": 0.4731126191477311, "Ks": 2.1123547258625076e-07, "rootXDeformation": 0.0669722399497137, "rootZDeformation": 0.14973782151769535, "kcMax": 1.59925644429811}