{"VG_alpha": 2.7471165095479275, "VG_n": 1.1908545853840806, "thetaS": 0.49968118101409265, "Ks": 4.043134876354814e-07, "rootXDeformation": 0.6764389087266622, "rootZDeformation": 0.8979405311330887, "kcMax": 1.7028046688071425}