{"VG_alpha": 2.870420715862391, "VG_n": 1.4530800537011477, "thetaS": 0.4543811543333237, "Ks": 3.649176265415469e-07, "rootXDeformation": 0.01051397088874171, "rootZDeformation": 0.19539194873991375, "kcMax": 1.7118481822986569}