{"VG_alpha": 2.6796025960148424, "VG_n": 1.4328114601773534, "thetaS": 0.45069414039576816, "Ks": 3.4106508049322217e-07, "rootXDeformation": 0.02272373312937638, "rootZDeformation": 0.0, "kcMax": 1.5}