{"VG_alpha": 3.0, "VG_n": 1.3261252281245905, "thetaS": 0.38724970577974493, "Ks": 3.206102422122328e-07, "rootXDeformation": 0.30181920218005526, "rootZDeformation": 0.7651302141547436, "kcMax": 1.6511770887665855}