{"VG_alpha": 2.8715052955380544, "VG_n": 1.3914539501845633, "thetaS": 0.4673112784001181, "Ks": 5.745439488024583e-07, "rootXDeformation": 0.1922493787615042, "rootZDeformation": 0.7443136719817234, "kcMax": 1.6356771707077011}