{"VG_alpha": 3.0, "VG_n": 1.4298095891176765, "thetaS": 0.42795180059619475, "Ks": 2.9818404569827723e-07, "rootXDeformation": 0.0725597965084929, "rootZDeformation": 0.0, "kcMax": 1.5}