{"VG_alpha": 3.0, "VG_n": 1.3023665338250594, "thetaS": 0.4060685642976176, "Ks": 2.3077597151643996e-07, "rootXDeformation": 0.42754161300026194, "rootZDeformation": 0.7096843243668802, "kcMax": 1.8492610365808528}