{"VG_alpha": 2.8362580530111394, "VG_n": 1.4477353487773827, "thetaS": 0.45286247834364424, "Ks": 2.4190248956492555e-07, "rootXDeformation": 0.003716913091054, "rootZDeformation": 0.0, "kcMax": 1.5}