{"VG_alpha": 2.973790296054214, "VG_n": 1.2878369211080434, "thetaS": 0.4260345900349895, "Ks": 2.1343648677702294e-07, "rootXDeformation": 0.2554743941257073, "rootZDeformation": 0.808010795511144, "kcMax": 1.7830564491767567}