{"VG_alpha": 3.0, "VG_n": 1.495375382809474, "thetaS": 0.4333847777137185, "Ks": 2.679865400544769e-07, "rootXDeformation": 0.01443854969834274, "rootZDeformation": 0.0, "kcMax": 1.5}