{"VG_alpha": 2.974211923757366, "VG_n": 1.4705757713777547, "thetaS": 0.45064260187605326, "Ks": 3.973611897267294e-07, "rootXDeformation": 0.18595414977350888, "rootZDeformation": 0.0, "kcMax": 1.5}