{"VG_alpha": 2.9814697228680513, "VG_n": 1.4602539294805665, "thetaS": 0.4361707295780042, "Ks": 2.2449460895072082e-07, "rootXDeformation": 0.024062514132721605, "rootZDeformation": 0.0, "kcMax": 1.5}