{"VG_alpha": 2.4772602576373233, "VG_n": 1.4088274688612485, "thetaS": 0.4478182126351253, "Ks": 3.3369990842181003e-07, "rootXDeformation": 0.0038183671006340875, "rootZDeformation": 0.352293481803993, "kcMax": 1.7610463103990184}