{"VG_alpha": 3.0, "VG_n": 1.2154402060265002, "thetaS": 0.5, "Ks": 2.500606546036093e-07, "rootXDeformation": 0.5208436975503228, "rootZDeformation": 1.0, "kcMax": 1.6639086799692093}