{"VG_alpha": 2.9849457056846527, "VG_n": 1.5074412786577562, "thetaS": 0.43449092323688865, "Ks": 3.2226583909762656e-07, "rootXDeformation": 0.12314406213816499, "rootZDeformation": 0.0, "kcMax": 1.5410976412618367}