{"VG_alpha": 3.0, "VG_n": 1.2704743154835756, "thetaS": 0.4987695523990763, "Ks": 3.3662003888731385e-07, "rootXDeformation": 0.44550452416791375, "rootZDeformation": 1.0, "kcMax": 1.7431002160724678}