{"VG_alpha": 3.0, "VG_n": 1.4536491196658248, "thetaS": 0.4431361163265025, "Ks": 3.914329569584026e-07, "rootXDeformation": 0.08259574729844975, "rootZDeformation": 0.10151866798006667, "kcMax": 1.6585813015003998}