{"VG_alpha": 3.0, "VG_n": 1.473014578383167, "thetaS": 0.42439309942247394, "Ks": 2.7175709356490124e-07, "rootXDeformation": 0.08027221523422626, "rootZDeformation": 0.05011526379320665, "kcMax": 1.5}