{"VG_alpha": 2.776477437178076, "VG_n": 1.4338740588788992, "thetaS": 0.417410119001579, "Ks": 3.6842340570845283e-07, "rootXDeformation": 0.0, "rootZDeformation": 0.0, "kcMax": 1.5}