{"VG_alpha": 3.0, "VG_n": 1.4666387614701792, "thetaS": 0.43782559564812473, "Ks": 2.259139145656932e-07, "rootXDeformation": 0.10670211447872108, "rootZDeformation": 0.0, "kcMax": 1.5}