{"VG_alpha": 2.7972784574733494, "VG_n": 1.4844411946517377, "thetaS": 0.4510285457157235, "Ks": 1.8038461911643358e-07, "rootXDeformation": 0.0, "rootZDeformation": 0.0, "kcMax": 1.7655463425473958}