{"VG_alpha": 2.917403317436257, "VG_n": 1.4651948837378455, "thetaS": 0.44505003650440705, "Ks": 1.8550761448373858e-07, "rootXDeformation": 0.04616399002940436, "rootZDeformation": 0.0, "kcMax": 1.75171941570341}