{"VG_alpha": 2.3375688877326777, "VG_n": 1.3374397681853873, "thetaS": 0.4362238240777676, "Ks": 4.777763864798935e-07, "rootXDeformation": 0.03614081342161598, "rootZDeformation": 0.05381031307636243, "kcMax": 1.6394196514376809}