{"VG_alpha": 2.9872923229018653, "VG_n": 1.4455709028849506, "thetaS": 0.44890797903397145, "Ks": 2.4567066545184134e-07, "rootXDeformation": 0.007906130923554286, "rootZDeformation": 0.13606977391940092, "kcMax": 1.5}