{"VG_alpha": 2.9886828882306347, "VG_n": 1.4577690469805127, "thetaS": 0.44086748886908966, "Ks": 4.081498179889074e-07, "rootXDeformation": 0.1237338858640167, "rootZDeformation": 0.0661569450295947, "kcMax": 1.715425748791021}