{"VG_alpha": 2.599846816237746, "VG_n": 1.4679960445695062, "thetaS": 0.4203465350471721, "Ks": 4.650861230143597e-07, "rootXDeformation": 0.0, "rootZDeformation": 0.09497146984371606, "kcMax": 1.6493344170220894}