{"VG_alpha": 2.670858192124415, "VG_n": 1.453493923419912, "thetaS": 0.41371677199970797, "Ks": 2.618882059727284e-07, "rootXDeformation": 0.04230170951354181, "rootZDeformation": 0.015507255590426774, "kcMax": 1.7386721552897937}