{"VG_alpha": 2.645016288566548, "VG_n": 1.46700118003785, "thetaS": 0.4350135161810196, "Ks": 2.716545968704354e-07, "rootXDeformation": 0.0, "rootZDeformation": 0.09105496448245293, "kcMax": 1.7128110807280768}