{"VG_alpha": 2.808134063853241, "VG_n": 1.4773163666055544, "thetaS": 0.4519014197287134, "Ks": 3.117847780752278e-07, "rootXDeformation": 0.029393750981630582, "rootZDeformation": 0.0, "kcMax": 1.705509663342706}