{"VG_alpha": 2.8134210336947483, "VG_n": 1.3644606549964595, "thetaS": 0.4267513011763586, "Ks": 3.570183793237524e-07, "rootXDeformation": 0.0, "rootZDeformation": 0.0, "kcMax": 1.7181924590903428}