{"VG_alpha": 2.817078071799287, "VG_n": 1.4415824051179151, "thetaS": 0.47331018188852986, "Ks": 3.353069727807041e-07, "rootXDeformation": 0.05987799102348196, "rootZDeformation": 0.04359642854217528, "kcMax": 1.5399340624017115}