{"VG_alpha": 2.841670933583572, "VG_n": 1.454141307267538, "thetaS": 0.43893889597320496, "Ks": 2.872048651723695e-07, "rootXDeformation": 0.04450644560590673, "rootZDeformation": 0.08727545390421054, "kcMax": 1.6711751167124174}