{"VG_alpha": 2.8931289261903705, "VG_n": 1.372515837690725, "thetaS": 0.4428690105517642, "Ks": 2.915909887249373e-07, "rootXDeformation": 0.0, "rootZDeformation": 0.06448356248304812, "kcMax": 1.5}