{"VG_alpha": 2.611643878206304, "VG_n": 1.4713580894019906, "thetaS": 0.4335191322313702, "Ks": 1.807459214172144e-07, "rootXDeformation": 0.10269767211709786, "rootZDeformation": 0.0, "kcMax": 1.5564343691207725}