{"VG_alpha": 2.802458466986706, "VG_n": 1.367472970748057, "thetaS": 0.4496011472853818, "Ks": 2.4884142166774086e-07, "rootXDeformation": 0.2607152406008023, "rootZDeformation": 0.8574718429991053, "kcMax": 1.976263361245342}