{"VG_alpha": 3.0, "VG_n": 1.4428814787811683, "thetaS": 0.41788173151309044, "Ks": 2.73749119367566e-07, "rootXDeformation": 0.0, "rootZDeformation": 0.0, "kcMax": 1.5339670479568022}