{"VG_alpha": 2.7040846367431994, "VG_n": 1.4949074895276162, "thetaS": 0.46162969725306346, "Ks": 3.827302921353347e-07, "rootXDeformation": 0.1579007988709227, "rootZDeformation": 0.03530539213573597, "kcMax": 1.5933634529933438}