{"VG_alpha": 2.8341025584613235, "VG_n": 1.4394739590861159, "thetaS": 0.43191275034852394, "Ks": 2.0140788327311397e-07, "rootXDeformation": 0.023548384511193673, "rootZDeformation": 0.0663732525099963, "kcMax": 1.6333153442676565}