{"VG_alpha": 2.4777203915336274, "VG_n": 1.4117600862890813, "thetaS": 0.41940354738658153, "Ks": 1.7969359801639071e-07, "rootXDeformation": 0.08224864710131491, "rootZDeformation": 0.06016932815624131, "kcMax": 1.7636359540095317}