{"VG_alpha": 2.794343557421614, "VG_n": 1.5024805044519907, "thetaS": 0.47526626077479106, "Ks": 1.887454052159417e-07, "rootXDeformation": 0.0, "rootZDeformation": 0.0, "kcMax": 1.675650888407068}