{"VG_alpha": 2.6836770713965263, "VG_n": 1.4765266291054187, "thetaS": 0.43292012160199, "Ks": 4.5372955710100075e-07, "rootXDeformation": 0.04709260225804254, "rootZDeformation": 0.040583377795257426, "kcMax": 1.5}