{"VG_alpha": 3.0, "VG_n": 1.4343326596316874, "thetaS": 0.4640619128212478, "Ks": 3.0328821002505145e-07, "rootXDeformation": 0.15844605806238, "rootZDeformation": 0.15293954278610922, "kcMax": 1.5}