{"VG_alpha": 2.7630854758634515, "VG_n": 1.3252820157002652, "thetaS": 0.4460936556363661, "Ks": 2.3618786414716724e-07, "rootXDeformation": 0.0, "rootZDeformation": 0.0, "kcMax": 1.5}