{"VG_alpha": 2.8429866422511902, "VG_n": 1.413318354878302, "thetaS": 0.4395343381405281, "Ks": 4.15954080718756e-07, "rootXDeformation": 0.0, "rootZDeformation": 0.055587314734901125, "kcMax": 1.659711752313257}