{"VG_alpha": 2.4732581351468568, "VG_n": 1.4451064505611098, "thetaS": 0.4612365718091262, "Ks": 3.653892125552308e-07, "rootXDeformation": 0.019772308929912896, "rootZDeformation": 0.0, "kcMax": 1.6060694169401621}