{"VG_alpha": 2.5768752900073326, "VG_n": 1.4461780476972212, "thetaS": 0.47261524595809423, "Ks": 3.7306977111663554e-07, "rootXDeformation": 0.09710200324529736, "rootZDeformation": 0.0, "kcMax": 1.6554502750703082}