{"VG_alpha": 3.0, "VG_n": 1.454100092555704, "thetaS": 0.4405868431565849, "Ks": 3.897201218675685e-07, "rootXDeformation": 0.10987693757243505, "rootZDeformation": 0.0, "kcMax": 1.5507093324811774}