{"VG_alpha": 2.669704269050869, "VG_n": 1.3650042961645572, "thetaS": 0.4391033388701109, "Ks": 2.0951026595571562e-07, "rootXDeformation": 0.10824468057554867, "rootZDeformation": 0.0, "kcMax": 1.8950605123876245}