{"VG_alpha": 2.885279417778043, "VG_n": 1.3681396014350868, "thetaS": 0.3644746993389652, "Ks": 4.4303520622337635e-07, "rootXDeformation": 0.5589356492953266, "rootZDeformation": 0.6886806211358125, "kcMax": 1.6188498526125235}