{"VG_alpha": 2.756507261851537, "VG_n": 1.3824727877892768, "thetaS": 0.45211264238855325, "Ks": 4.226806620131432e-07, "rootXDeformation": 0.0, "rootZDeformation": 0.21856079349249746, "kcMax": 1.5}