{"VG_alpha": 3.0, "VG_n": 1.382417991320989, "thetaS": 0.4256444389495073, "Ks": 3.2456358540067075e-07, "rootXDeformation": 0.0, "rootZDeformation": 0.0, "kcMax": 1.5459373273132804}