{"VG_alpha": 2.998201095750638, "VG_n": 1.4193347932148392, "thetaS": 0.44792464591738224, "Ks": 3.765374981788879e-07, "rootXDeformation": 0.1642305577828863, "rootZDeformation": 0.0, "kcMax": 1.5}