{"VG_alpha": 2.5834415054018507, "VG_n": 1.3024647246447385, "thetaS": 0.43320175284049456, "Ks": 3.0230213297284847e-07, "rootXDeformation": 0.05302595143181041, "rootZDeformation": 0.7497934790705865, "kcMax": 1.7488276165621792}