{"VG_alpha": 2.762333872723163, "VG_n": 1.3748029928149101, "thetaS": 0.4717556704863351, "Ks": 3.205018172868993e-07, "rootXDeformation": 0.0, "rootZDeformation": 0.0, "kcMax": 1.6433397356103205}