{"VG_alpha": 2.6246943565905294, "VG_n": 1.4472538399644408, "thetaS": 0.4526593737123378, "Ks": 2.0948390938783933e-07, "rootXDeformation": 0.0, "rootZDeformation": 0.12210523476027015, "kcMax": 1.697792951856456}