{"VG_alpha": 2.9932713458115074, "VG_n": 1.4270614962702795, "thetaS": 0.44325089709163223, "Ks": 3.058840981581595e-07, "rootXDeformation": 0.0, "rootZDeformation": 0.0, "kcMax": 1.6124881531896942}