{"VG_alpha": 2.8738890948980735, "VG_n": 1.4023725734459758, "thetaS": 0.44737802751788036, "Ks": 2.3726678414284018e-07, "rootXDeformation": 0.12071662141681799, "rootZDeformation": 0.0, "kcMax": 1.5}