{"VG_alpha": 2.8895601112686, "VG_n": 1.4812688303130561, "thetaS": 0.43222925606449075, "Ks": 2.153119917320474e-07, "rootXDeformation": 0.1423293290364323, "rootZDeformation": 0.0, "kcMax": 1.5}