{"VG_alpha": 2.727582592371879, "VG_n": 1.4069101891517024, "thetaS": 0.43270096672362157, "Ks": 2.3631565478291708e-07, "rootXDeformation": 0.11321482497777166, "rootZDeformation": 0.06285748883176706, "kcMax": 1.5}