{"VG_alpha": 1.9311640800767778, "VG_n": 1.5885461262002585, "thetaS": 0.49691892796782244, "Ks": 5.976643456161598e-07, "rootXDeformation": 0.7863586383672967, "rootZDeformation": 0.20118134775483737, "kcMax": 1.518452194484964}