{"VG_alpha": 2.7156546918486972, "VG_n": 1.467862080482393, "thetaS": 0.4274937180222813, "Ks": 2.3127497739962645e-07, "rootXDeformation": 0.03993054829133355, "rootZDeformation": 0.0, "kcMax": 1.5996512253382136}