{"VG_alpha": 3.0, "VG_n": 1.5011503045772467, "thetaS": 0.47005114495145583, "Ks": 7.7483108580867e-07, "rootXDeformation": 0.041076151034059094, "rootZDeformation": 0.18453084556539706, "kcMax": 1.6860575375301692}