{"VG_alpha": 2.396358524018483, "VG_n": 1.3575640239726758, "thetaS": 0.4817168219263569, "Ks": 3.054880266562186e-07, "rootXDeformation": 0.371977008552205, "rootZDeformation": 0.9611984337108032, "kcMax": 1.5}