{"VG_alpha": 2.9955448067491393, "VG_n": 1.4746104951222345, "thetaS": 0.4530252107995828, "Ks": 2.3495777504134641e-07, "rootXDeformation": 0.045263709955517525, "rootZDeformation": 0.0, "kcMax": 1.5}