{"VG_alpha": 2.462208176103423, "VG_n": 1.4749159764728206, "thetaS": 0.4723867459824478, "Ks": 4.3042328860303624e-07, "rootXDeformation": 0.0, "rootZDeformation": 0.04460195905254503, "kcMax": 1.5}