{"VG_alpha": 2.4959246637643444, "VG_n": 1.310340668914011, "thetaS": 0.4048366316006293, "Ks": 4.216736245593414e-07, "rootXDeformation": 0.3995357167610672, "rootZDeformation": 0.9619439948861274, "kcMax": 1.839119067204867}