{"VG_alpha": 2.869743790362816, "VG_n": 1.4370756375673128, "thetaS": 0.4594782022755624, "Ks": 3.4326983360474e-07, "rootXDeformation": 0.1763333484496371, "rootZDeformation": 0.0038662628415589177, "kcMax": 1.5}