{"VG_alpha": 2.9372765449913953, "VG_n": 1.3516498489653106, "thetaS": 0.5, "Ks": 2.390050520328087e-07, "rootXDeformation": 0.6151147234764683, "rootZDeformation": 0.8678865585005421, "kcMax": 1.8331047621591499}