{"VG_alpha": 3.0, "VG_n": 1.2434383701080078, "thetaS": 0.43090296313249066, "Ks": 4.624492201234755e-07, "rootXDeformation": 0.5030555456398877, "rootZDeformation": 0.8520009296466375, "kcMax": 2.1517499162846843}