{"VG_alpha": 2.845150250124176, "VG_n": 1.2650392876718843, "thetaS": 0.3891564833791402, "Ks": 3.9551659633614516e-07, "rootXDeformation": 0.43461469427231586, "rootZDeformation": 0.6388618316448214, "kcMax": 1.9777275573616322}