{"VG_alpha": 2.8766587699443114, "VG_n": 1.4931439746936728, "thetaS": 0.41918617089713617, "Ks": 2.4503506377000103e-07, "rootXDeformation": 0.1549802543005937, "rootZDeformation": 0.29723917120333965, "kcMax": 1.5350495035726421}