{"VG_alpha": 3.0, "VG_n": 1.5276044666641178, "thetaS": 0.4542766379618425, "Ks": 5.817052192656313e-07, "rootXDeformation": 0.0, "rootZDeformation": 0.0035625100551504446, "kcMax": 1.7786021716858131}