{"VG_alpha": 2.795801963174192, "VG_n": 1.4768037075652272, "thetaS": 0.464127894674231, "Ks": 3.252039221992773e-07, "rootXDeformation": 0.0, "rootZDeformation": 0.0, "kcMax": 1.5}