{"VG_alpha": 2.9740283437630377, "VG_n": 1.415501159654894, "thetaS": 0.43407922851401615, "Ks": 2.3496383097248637e-07, "rootXDeformation": 0.08751067684134763, "rootZDeformation": 0.0, "kcMax": 1.5}