{"VG_alpha": 2.471405260558204, "VG_n": 1.4881166676551494, "thetaS": 0.4773217992241928, "Ks": 1.67817141290535e-07, "rootXDeformation": 0.07582524836986698, "rootZDeformation": 0.0, "kcMax": 1.7666666028462341}