{"VG_alpha": 2.7906051614804808, "VG_n": 1.4745292131187073, "thetaS": 0.4591992946423234, "Ks": 4.0839064020891465e-07, "rootXDeformation": 0.02101531075489347, "rootZDeformation": 0.1728956394611286, "kcMax": 1.5242740994418438}