{"VG_alpha": 2.737078428714047, "VG_n": 1.4456698891965611, "thetaS": 0.46462054107093587, "Ks": 3.354906964869165e-07, "rootXDeformation": 0.21020098717140306, "rootZDeformation": 0.0, "kcMax": 1.5}