{"VG_alpha": 2.486296890007522, "VG_n": 1.4774768533588596, "thetaS": 0.43257797011438637, "Ks": 2.829839979152667e-07, "rootXDeformation": 0.0, "rootZDeformation": 0.0, "kcMax": 1.6681492091265697}