{"VG_alpha": 2.702769635167735, "VG_n": 1.309066280538319, "thetaS": 0.35381936802508684, "Ks": 2.5968686378950344e-07, "rootXDeformation": 0.5045145475401508, "rootZDeformation": 0.7696924184726547, "kcMax": 1.6594371981450031}