{"VG_alpha": 2.5317808913662962, "VG_n": 1.5001183466663677, "thetaS": 0.443027445115185, "Ks": 4.15835012954494e-07, "rootXDeformation": 0.0, "rootZDeformation": 0.0, "kcMax": 1.7452077098227319}