{"VG_alpha": 3.0, "VG_n": 1.35141089387609, "thetaS": 0.37333151743657667, "Ks": 3.6162238539306193e-07, "rootXDeformation": 0.2804137904232783, "rootZDeformation": 0.8062039596514556, "kcMax": 1.8219423347720882}