{"VG_alpha": 2.712002389280725, "VG_n": 1.4045896634944572, "thetaS": 0.4534614507074909, "Ks": 2.9903322051555733e-07, "rootXDeformation": 0.04194529486337095, "rootZDeformation": 0.07961410313570598, "kcMax": 1.505696920694853}