{"VG_alpha": 3.0, "VG_n": 1.5185859045638184, "thetaS": 0.44277706440703457, "Ks": 3.659725739042608e-07, "rootXDeformation": 0.07570472281236988, "rootZDeformation": 0.0, "kcMax": 1.5}