{"VG_alpha": 2.800140685370065, "VG_n": 1.4038403280040688, "thetaS": 0.4393456606553354, "Ks": 2.4132779619444986e-07, "rootXDeformation": 0.14963013176661716, "rootZDeformation": 0.03239761217719385, "kcMax": 1.565565880603838}