{"VG_alpha": 2.6742645340972144, "VG_n": 1.305920333581475, "thetaS": 0.45700662006504966, "Ks": 2.4320149024847183e-07, "rootXDeformation": 0.04021005219788281, "rootZDeformation": 0.0, "kcMax": 1.582099117826601}