{"VG_alpha": 3.0, "VG_n": 1.3263475132615656, "thetaS": 0.4237786954123539, "Ks": 5.328330672407816e-07, "rootXDeformation": 0.3590757511609638, "rootZDeformation": 0.5965261533494983, "kcMax": 1.508674846043212}