{"VG_alpha": 2.4941466947324007, "VG_n": 1.3812040140907327, "thetaS": 0.44623451362935274, "Ks": 2.4093995471492755e-07, "rootXDeformation": 0.03175245744023226, "rootZDeformation": 0.0, "kcMax": 1.940526609869525}