{"VG_alpha": 2.8319827158103417, "VG_n": 1.3924145878271785, "thetaS": 0.39496593563284355, "Ks": 4.0389874484649165e-07, "rootXDeformation": 0.44178946675232, "rootZDeformation": 0.5730245627997258, "kcMax": 1.5259054483266818}