{"VG_alpha": 2.934141231557077, "VG_n": 1.4045836740304367, "thetaS": 0.4659949287023623, "Ks": 2.593475650574358e-07, "rootXDeformation": 0.0, "rootZDeformation": 0.07949500265069724, "kcMax": 1.815082623436437}