{"VG_alpha": 2.940332950458112, "VG_n": 1.471210398144022, "thetaS": 0.4854792474441487, "Ks": 3.2532200432530885e-07, "rootXDeformation": 0.0, "rootZDeformation": 0.0, "kcMax": 1.6908955332490776}