{"VG_alpha": 3.0, "VG_n": 1.4348805091080745, "thetaS": 0.44495838680009725, "Ks": 2.7029400861787284e-07, "rootXDeformation": 0.0, "rootZDeformation": 0.05381059818054474, "kcMax": 1.5973253039858448}