{"VG_alpha": 2.797909081729376, "VG_n": 1.442583246144602, "thetaS": 0.44317186291274946, "Ks": 3.365372109467265e-07, "rootXDeformation": 0.11054488224368508, "rootZDeformation": 0.08426148293817047, "kcMax": 1.5}