{"VG_alpha": 2.937030772713986, "VG_n": 1.38339463968432, "thetaS": 0.42857922025148687, "Ks": 4.1305616009409336e-07, "rootXDeformation": 0.3743326355718459, "rootZDeformation": 1.0, "kcMax": 1.6901682931041975}