{"VG_alpha": 2.4614588804323825, "VG_n": 1.4443924766338705, "thetaS": 0.46501609354882295, "Ks": 4.4874979912610643e-07, "rootXDeformation": 0.0, "rootZDeformation": 0.0, "kcMax": 1.587347042899267}