{"VG_alpha": 3.0, "VG_n": 1.446083057469582, "thetaS": 0.45994981478707386, "Ks": 2.5505929644738776e-07, "rootXDeformation": 0.1093357151315559, "rootZDeformation": 0.06213602126359243, "kcMax": 1.5621513650792673}