{"VG_alpha": 2.6055654754934006, "VG_n": 1.4012155162072535, "thetaS": 0.46172006392580467, "Ks": 1.6650178677345483e-07, "rootXDeformation": 0.0, "rootZDeformation": 0.0, "kcMax": 1.5802229815607087}