{"VG_alpha": 2.9770757618768267, "VG_n": 1.4382301925643493, "thetaS": 0.42059049168265705, "Ks": 4.7232781886902014e-07, "rootXDeformation": 0.05196062662128019, "rootZDeformation": 0.08594694957890466, "kcMax": 1.5161447344133918}