{"VG_alpha": 2.2526664692039313, "VG_n": 1.3294991351160252, "thetaS": 0.4698071179783597, "Ks": 2.967923441261617e-07, "rootXDeformation": 0.03623780135426957, "rootZDeformation": 0.0, "kcMax": 1.7715737011345714}