{"VG_alpha": 2.998804785541651, "VG_n": 1.4831346735273776, "thetaS": 0.41627131596072836, "Ks": 3.4035697490501203e-07, "rootXDeformation": 0.17058260435593364, "rootZDeformation": 0.0, "kcMax": 1.5}