{"VG_alpha": 2.496775902359966, "VG_n": 1.511137233093561, "thetaS": 0.4337193485873936, "Ks": 3.3780752128986377e-07, "rootXDeformation": 0.0, "rootZDeformation": 0.0, "kcMax": 1.5}