{"VG_alpha": 2.867189531418835, "VG_n": 1.383357524434799, "thetaS": 0.4518955333274084, "Ks": 4.616060722199727e-07, "rootXDeformation": 0.2332893148571504, "rootZDeformation": 0.38082823739119426, "kcMax": 1.5578235434720238}