{"VG_alpha": 2.7119426589051865, "VG_n": 1.355595412904054, "thetaS": 0.41255061930213377, "Ks": 2.773924347515536e-07, "rootXDeformation": 0.2569413749316728, "rootZDeformation": 0.9358012524201367, "kcMax": 1.7294726573664352}