{"VG_alpha": 2.7772974465522955, "VG_n": 1.4515192720268701, "thetaS": 0.41922702582508553, "Ks": 3.0393572655468833e-07, "rootXDeformation": 0.030767072669780193, "rootZDeformation": 0.1165394630680021, "kcMax": 1.782782536831936}