{"VG_alpha": 2.408238277607176, "VG_n": 1.4032655929170927, "thetaS": 0.43320632507307677, "Ks": 2.2952733879951336e-07, "rootXDeformation": 0.0, "rootZDeformation": 0.035421408112545724, "kcMax": 1.7584794707425995}