{"VG_alpha": 2.8496484923566308, "VG_n": 1.4803827661105269, "thetaS": 0.4473955689835939, "Ks": 3.683416719975657e-07, "rootXDeformation": 0.0, "rootZDeformation": 0.020634435228811785, "kcMax": 1.5433654421178016}