{"VG_alpha": 2.5684083891734013, "VG_n": 1.4323928759163107, "thetaS": 0.44708940686461734, "Ks": 1.9936245827556973e-07, "rootXDeformation": 0.006674778850988299, "rootZDeformation": 0.1687658170226888, "kcMax": 1.9024024972123659}