{"VG_alpha": 2.382762651040451, "VG_n": 1.5028514507408126, "thetaS": 0.43940528041742855, "Ks": 3.8199615032720466e-07, "rootXDeformation": 0.0, "rootZDeformation": 0.05142235395631, "kcMax": 1.5466144320853807}