{"VG_alpha": 2.4957750255551714, "VG_n": 1.3704646372278424, "thetaS": 0.469697925964994, "Ks": 3.5085701011043876e-07, "rootXDeformation": 0.06958297071202015, "rootZDeformation": 0.0, "kcMax": 1.984314444024313}