{"VG_alpha": 2.9699453629589643, "VG_n": 1.3678799497546623, "thetaS": 0.4781082484489293, "Ks": 3.348622320894846e-07, "rootXDeformation": 0.0, "rootZDeformation": 0.0, "kcMax": 1.5642701042669203}