{"VG_alpha": 2.427264232189754, "VG_n": 1.4698215597739894, "thetaS": 0.45294233476906953, "Ks": 3.1964724249872996e-07, "rootXDeformation": 0.0, "rootZDeformation": 0.09954596462462292, "kcMax": 1.753994630226888}