{"VG_alpha": 2.8373855642415062, "VG_n": 1.3958171256273109, "thetaS": 0.42878641692034425, "Ks": 3.498491694724666e-07, "rootXDeformation": 0.16215467320809665, "rootZDeformation": 0.006138310796251039, "kcMax": 1.7401683109611452}