{"VG_alpha": 3.0, "VG_n": 1.49927397416013, "thetaS": 0.42748583431602705, "Ks": 3.182100551913431e-07, "rootXDeformation": 0.04900286740385899, "rootZDeformation": 0.0, "kcMax": 1.6175535346233005}