{"VG_alpha": 2.787203813117129, "VG_n": 1.3127443866633253, "thetaS": 0.41688616346270724, "Ks": 3.453547005560458e-07, "rootXDeformation": 0.472321677984915, "rootZDeformation": 0.9451114138665729, "kcMax": 2.2796667779423445}