{"VG_alpha": 2.833332276017633, "VG_n": 1.4506298470905508, "thetaS": 0.46490539767855377, "Ks": 3.4911009309108834e-07, "rootXDeformation": 0.009210168449595268, "rootZDeformation": 0.0, "kcMax": 1.541558913948268}