{"VG_alpha": 2.9452413925094914, "VG_n": 1.3676952558850322, "thetaS": 0.4861301369179908, "Ks": 4.135580231276845e-07, "rootXDeformation": 0.31797178958171085, "rootZDeformation": 0.68886778219386, "kcMax": 1.8337611185219684}