{"VG_alpha": 2.455710078488358, "VG_n": 1.3618070034556242, "thetaS": 0.43334796448070445, "Ks": 2.2863522965614575e-07, "rootXDeformation": 0.0, "rootZDeformation": 0.026958124078710174, "kcMax": 1.7495158592720008}