{"VG_alpha": 2.9597310941012904, "VG_n": 1.490826831686527, "thetaS": 0.44191615024710196, "Ks": 2.2588022908700073e-07, "rootXDeformation": 0.004095437913151152, "rootZDeformation": 0.0, "kcMax": 1.5}