{"VG_alpha": 2.605890971866166, "VG_n": 1.355783060575699, "thetaS": 0.470796102533799, "Ks": 4.533384264845838e-07, "rootXDeformation": 0.0, "rootZDeformation": 0.09956629788981054, "kcMax": 1.5376126815810942}