{"VG_alpha": 2.7844886243686178, "VG_n": 1.488201558065172, "thetaS": 0.4438035928997959, "Ks": 2.7786612057241083e-07, "rootXDeformation": 0.0, "rootZDeformation": 0.1691375707346041, "kcMax": 1.533903486882769}