{"VG_alpha": 3.0, "VG_n": 1.3469102420048114, "thetaS": 0.43668992134886786, "Ks": 3.6413038593857983e-07, "rootXDeformation": 0.30989549588088305, "rootZDeformation": 0.7269989981743018, "kcMax": 1.742469103644277}