{"VG_alpha": 2.2741437372831, "VG_n": 1.3609659789454593, "thetaS": 0.45556369163365845, "Ks": 5.074350555079214e-07, "rootXDeformation": 0.0, "rootZDeformation": 0.008563498178719714, "kcMax": 1.6133311045038095}