{"VG_alpha": 2.7415323952498944, "VG_n": 1.3845817335390072, "thetaS": 0.44397515607493426, "Ks": 3.5065124776657096e-07, "rootXDeformation": 0.08300205258916779, "rootZDeformation": 0.06405304987695078, "kcMax": 1.532440281443319}