{"VG_alpha": 2.8530253305678936, "VG_n": 1.3325540662705855, "thetaS": 0.44265470215240454, "Ks": 3.569855318302036e-07, "rootXDeformation": 0.0, "rootZDeformation": 0.3270296542710083, "kcMax": 1.5}