{"VG_alpha": 2.6001315537879957, "VG_n": 1.33980192597101, "thetaS": 0.4684626397373736, "Ks": 2.1686028078310068e-07, "rootXDeformation": 0.1641076835813626, "rootZDeformation": 0.04276528684401453, "kcMax": 1.569862830022017}