{"VG_alpha": 2.4545864988235584, "VG_n": 1.405962263255203, "thetaS": 0.4685458005322666, "Ks": 3.1767320203745377e-07, "rootXDeformation": 0.0, "rootZDeformation": 0.20568881786391857, "kcMax": 1.5}