{"VG_alpha": 2.632046122344561, "VG_n": 1.3097129510245817, "thetaS": 0.41412637692336357, "Ks": 2.0531068941973668e-07, "rootXDeformation": 0.10815750803946192, "rootZDeformation": 0.7197910686039874, "kcMax": 1.8177571318602528}