{"VG_alpha": 2.9009988699981966, "VG_n": 1.441726923784132, "thetaS": 0.4567694421059958, "Ks": 1.9895041304100485e-07, "rootXDeformation": 0.04547997566623034, "rootZDeformation": 0.0, "kcMax": 1.5}