{"VG_alpha": 2.5084106270769997, "VG_n": 1.4177688494198954, "thetaS": 0.4746346528829213, "Ks": 2.721539129957865e-07, "rootXDeformation": 0.0, "rootZDeformation": 0.0, "kcMax": 1.5206143365828886}