{"VG_alpha": 2.6442907447600015, "VG_n": 1.4920963500106135, "thetaS": 0.42244064689794775, "Ks": 4.2266104556510156e-07, "rootXDeformation": 0.0008484674180627334, "rootZDeformation": 0.0, "kcMax": 1.5219703385350816}