{"VG_alpha": 3.0, "VG_n": 1.3960722952825715, "thetaS": 0.4519715547253891, "Ks": 2.1932474264861485e-07, "rootXDeformation": 0.08723735991255085, "rootZDeformation": 0.028451202796287205, "kcMax": 1.588959642393892}