{"VG_alpha": 3.0, "VG_n": 1.4138497383249158, "thetaS": 0.41569504471348195, "Ks": 3.156775769618738e-07, "rootXDeformation": 0.09840149205170798, "rootZDeformation": 0.08409587876582028, "kcMax": 1.5}