{"VG_alpha": 3.0, "VG_n": 1.508807793045463, "thetaS": 0.4580459397639749, "Ks": 4.385452158465702e-07, "rootXDeformation": 0.10771399054704017, "rootZDeformation": 0.04834810653562865, "kcMax": 1.6173176160855045}