{"VG_alpha": 2.4335175509114144, "VG_n": 1.4581981121029077, "thetaS": 0.4675474473496497, "Ks": 3.691193468123216e-07, "rootXDeformation": 0.0, "rootZDeformation": 0.06673939082470427, "kcMax": 1.8216661691654514}