{"VG_alpha": 2.7290225348742636, "VG_n": 1.1739890786394926, "thetaS": 0.4862052186916166, "Ks": 3.404602327297865e-07, "rootXDeformation": 0.6468402356475156, "rootZDeformation": 1.0, "kcMax": 1.8937851666639243}