{"VG_alpha": 3.0, "VG_n": 1.4841632757530416, "thetaS": 0.43732306316506864, "Ks": 3.616850747909874e-07, "rootXDeformation": 0.14467472235798315, "rootZDeformation": 0.0, "kcMax": 1.7222221545212262}