{"VG_alpha": 2.95808502498298, "VG_n": 1.4344397601048404, "thetaS": 0.4823533551476153, "Ks": 2.6411358344712e-07, "rootXDeformation": 0.6706865544236014, "rootZDeformation": 0.9812947980233364, "kcMax": 1.6771561852951224}