{"VG_alpha": 2.897803457374116, "VG_n": 1.4564236939124715, "thetaS": 0.463385965541813, "Ks": 2.682926691805842e-07, "rootXDeformation": 0.10400755603570702, "rootZDeformation": 0.0, "kcMax": 1.5}