{"VG_alpha": 2.2179927172661698, "VG_n": 1.390791508484408, "thetaS": 0.44499947455729294, "Ks": 1.8399753652551006e-07, "rootXDeformation": 0.10548507496231004, "rootZDeformation": 0.0, "kcMax": 1.687562621164127}