{"VG_alpha": 2.3688269692908404, "VG_n": 1.5146382569371126, "thetaS": 0.46539642921619256, "Ks": 3.8180665206645183e-07, "rootXDeformation": 0.06452180893782056, "rootZDeformation": 0.01314415068506655, "kcMax": 1.8319920894435164}