{"VG_alpha": 2.8911579510632137, "VG_n": 1.421580064246468, "thetaS": 0.45594006272818655, "Ks": 3.18130866013932e-07, "rootXDeformation": 0.08113221258150705, "rootZDeformation": 0.2526165122950511, "kcMax": 1.620398938902625}