{"VG_alpha": 2.887676993381178, "VG_n": 1.5180113989069632, "thetaS": 0.4433034764903494, "Ks": 3.303417469178957e-07, "rootXDeformation": 0.015998084870329915, "rootZDeformation": 0.0, "kcMax": 1.59800928419018}