{"VG_alpha": 2.6605071845960877, "VG_n": 1.3518036049822284, "thetaS": 0.43416828562836585, "Ks": 5.373592767417852e-07, "rootXDeformation": 0.0, "rootZDeformation": 0.04024022762374483, "kcMax": 1.5484039369985145}