{"VG_alpha": 2.633524061954186, "VG_n": 1.373707684988513, "thetaS": 0.45362754059557303, "Ks": 3.254910407196351e-07, "rootXDeformation": 0.052173466959860956, "rootZDeformation": 0.0, "kcMax": 1.5}