{"VG_alpha": 2.8434762220412226, "VG_n": 1.399947878305702, "thetaS": 0.4195047944752884, "Ks": 3.7766632377798126e-07, "rootXDeformation": 0.38786212619678817, "rootZDeformation": 0.8937618833027671, "kcMax": 1.583346425438316}