{"VG_alpha": 2.637765750421891, "VG_n": 1.458716258546645, "thetaS": 0.46525557122320593, "Ks": 3.7427622901088243e-07, "rootXDeformation": 0.0, "rootZDeformation": 0.1423948715980709, "kcMax": 1.5}