{"VG_alpha": 2.811169035517616, "VG_n": 1.5003228666892496, "thetaS": 0.46571452849474976, "Ks": 3.0442413242386283e-07, "rootXDeformation": 0.0, "rootZDeformation": 0.00047962923398834137, "kcMax": 1.5339715939521728}