{"VG_alpha": 2.8401802517949584, "VG_n": 1.399371021214793, "thetaS": 0.4362461654919195, "Ks": 2.882172834810878e-07, "rootXDeformation": 0.1527689281374823, "rootZDeformation": 0.01903710450534578, "kcMax": 1.5}