{"VG_alpha": 3.0, "VG_n": 1.4474795931642832, "thetaS": 0.4483866561097841, "Ks": 4.0413815654239204e-07, "rootXDeformation": 0.014426829203247544, "rootZDeformation": 0.07088959539443204, "kcMax": 1.6806044585289561}