{"VG_alpha": 2.3499881467924646, "VG_n": 1.3568385037956443, "thetaS": 0.4653256277856235, "Ks": 5.486303040745706e-07, "rootXDeformation": 0.0638931131376801, "rootZDeformation": 0.049323625206916764, "kcMax": 1.7821557731748003}