{"VG_alpha": 2.6224118869962405, "VG_n": 1.2647593823868217, "thetaS": 0.5, "Ks": 3.708996867955779e-07, "rootXDeformation": 0.7253223921348492, "rootZDeformation": 0.8193108671186902, "kcMax": 1.7559671612888863}