{"VG_alpha": 2.6889172666904275, "VG_n": 1.4280336087269339, "thetaS": 0.42385914283723186, "Ks": 1.7189194108954818e-07, "rootXDeformation": 0.005954822565311437, "rootZDeformation": 0.050391399916963356, "kcMax": 1.8418184775046962}