{"VG_alpha": 2.7958117241082103, "VG_n": 1.4637019014381212, "thetaS": 0.423704240439086, "Ks": 2.2063836346563525e-07, "rootXDeformation": 0.06881404013499706, "rootZDeformation": 0.016074441822295244, "kcMax": 1.6358878223503464}