{"VG_alpha": 2.49655291294171, "VG_n": 1.437671288071186, "thetaS": 0.4473817223364487, "Ks": 1.9369610972989492e-07, "rootXDeformation": 0.04870162883658194, "rootZDeformation": 0.07733616012033344, "kcMax": 1.5}