{"VG_alpha": 2.552508915969555, "VG_n": 1.3685134539837263, "thetaS": 0.47497460496997795, "Ks": 4.967614073978235e-07, "rootXDeformation": 0.057778292202997614, "rootZDeformation": 0.2088362618016536, "kcMax": 1.7146767317415086}