{"VG_alpha": 2.7172306479771065, "VG_n": 1.4989956560770308, "thetaS": 0.4526845272153047, "Ks": 3.962052089407268e-07, "rootXDeformation": 0.0, "rootZDeformation": 0.10863294937944523, "kcMax": 1.5}