{"VG_alpha": 3.0, "VG_n": 1.4419499767923882, "thetaS": 0.47154208645266443, "Ks": 4.530353324633416e-07, "rootXDeformation": 0.0948599464273131, "rootZDeformation": 0.0414209739079307, "kcMax": 1.5347778584549738}