{"VG_alpha": 3.0, "VG_n": 1.504697974286901, "thetaS": 0.4470615926080521, "Ks": 3.220808208496372e-07, "rootXDeformation": 0.22866739762233448, "rootZDeformation": 0.0, "kcMax": 1.5781929730718365}