{"VG_alpha": 2.385581568643879, "VG_n": 1.4598340820409628, "thetaS": 0.4470276896824613, "Ks": 3.022456995750172e-07, "rootXDeformation": 0.0, "rootZDeformation": 0.1028621044226245, "kcMax": 1.5181109054802444}