{"VG_alpha": 2.330263646855154, "VG_n": 1.410900494609248, "thetaS": 0.48369535775008454, "Ks": 1.7409808011075395e-07, "rootXDeformation": 0.0, "rootZDeformation": 0.0, "kcMax": 1.5}