{"VG_alpha": 2.768006722242781, "VG_n": 1.4061311740814744, "thetaS": 0.44680443344222365, "Ks": 3.118377579573838e-07, "rootXDeformation": 0.1547558725670457, "rootZDeformation": 0.03800784135774236, "kcMax": 1.639761710816318}