{"VG_alpha": 3.0, "VG_n": 1.4535849600645954, "thetaS": 0.4488665982690493, "Ks": 3.7674511457532753e-07, "rootXDeformation": 0.0, "rootZDeformation": 0.0, "kcMax": 1.5}