{"VG_alpha": 3.0, "VG_n": 1.475367452854024, "thetaS": 0.42389848308116196, "Ks": 3.142454022089484e-07, "rootXDeformation": 0.05549530742413958, "rootZDeformation": 0.0, "kcMax": 1.5}