{"VG_alpha": 2.6593159190237667, "VG_n": 1.4139238039555366, "thetaS": 0.4513277980612422, "Ks": 3.5068396659398726e-07, "rootXDeformation": 0.04947477394494065, "rootZDeformation": 0.0, "kcMax": 1.703994245510815}