{"VG_alpha": 2.8798735361243852, "VG_n": 1.460622323133642, "thetaS": 0.4294352878712706, "Ks": 2.495629654662035e-07, "rootXDeformation": 0.0, "rootZDeformation": 0.01559972757575479, "kcMax": 1.637408938142619}