{"VG_alpha": 2.578088554823716, "VG_n": 1.368852142374126, "thetaS": 0.45464915043468845, "Ks": 5.450642314554004e-07, "rootXDeformation": 0.05484193478408329, "rootZDeformation": 0.03436148804823233, "kcMax": 1.703033149833217}