{"VG_alpha": 3.0, "VG_n": 1.3995743502379543, "thetaS": 0.42996436480505895, "Ks": 2.551158932008364e-07, "rootXDeformation": 0.17376162493098163, "rootZDeformation": 0.0, "kcMax": 1.5}