{"VG_alpha": 2.182186957749007, "VG_n": 1.4059553883270774, "thetaS": 0.4584798342389488, "Ks": 1.8743555942513192e-07, "rootXDeformation": 0.023730804834432146, "rootZDeformation": 0.0, "kcMax": 1.5934121230721165}