{"VG_alpha": 3.0, "VG_n": 1.3918139859738323, "thetaS": 0.4255060574501746, "Ks": 3.051604557096403e-07, "rootXDeformation": 0.12016204675460591, "rootZDeformation": 0.0, "kcMax": 1.5948781728025925}