{"VG_alpha": 2.713876394492586, "VG_n": 1.4240502568266746, "thetaS": 0.49845703452592033, "Ks": 2.9475730760558515e-07, "rootXDeformation": 0.08453437774850886, "rootZDeformation": 0.0, "kcMax": 1.5841422628312376}