{"VG_alpha": 2.47183194886075, "VG_n": 1.3452478640253622, "thetaS": 0.4491576894495837, "Ks": 2.9181183139673286e-07, "rootXDeformation": 0.13402657009806618, "rootZDeformation": 0.0, "kcMax": 1.9000287180713171}