{"VG_alpha": 2.843985406909373, "VG_n": 1.4996543676342233, "thetaS": 0.4807336423696632, "Ks": 3.5497976978628843e-07, "rootXDeformation": 0.05285898273490966, "rootZDeformation": 0.0, "kcMax": 1.5549073942431793}