{"VG_alpha": 2.565956222577146, "VG_n": 1.419960136318689, "thetaS": 0.45574504242627933, "Ks": 3.0029668274683937e-07, "rootXDeformation": 0.0, "rootZDeformation": 0.0, "kcMax": 1.6575352699223744}