{"VG_alpha": 2.539971425619881, "VG_n": 1.360420826265483, "thetaS": 0.47748485539581037, "Ks": 2.8809917626151377e-07, "rootXDeformation": 0.08351212030896009, "rootZDeformation": 0.0, "kcMax": 1.6153019332873393}