{"VG_alpha": 2.9494378014416345, "VG_n": 1.4055590594005494, "thetaS": 0.44005164297908395, "Ks": 2.507686883352601e-07, "rootXDeformation": 0.0804091252419768, "rootZDeformation": 0.11333230232317605, "kcMax": 1.5}