{"VG_alpha": 2.2954393063473923, "VG_n": 1.4214769299646006, "thetaS": 0.47099564732771704, "Ks": 2.2805168328447543e-07, "rootXDeformation": 0.01844615929439207, "rootZDeformation": 0.0, "kcMax": 1.6697549663162399}