{"VG_alpha": 2.7587380037395905, "VG_n": 1.409677005830664, "thetaS": 0.37999651945173485, "Ks": 3.3776840107870033e-07, "rootXDeformation": 0.4550950480273305, "rootZDeformation": 0.7358771268854771, "kcMax": 1.9478762988460767}