{"VG_alpha": 2.1839282348325115, "VG_n": 1.411873903546069, "thetaS": 0.4839448825696975, "Ks": 3.4269220131686994e-07, "rootXDeformation": 0.054338405449328726, "rootZDeformation": 0.0923389671292991, "kcMax": 1.6945991279867216}