{"VG_alpha": 3.0, "VG_n": 1.337776118126364, "thetaS": 0.36949295896786793, "Ks": 3.779196566781987e-07, "rootXDeformation": 0.230086403943351, "rootZDeformation": 0.7442226785091467, "kcMax": 1.6164096861176462}