{"VG_alpha": 2.643519538105454, "VG_n": 1.4348916111582484, "thetaS": 0.4585322083113855, "Ks": 1.715168431923623e-07, "rootXDeformation": 0.0361248447521136, "rootZDeformation": 0.14988852831350405, "kcMax": 1.8648525063028287}