{"VG_alpha": 3.0, "VG_n": 1.3182768243516998, "thetaS": 0.422690483475089, "Ks": 4.545364870954217e-07, "rootXDeformation": 0.18834029536326438, "rootZDeformation": 0.5567886641518273, "kcMax": 1.8144373706407304}