{"VG_alpha": 2.6773259463307335, "VG_n": 1.4339580093821749, "thetaS": 0.4429442843202921, "Ks": 2.83870647855666e-07, "rootXDeformation": 0.0143094282588309, "rootZDeformation": 0.0, "kcMax": 1.8657802390533993}