{"VG_alpha": 2.727972027793391, "VG_n": 1.4050098028250486, "thetaS": 0.4387111637151916, "Ks": 1.7186310229375403e-07, "rootXDeformation": 0.0, "rootZDeformation": 0.030939105723775936, "kcMax": 1.7376388270671446}