{"VG_alpha": 2.577937850753319, "VG_n": 1.3177092353705917, "thetaS": 0.4616922379141676, "Ks": 2.2184430210974158e-07, "rootXDeformation": 0.0, "rootZDeformation": 0.07882032841543424, "kcMax": 1.5}