{"VG_alpha": 3.0, "VG_n": 1.3472852462799323, "thetaS": 0.4403688875723497, "Ks": 4.3069745512326107e-07, "rootXDeformation": 0.44906758031345995, "rootZDeformation": 0.9036883433510128, "kcMax": 1.7971478696224157}