{"VG_alpha": 2.7936709274206284, "VG_n": 1.4159092855998296, "thetaS": 0.4315355580852833, "Ks": 2.6023329589833036e-07, "rootXDeformation": 0.12274660483237543, "rootZDeformation": 0.0, "kcMax": 1.5}