{"VG_alpha": 2.6138770147082875, "VG_n": 1.5436321566019364, "thetaS": 0.44258748630737377, "Ks": 3.0410259623044365e-07, "rootXDeformation": 0.0, "rootZDeformation": 0.08872276865630446, "kcMax": 1.740468877099193}