{"VG_alpha": 2.2404958108550233, "VG_n": 1.4413656678524187, "thetaS": 0.48572813677585097, "Ks": 2.775971272320966e-07, "rootXDeformation": 0.03769561339283188, "rootZDeformation": 0.07166141967582779, "kcMax": 1.5}