{"VG_alpha": 2.980271174500907, "VG_n": 1.4235334224360097, "thetaS": 0.41397396824683985, "Ks": 3.502511452949863e-07, "rootXDeformation": 0.0, "rootZDeformation": 0.08195574326782717, "kcMax": 1.5663495087121457}