{"VG_alpha": 2.7627547447853393, "VG_n": 1.4827052844780237, "thetaS": 0.44499940425445306, "Ks": 2.583918854893409e-07, "rootXDeformation": 0.025701391955496224, "rootZDeformation": 0.020520815507235418, "kcMax": 1.5}