{"VG_alpha": 2.335240613827996, "VG_n": 1.4605837853825907, "thetaS": 0.45178292929571495, "Ks": 3.500609452030678e-07, "rootXDeformation": 0.035840753718210105, "rootZDeformation": 0.0, "kcMax": 1.7708829539337971}