{"VG_alpha": 2.794217309994057, "VG_n": 1.4881431303746488, "thetaS": 0.45185387633847823, "Ks": 3.0793575280330756e-07, "rootXDeformation": 0.0, "rootZDeformation": 0.04283002944896836, "kcMax": 1.5}