{"VG_alpha": 2.395143363553424, "VG_n": 1.4244065495980516, "thetaS": 0.45752891412316465, "Ks": 3.355162895858324e-07, "rootXDeformation": 0.23860945311113307, "rootZDeformation": 0.0, "kcMax": 1.5558178245413279}