{"VG_alpha": 2.946929931372922, "VG_n": 1.299516891506031, "thetaS": 0.4217267912173122, "Ks": 3.5816185603579845e-07, "rootXDeformation": 0.37999846028578027, "rootZDeformation": 0.8939010910333871, "kcMax": 1.9406112868255598}