{"VG_alpha": 2.8622353845135358, "VG_n": 1.4160028620183112, "thetaS": 0.45130151269309693, "Ks": 3.783915501964957e-07, "rootXDeformation": 0.2403677225237007, "rootZDeformation": 0.4458181888023023, "kcMax": 1.5227901439094984}