{"VG_alpha": 2.7875629166199865, "VG_n": 1.4254431044851628, "thetaS": 0.46209566353323117, "Ks": 3.5864381108753344e-07, "rootXDeformation": 0.1814577279755566, "rootZDeformation": 0.04950844733317521, "kcMax": 1.5}