{"VG_alpha": 2.8364731388068996, "VG_n": 1.4184433426727772, "thetaS": 0.44049443752484163, "Ks": 3.9542833611215324e-07, "rootXDeformation": 0.0, "rootZDeformation": 0.052399121386357175, "kcMax": 1.645315573528509}