{"VG_alpha": 2.7651971844664964, "VG_n": 1.4641851921143303, "thetaS": 0.46793028100911915, "Ks": 2.9563244100102853e-07, "rootXDeformation": 0.10494709107444304, "rootZDeformation": 0.09163700582393942, "kcMax": 1.5}