{"VG_alpha": 2.7819242983618273, "VG_n": 1.4830817688417335, "thetaS": 0.4461644570669352, "Ks": 1.6436951622799665e-07, "rootXDeformation": 0.0, "rootZDeformation": 0.0, "kcMax": 1.5329147666699485}