{"VG_alpha": 2.9118951862640365, "VG_n": 1.3900800747917883, "thetaS": 0.4574989711230494, "Ks": 2.773427221643173e-07, "rootXDeformation": 0.28056069540934114, "rootZDeformation": 0.3974980489455157, "kcMax": 1.528949695506593}