{"VG_alpha": 2.571878970681868, "VG_n": 1.4470151490056864, "thetaS": 0.45086006703314524, "Ks": 3.1963266496845564e-07, "rootXDeformation": 0.23594910621428553, "rootZDeformation": 0.08483769066044264, "kcMax": 1.7438497013519783}