{"VG_alpha": 2.471052559008636, "VG_n": 1.2655830529311274, "thetaS": 0.5, "Ks": 1.9584624355934694e-07, "rootXDeformation": 0.7089939605459902, "rootZDeformation": 0.8125279237392047, "kcMax": 1.6635153609140698}