{"VG_alpha": 2.680328139821389, "VG_n": 1.4077162902045899, "thetaS": 0.46326700967884005, "Ks": 2.1921087339405138e-07, "rootXDeformation": 0.0, "rootZDeformation": 0.08102853464482944, "kcMax": 1.5}