{"VG_alpha": 3.0, "VG_n": 1.3029095963761432, "thetaS": 0.49203247386117327, "Ks": 2.3507919789787354e-07, "rootXDeformation": 0.6510214066338361, "rootZDeformation": 0.7764340745003041, "kcMax": 1.657517219448736}