{"VG_alpha": 2.8914166342992687, "VG_n": 1.398554604784959, "thetaS": 0.42576194807670764, "Ks": 3.24852416766398e-07, "rootXDeformation": 0.0, "rootZDeformation": 0.0, "kcMax": 1.8232233245327931}