{"VG_alpha": 2.9200805176128917, "VG_n": 1.4271572664746248, "thetaS": 0.46057861276327616, "Ks": 2.6746698719413326e-07, "rootXDeformation": 0.0, "rootZDeformation": 0.05941483578779996, "kcMax": 1.7180077338957516}