{"VG_alpha": 2.553974594400973, "VG_n": 1.522211037266786, "thetaS": 0.4497978469383911, "Ks": 4.0649273752429625e-07, "rootXDeformation": 0.001988724134665682, "rootZDeformation": 0.0, "kcMax": 1.8369382752026961}