{"VG_alpha": 2.8095850002231417, "VG_n": 1.3698502285977947, "thetaS": 0.43918719020081665, "Ks": 2.793371428519892e-07, "rootXDeformation": 0.0, "rootZDeformation": 0.0, "kcMax": 1.6847074456143307}