{"VG_alpha": 2.8129151294614774, "VG_n": 1.4711321185806974, "thetaS": 0.44071489958020893, "Ks": 3.029211594391607e-07, "rootXDeformation": 0.26955331704403707, "rootZDeformation": 0.005962873253101591, "kcMax": 1.5686771112361664}