{"VG_alpha": 3.0, "VG_n": 1.3972518318704574, "thetaS": 0.4323605295341998, "Ks": 3.636716937793501e-07, "rootXDeformation": 0.0717392103320143, "rootZDeformation": 0.0, "kcMax": 1.6546924493634858}