{"VG_alpha": 2.652506250907776, "VG_n": 1.4924680928755802, "thetaS": 0.4433989571743094, "Ks": 4.255588600719906e-07, "rootXDeformation": 0.0, "rootZDeformation": 0.0, "kcMax": 1.7810842875350654}