{"VG_alpha": 2.197771213597215, "VG_n": 1.435336598606941, "thetaS": 0.4454951561501963, "Ks": 3.477113719914232e-07, "rootXDeformation": 0.1166500143415231, "rootZDeformation": 0.0, "kcMax": 1.5}