{"VG_alpha": 3.0, "VG_n": 1.448190449539874, "thetaS": 0.45666137624726816, "Ks": 2.515244271265173e-07, "rootXDeformation": 0.18336799312137306, "rootZDeformation": 0.0, "kcMax": 1.5221721633356162}