{"VG_alpha": 2.520268566947988, "VG_n": 1.3685621832353871, "thetaS": 0.47797095262118844, "Ks": 4.989218952310326e-07, "rootXDeformation": 0.0, "rootZDeformation": 0.11194348817718128, "kcMax": 1.7586361707239764}