{"VG_alpha": 2.464973466256744, "VG_n": 1.4912192344185249, "thetaS": 0.4469902861854904, "Ks": 2.544235553426159e-07, "rootXDeformation": 0.03113284913183681, "rootZDeformation": 0.19229560386180766, "kcMax": 1.6165079836163776}