{"VG_alpha": 2.913919727888122, "VG_n": 1.4491287641529698, "thetaS": 0.46649061029526573, "Ks": 4.901049186397844e-07, "rootXDeformation": 0.0, "rootZDeformation": 0.06541602490951198, "kcMax": 1.6275079186806218}