{"VG_alpha": 2.6763633179987556, "VG_n": 1.423402477317441, "thetaS": 0.44288236612182674, "Ks": 3.2074448955310116e-07, "rootXDeformation": 0.09829957389134972, "rootZDeformation": 0.0, "kcMax": 1.5}