{"VG_alpha": 2.949725487405285, "VG_n": 1.4339648843103003, "thetaS": 0.4530102506136099, "Ks": 4.811152053822319e-07, "rootXDeformation": 0.0, "rootZDeformation": 0.116157069215829, "kcMax": 1.7216584167726323}