{"VG_alpha": 2.5717375167832053, "VG_n": 1.2742093046783782, "thetaS": 0.49069900147022477, "Ks": 3.5144406310002824e-07, "rootXDeformation": 0.5242079586394336, "rootZDeformation": 0.9295694824219459, "kcMax": 1.5783530651518465}