{"VG_alpha": 2.789720806504497, "VG_n": 1.4099504761074557, "thetaS": 0.4446789286817566, "Ks": 3.7542599846535615e-07, "rootXDeformation": 0.0003527445846395333, "rootZDeformation": 0.0, "kcMax": 1.5132278228895315}