{"VG_alpha": 2.7764193015677083, "VG_n": 1.4483424042003359, "thetaS": 0.4926768242413215, "Ks": 1.9556162690127372e-07, "rootXDeformation": 0.0036746668948588954, "rootZDeformation": 0.025466647453876327, "kcMax": 1.7867888219781012}