{"VG_alpha": 2.803050108794929, "VG_n": 1.44747797978069, "thetaS": 0.4479071909766958, "Ks": 2.464427181800434e-07, "rootXDeformation": 0.0, "rootZDeformation": 0.0, "kcMax": 1.6339714906623366}