{"VG_alpha": 2.504702341764798, "VG_n": 1.398856660342008, "thetaS": 0.44823321408059646, "Ks": 5.631636484040027e-07, "rootXDeformation": 0.0, "rootZDeformation": 0.0, "kcMax": 1.655677885758934}