{"VG_alpha": 2.929290571558534, "VG_n": 1.5106060622223505, "thetaS": 0.4692254233039685, "Ks": 2.835051812657565e-07, "rootXDeformation": 0.1875970534923575, "rootZDeformation": 0.17820337031909395, "kcMax": 1.8081901033113326}