{"VG_alpha": 2.456214038349303, "VG_n": 1.417965171954453, "thetaS": 0.41331263460167467, "Ks": 2.99945513546936e-07, "rootXDeformation": 0.14444835793771058, "rootZDeformation": 0.0, "kcMax": 1.6395853460714}