{"VG_alpha": 3.0, "VG_n": 1.5373079650281694, "thetaS": 0.45411315823195897, "Ks": 2.4431042522299884e-07, "rootXDeformation": 0.0, "rootZDeformation": 0.18110846324094068, "kcMax": 1.7206632147640968}