{"VG_alpha": 2.5921218711698084, "VG_n": 1.4930265983173947, "thetaS": 0.42903177324691233, "Ks": 3.8096327578300394e-07, "rootXDeformation": 0.10787010200058972, "rootZDeformation": 0.003393618491024878, "kcMax": 1.5}