{"VG_alpha": 2.795559269364328, "VG_n": 1.4600036319428296, "thetaS": 0.445806677158744, "Ks": 4.151168629325753e-07, "rootXDeformation": 0.0, "rootZDeformation": 0.0, "kcMax": 1.5}