{"VG_alpha": 2.9265960952533323, "VG_n": 1.4086553055755355, "thetaS": 0.4512223764159723, "Ks": 4.677431559531503e-07, "rootXDeformation": 0.030582899841062522, "rootZDeformation": 0.025994875282118666, "kcMax": 1.5}