{"VG_alpha": 3.0, "VG_n": 1.2886931140980509, "thetaS": 0.4386169508339951, "Ks": 3.0421612272539803e-07, "rootXDeformation": 0.36046120381049335, "rootZDeformation": 0.8258581871806469, "kcMax": 2.042103506446253}