{"VG_alpha": 2.6704535647219094, "VG_n": 1.3955277960035073, "thetaS": 0.4464739913037357, "Ks": 2.009540680449737e-07, "rootXDeformation": 0.19215025415559317, "rootZDeformation": 0.10846434965585162, "kcMax": 1.7277234969454818}