{"VG_alpha": 2.2945268809127857, "VG_n": 1.444103147010067, "thetaS": 0.4827036679322144, "Ks": 2.5776278904630343e-07, "rootXDeformation": 0.0, "rootZDeformation": 0.0, "kcMax": 1.5749022288836036}