{"VG_alpha": 2.698281991515887, "VG_n": 1.427948106154042, "thetaS": 0.4362929348134229, "Ks": 2.094577497182124e-07, "rootXDeformation": 0.0, "rootZDeformation": 0.0, "kcMax": 1.6616104531881262}