{"VG_alpha": 3.0, "VG_n": 1.520876750641224, "thetaS": 0.4502358371939228, "Ks": 4.729006302624261e-07, "rootXDeformation": 0.08083046361279844, "rootZDeformation": 0.0, "kcMax": 1.5}