{"VG_alpha": 3.0, "VG_n": 1.446365917880585, "thetaS": 0.4486053170034926, "Ks": 2.7231858234358836e-07, "rootXDeformation": 0.014982242726819674, "rootZDeformation": 0.0, "kcMax": 1.5}