{"VG_alpha": 2.676913685910451, "VG_n": 1.3215465122818904, "thetaS": 0.4017740019357535, "Ks": 2.054908411985536e-07, "rootXDeformation": 0.25617122203210796, "rootZDeformation": 0.4282902857338997, "kcMax": 1.5571102213173764}