{"VG_alpha": 2.8775031168696765, "VG_n": 1.497539125027492, "thetaS": 0.4517154948391455, "Ks": 2.8952667175753435e-07, "rootXDeformation": 0.1481233866632678, "rootZDeformation": 0.017197899010791384, "kcMax": 1.5}