{"VG_alpha": 2.440572185911525, "VG_n": 1.379736321271572, "thetaS": 0.46949445465382605, "Ks": 2.0846493025554396e-07, "rootXDeformation": 0.17255238203568887, "rootZDeformation": 0.12338962566575701, "kcMax": 1.671125256452327}