{"VG_alpha": 2.219874696699097, "VG_n": 1.357443693089668, "thetaS": 0.4809412239946177, "Ks": 2.6009420464040095e-07, "rootXDeformation": 0.0, "rootZDeformation": 0.06819220833206624, "kcMax": 1.7153615563803937}