{"VG_alpha": 2.4869595839960468, "VG_n": 1.3735805372942878, "thetaS": 0.46026903338095115, "Ks": 4.2312837935739825e-07, "rootXDeformation": 0.0, "rootZDeformation": 0.0, "kcMax": 1.7100550563624357}