{"VG_alpha": 2.9681427790268304, "VG_n": 1.3767989582365938, "thetaS": 0.4405911952589989, "Ks": 1.9029679525070777e-07, "rootXDeformation": 0.0, "rootZDeformation": 0.01780173265906908, "kcMax": 1.6578900715449547}