{"VG_alpha": 3.0, "VG_n": 1.4605318865309624, "thetaS": 0.42165121684013906, "Ks": 3.860336387094967e-07, "rootXDeformation": 0.12551350430497255, "rootZDeformation": 0.0, "kcMax": 1.5580521629847164}