{"VG_alpha": 3.0, "VG_n": 1.441660671938519, "thetaS": 0.42375323164882295, "Ks": 4.286732680399943e-07, "rootXDeformation": 0.06126507848616656, "rootZDeformation": 0.0, "kcMax": 1.5}