{"VG_alpha": 2.4794061942465158, "VG_n": 1.3474521797617975, "thetaS": 0.4680911276782493, "Ks": 2.11905111442165e-07, "rootXDeformation": 0.1394951465643848, "rootZDeformation": 0.09006666408410173, "kcMax": 1.5339862523096834}