{"VG_alpha": 2.749617826881698, "VG_n": 1.3465352377296904, "thetaS": 0.43301095512538595, "Ks": 3.0785168657621377e-07, "rootXDeformation": 0.17072341144830616, "rootZDeformation": 0.5503096529975908, "kcMax": 1.6877903376661383}