{"VG_alpha": 2.376362172021061, "VG_n": 1.3536908700183028, "thetaS": 0.45975669636174005, "Ks": 2.0341337657010652e-07, "rootXDeformation": 0.06492743814615383, "rootZDeformation": 0.0, "kcMax": 1.8801494912618057}