{"VG_alpha": 2.292275043066936, "VG_n": 1.4668453920589526, "thetaS": 0.4465052170751837, "Ks": 3.177246036548008e-07, "rootXDeformation": 0.03746656903086591, "rootZDeformation": 0.0, "kcMax": 1.7319209565575089}