{"VG_alpha": 2.8092683441552526, "VG_n": 1.4379626790825184, "thetaS": 0.44415758193256694, "Ks": 3.059921963944075e-07, "rootXDeformation": 0.028544197090631357, "rootZDeformation": 0.129393160319163, "kcMax": 1.5010391302605177}