{"VG_alpha": 2.6910948226272042, "VG_n": 1.5261049552266903, "thetaS": 0.43208011598121476, "Ks": 2.84652679665538e-07, "rootXDeformation": 0.0, "rootZDeformation": 0.03744882633518451, "kcMax": 1.5055469250888407}