{"VG_alpha": 3.0, "VG_n": 1.3453086006848913, "thetaS": 0.45842945783823064, "Ks": 2.3197570174989832e-07, "rootXDeformation": 0.10030372537481017, "rootZDeformation": 0.3831749173654484, "kcMax": 1.6469528302168983}