{"VG_alpha": 2.6983948942428775, "VG_n": 1.38172216053447, "thetaS": 0.44394263750290897, "Ks": 2.443060718640869e-07, "rootXDeformation": 0.032596310711310736, "rootZDeformation": 0.0, "kcMax": 1.5}