{"VG_alpha": 2.857768707871192, "VG_n": 1.4789542936919184, "thetaS": 0.4559263932189002, "Ks": 1.777135747519283e-07, "rootXDeformation": 0.11672045219028813, "rootZDeformation": 0.0, "kcMax": 1.7017394353409394}