{"VG_alpha": 2.214509127718035, "VG_n": 1.3747253888995323, "thetaS": 0.4664400483481516, "Ks": 4.861153431341267e-07, "rootXDeformation": 0.0, "rootZDeformation": 0.07038110729192486, "kcMax": 1.563351124141339}