{"VG_alpha": 2.1619670821953276, "VG_n": 1.4720403228827155, "thetaS": 0.4333818364036294, "Ks": 2.692990998299795e-07, "rootXDeformation": 0.02517199089308474, "rootZDeformation": 0.021774602208532886, "kcMax": 1.7508004355778286}