{"VG_alpha": 3.0, "VG_n": 1.471268496244047, "thetaS": 0.4502301003552619, "Ks": 7.763953188630386e-07, "rootXDeformation": 0.0, "rootZDeformation": 0.06558142297566896, "kcMax": 1.558843858294485}