{"VG_alpha": 2.77947702144488, "VG_n": 1.375543659657923, "thetaS": 0.45068935922264675, "Ks": 2.9170581840648585e-07, "rootXDeformation": 0.43145069639850175, "rootZDeformation": 0.8972093321967763, "kcMax": 1.6705008366478233}