{"VG_alpha": 2.6101061759217186, "VG_n": 1.337412213702998, "thetaS": 0.47401550418335825, "Ks": 2.163823630797008e-07, "rootXDeformation": 0.12996342444457543, "rootZDeformation": 0.0, "kcMax": 1.5215590215744021}