{"VG_alpha": 2.7583703067110052, "VG_n": 1.39858541128989, "thetaS": 0.4530540115803162, "Ks": 2.7711802484012514e-07, "rootXDeformation": 0.08954984649141748, "rootZDeformation": 0.0, "kcMax": 1.5212212366512268}