{"VG_alpha": 2.812602788610467, "VG_n": 1.4640859139206517, "thetaS": 0.43445668668614446, "Ks": 3.125253212035987e-07, "rootXDeformation": 0.1256337945402321, "rootZDeformation": 0.0968322011385569, "kcMax": 1.5}