{"VG_alpha": 2.616727891835933, "VG_n": 1.5096196086654987, "thetaS": 0.45317907536987173, "Ks": 3.749719470945306e-07, "rootXDeformation": 0.0, "rootZDeformation": 0.2145588983867543, "kcMax": 1.6459735037792336}