{"VG_alpha": 2.7236376241025724, "VG_n": 1.3686746165483257, "thetaS": 0.4818941723757143, "Ks": 3.1186617300919813e-07, "rootXDeformation": 0.14973404757619632, "rootZDeformation": 0.39484315756408417, "kcMax": 1.5}