{"VG_alpha": 2.870420715862391, "VG_n": 1.4530800537011477, "thetaS": 0.4543811543333237, "Ks": 3.6491762654154695e-07, "rootXDeformation": 0.0, "rootZDeformation": 0.1077349756445865, "kcMax": 1.7118481822986569}