{"VG_alpha": 2.9634002527922103, "VG_n": 1.427399631463443, "thetaS": 0.4309650460172104, "Ks": 1.9721685818247827e-07, "rootXDeformation": 0.10200659378176502, "rootZDeformation": 0.0, "kcMax": 1.5755040190063523}