{"VG_alpha": 2.363305041489916, "VG_n": 1.359624525766495, "thetaS": 0.42472192537693965, "Ks": 2.548294176207718e-07, "rootXDeformation": 0.02659099967722996, "rootZDeformation": 0.07728455300563983, "kcMax": 1.5}