{"VG_alpha": 2.607388236604284, "VG_n": 1.4008169841381726, "thetaS": 0.433023129361483, "Ks": 2.3384825554332832e-07, "rootXDeformation": 0.0510367705710866, "rootZDeformation": 0.0, "kcMax": 1.54638784031877}