{"VG_alpha": 3.0, "VG_n": 1.4746466745092097, "thetaS": 0.43690552048639514, "Ks": 2.0373411944564394e-07, "rootXDeformation": 0.10448613296001648, "rootZDeformation": 0.2963967627884486, "kcMax": 1.5261211460637414}