{"VG_alpha": 2.5320656289165457, "VG_n": 1.3719242280678716, "thetaS": 0.49114354980538655, "Ks": 1.9389548130201166e-07, "rootXDeformation": 0.07774607723130535, "rootZDeformation": 0.0, "kcMax": 1.6657361228226595}