{"VG_alpha": 2.602516248876486, "VG_n": 1.4720763100394525, "thetaS": 0.4703459058787206, "Ks": 2.697237675962762e-07, "rootXDeformation": 0.0, "rootZDeformation": 0.0, "kcMax": 1.542207596791613}