{"VG_alpha": 2.677112992001261, "VG_n": 1.4450766072404067, "thetaS": 0.4324015469885556, "Ks": 3.476577787841312e-07, "rootXDeformation": 0.10609653702213032, "rootZDeformation": 0.0, "kcMax": 1.5}