{"VG_alpha": 2.749149794113841, "VG_n": 1.3370688218965652, "thetaS": 0.4720848044351301, "Ks": 2.360706975489476e-07, "rootXDeformation": 0.12281512432432641, "rootZDeformation": 0.0, "kcMax": 1.7684561077593681}