{"VG_alpha": 3.0, "VG_n": 1.4813717050585913, "thetaS": 0.4243059222083366, "Ks": 3.390967249747161e-07, "rootXDeformation": 0.007890755796093059, "rootZDeformation": 0.0837094176826818, "kcMax": 1.5}