{"VG_alpha": 2.9236419922859316, "VG_n": 1.4793755620844358, "thetaS": 0.48036625009153777, "Ks": 2.955829591044789e-07, "rootXDeformation": 0.0, "rootZDeformation": 0.0, "kcMax": 1.7106872492830483}