{"VG_alpha": 2.723674167547116, "VG_n": 1.436654679720285, "thetaS": 0.4782837597794819, "Ks": 3.9288608555482046e-07, "rootXDeformation": 0.03179151261861928, "rootZDeformation": 0.0, "kcMax": 1.5565910691021494}