{"VG_alpha": 2.81120726635607, "VG_n": 1.4439033228270446, "thetaS": 0.4380852277365071, "Ks": 2.959104759722743e-07, "rootXDeformation": 0.06901409521123579, "rootZDeformation": 0.13202183916679774, "kcMax": 1.6317370452829}