{"VG_alpha": 2.4928974037981253, "VG_n": 1.4188212202802877, "thetaS": 0.4382428068673698, "Ks": 5.229686168414334e-07, "rootXDeformation": 0.0, "rootZDeformation": 0.11948960257319945, "kcMax": 1.7436933630077225}