{"VG_alpha": 2.591941019534411, "VG_n": 1.4794994463718947, "thetaS": 0.43400522945674824, "Ks": 3.130106057189809e-07, "rootXDeformation": 0.0, "rootZDeformation": 0.004254221967029253, "kcMax": 1.6997686065574096}