{"VG_alpha": 3.0, "VG_n": 1.4526661839823833, "thetaS": 0.49504553666693946, "Ks": 5.084798441613785e-07, "rootXDeformation": 0.0, "rootZDeformation": 0.19996269569874625, "kcMax": 1.68502420930752}