{"VG_alpha": 2.9157941483615453, "VG_n": 1.3906057508146423, "thetaS": 0.43282015741027735, "Ks": 3.1350311688449607e-07, "rootXDeformation": 0.2884208714648019, "rootZDeformation": 0.3508258269245952, "kcMax": 1.6267530587700973}