{"VG_alpha": 2.974273309779808, "VG_n": 1.3740535846753406, "thetaS": 0.4332847832325962, "Ks": 3.316966408173467e-07, "rootXDeformation": 0.08346521648898171, "rootZDeformation": 0.0, "kcMax": 1.6325469641274664}