{"VG_alpha": 2.9423947682741844, "VG_n": 1.4090158910561665, "thetaS": 0.45881516415792684, "Ks": 3.856532561922373e-07, "rootXDeformation": 0.34636792920816256, "rootZDeformation": 0.6822979544655661, "kcMax": 1.5}