{"VG_alpha": 2.7741570009773793, "VG_n": 1.416296215016692, "thetaS": 0.445730239895312, "Ks": 2.2310201672360088e-07, "rootXDeformation": 0.04730064446364094, "rootZDeformation": 0.0, "kcMax": 1.7918594099240126}