{"VG_alpha": 3.0, "VG_n": 1.514766602537837, "thetaS": 0.4449025691675016, "Ks": 3.0398551881517837e-07, "rootXDeformation": 0.23010785079477608, "rootZDeformation": 0.03504338892938417, "kcMax": 1.5}