{"VG_alpha": 3.0, "VG_n": 1.2462995167124664, "thetaS": 0.4105127699222199, "Ks": 2.7995477857864736e-07, "rootXDeformation": 0.3593149953937034, "rootZDeformation": 0.7608142897614794, "kcMax": 1.5}