{"VG_alpha": 2.673528962153703, "VG_n": 1.4213961860650897, "thetaS": 0.43473104005001517, "Ks": 2.4997143310495603e-07, "rootXDeformation": 0.050020173691314444, "rootZDeformation": 0.0, "kcMax": 1.6252763255804843}