{"VG_alpha": 2.5134498490637744, "VG_n": 1.3994897735259537, "thetaS": 0.419993128082038, "Ks": 3.043513541789967e-07, "rootXDeformation": 0.015182583911063599, "rootZDeformation": 0.03431162604784137, "kcMax": 1.5}