{"VG_alpha": 2.4303446172064387, "VG_n": 1.4513198130401097, "thetaS": 0.4957961688942335, "Ks": 3.6633775222966243e-07, "rootXDeformation": 0.07695952972720613, "rootZDeformation": 0.04258095739557602, "kcMax": 1.5021816180359795}