{"VG_alpha": 2.749440177783483, "VG_n": 1.4012101517005477, "thetaS": 0.44033803900370866, "Ks": 2.2339813400528483e-07, "rootXDeformation": 0.06740447873570099, "rootZDeformation": 0.4638120506821715, "kcMax": 1.7060200193502761}