{"VG_alpha": 3.0, "VG_n": 1.3813617024287528, "thetaS": 0.4403134702285212, "Ks": 3.642984989409155e-07, "rootXDeformation": 0.08346463979133814, "rootZDeformation": 0.03443646764148163, "kcMax": 1.6420679584983704}