{"VG_alpha": 2.948811393019288, "VG_n": 1.5102798436710243, "thetaS": 0.45818139055976537, "Ks": 2.2093121864468104e-07, "rootXDeformation": 0.1126958683972886, "rootZDeformation": 0.0023536303670924352, "kcMax": 1.5}