{"VG_alpha": 2.970622394022161, "VG_n": 1.4461745534902501, "thetaS": 0.42081442927399937, "Ks": 2.749514042070456e-07, "rootXDeformation": 0.04572991526265539, "rootZDeformation": 0.0, "kcMax": 1.6483534528864552}