{"VG_alpha": 2.38426304604716, "VG_n": 1.3268801219518411, "thetaS": 0.4985486365723552, "Ks": 3.280859093124703e-07, "rootXDeformation": 0.4851945430857644, "rootZDeformation": 0.9727371082943098, "kcMax": 1.6358599689032849}