{"VG_alpha": 3.0, "VG_n": 1.4384621393761114, "thetaS": 0.4473187078240252, "Ks": 2.83981741476412e-07, "rootXDeformation": 0.16161820669835572, "rootZDeformation": 0.09895713245317886, "kcMax": 1.5}