{"VG_alpha": 2.890782308973158, "VG_n": 1.4343862134635306, "thetaS": 0.42845195475468134, "Ks": 3.8250319582078603e-07, "rootXDeformation": 0.08953447136395624, "rootZDeformation": 0.0, "kcMax": 1.5779042602186255}