{"VG_alpha": 2.9479842103217804, "VG_n": 1.4280463690913088, "thetaS": 0.4275452022828612, "Ks": 2.6314604569998016e-07, "rootXDeformation": 0.0, "rootZDeformation": 0.0, "kcMax": 1.6204714118580272}