{"VG_alpha": 2.9295348569161286, "VG_n": 1.3279882612715652, "thetaS": 0.39525464468697735, "Ks": 3.0750589902447605e-07, "rootXDeformation": 0.4072050217105169, "rootZDeformation": 0.7483457083234782, "kcMax": 1.70095315089464}