{"VG_alpha": 2.9796248043297986, "VG_n": 1.47698172986791, "thetaS": 0.436719019505614, "Ks": 4.7177714923668556e-07, "rootXDeformation": 0.22674368228836161, "rootZDeformation": 0.05876840352080579, "kcMax": 1.5661869392265713}