{"VG_alpha": 1.0799184173799545, "VG_n": 1.3147460892158191, "thetaS": 0.36298537436853767, "Ks": 1.0463982270572241e-06, "rootXDeformation": 0.34634715008003303, "rootZDeformation": 0.04309735620499444, "kcMax": 2.8198727617768737}