{"VG_alpha": 2.8278429822214246, "VG_n": 1.3886754071216423, "thetaS": 0.45198830798939416, "Ks": 2.742742275074057e-07, "rootXDeformation": 0.04241067216814747, "rootZDeformation": 0.06684712505655618, "kcMax": 1.5431406485455057}