{"VG_alpha": 2.822321967852945, "VG_n": 1.3715239631774905, "thetaS": 0.46424790831501844, "Ks": 4.6120138676276177e-07, "rootXDeformation": 0.08527560086450438, "rootZDeformation": 0.6723290202612819, "kcMax": 1.8184704540149004}