{"VG_alpha": 2.699019358633128, "VG_n": 1.4517025002621258, "thetaS": 0.4651883984267843, "Ks": 4.1994880583657125e-07, "rootXDeformation": 0.15018838014518934, "rootZDeformation": 0.0, "kcMax": 1.542965898839907}