{"VG_alpha": 2.961028068135738, "VG_n": 1.2492989784049244, "thetaS": 0.4655677772544784, "Ks": 2.6474130688608027e-07, "rootXDeformation": 0.5906938981599369, "rootZDeformation": 1.0, "kcMax": 1.9630791652857216}