{"VG_alpha": 2.5293961962778058, "VG_n": 1.3678439625979253, "thetaS": 0.44114417897383806, "Ks": 3.34335006782698e-07, "rootXDeformation": 0.07485277365725329, "rootZDeformation": 0.043925610956962714, "kcMax": 1.772862943053136}