{"VG_alpha": 2.9134255705150753, "VG_n": 1.3571528136346438, "thetaS": 0.4393768099046995, "Ks": 3.283438803557803e-07, "rootXDeformation": 0.3761715705272244, "rootZDeformation": 0.8660279735414959, "kcMax": 1.622498909974595}