{"VG_alpha": 2.80050848126667, "VG_n": 1.4349497092582733, "thetaS": 0.4232830612224987, "Ks": 4.093325148321552e-07, "rootXDeformation": 0.01127807135674087, "rootZDeformation": 0.3126598351725396, "kcMax": 1.7328008313482361}