{"VG_alpha": 2.32232744493115, "VG_n": 1.470070044039583, "thetaS": 0.472302894651742, "Ks": 3.228288825039569e-07, "rootXDeformation": 0.18816084703101826, "rootZDeformation": 0.046323279150400354, "kcMax": 1.6303630942304181}