{"VG_alpha": 2.812116992324529, "VG_n": 1.440553802892251, "thetaS": 0.4522584346841896, "Ks": 3.155343553674375e-07, "rootXDeformation": 0.08578587302143245, "rootZDeformation": 0.032454298378564644, "kcMax": 1.5}