{"VG_alpha": 2.5938328468524463, "VG_n": 1.400390101554478, "thetaS": 0.4825260275451855, "Ks": 2.4299646845835313e-07, "rootXDeformation": 0.5792080403191006, "rootZDeformation": 0.9593390425007801, "kcMax": 2.0086923048695637}