{"VG_alpha": 3.0, "VG_n": 1.2862893963487365, "thetaS": 0.4265674189719172, "Ks": 3.7144395287647215e-07, "rootXDeformation": 0.28767524258664556, "rootZDeformation": 0.8426907682002013, "kcMax": 1.6015557957087752}