{"VG_alpha": 2.8125073303412718, "VG_n": 1.3231696375262383, "thetaS": 0.5, "Ks": 2.6450636093194113e-07, "rootXDeformation": 0.3988631814510206, "rootZDeformation": 0.8726404549444825, "kcMax": 1.5969844541317157}