{"VG_alpha": 2.8961636676836786, "VG_n": 1.4299523965721277, "thetaS": 0.4720335472967081, "Ks": 4.0302626528815154e-07, "rootXDeformation": 0.0, "rootZDeformation": 0.0, "kcMax": 1.823235978986331}