{"VG_alpha": 2.97251684490445, "VG_n": 1.4341897999664277, "thetaS": 0.4598307137721946, "Ks": 3.7891099577674304e-07, "rootXDeformation": 0.1313753585965147, "rootZDeformation": 0.08906075024370066, "kcMax": 1.5}