{"VG_alpha": 2.3554931435865836, "VG_n": 1.391577868437042, "thetaS": 0.4188132606112372, "Ks": 4.6112368309495034e-07, "rootXDeformation": 0.0, "rootZDeformation": 0.0, "kcMax": 1.5282817178666477}