{"VG_alpha": 2.2082704528683603, "VG_n": 1.360544710552942, "thetaS": 0.4311238347610209, "Ks": 3.0508557713193765e-07, "rootXDeformation": 0.04976150974440331, "rootZDeformation": 0.07063382396416044, "kcMax": 1.6043832905617006}