{"VG_alpha": 2.4429951784638644, "VG_n": 1.411886663910444, "thetaS": 0.4876309420153268, "Ks": 5.246208582971149e-07, "rootXDeformation": 0.0, "rootZDeformation": 0.0, "kcMax": 1.5}