{"VG_alpha": 2.8377317270588476, "VG_n": 1.3433796970736913, "thetaS": 0.5, "Ks": 3.1765384147693005e-07, "rootXDeformation": 0.767539218440294, "rootZDeformation": 0.6623327780510508, "kcMax": 1.871369334992822}