{"VG_alpha": 2.8094920513657238, "VG_n": 1.4661073780235654, "thetaS": 0.4616648890751709, "Ks": 2.976765583388197e-07, "rootXDeformation": 0.0, "rootZDeformation": 0.0, "kcMax": 1.5120270025620477}