{"VG_alpha": 2.92820586395976, "VG_n": 1.4067056797383295, "thetaS": 0.4462780213589088, "Ks": 3.4547273538685514e-07, "rootXDeformation": 0.21446251050908569, "rootZDeformation": 0.05569488846298857, "kcMax": 1.5}