{"VG_alpha": 2.597770429997409, "VG_n": 1.4978515278080446, "thetaS": 0.45345066761814246, "Ks": 4.3628383122595177e-07, "rootXDeformation": 0.06196069978820393, "rootZDeformation": 0.1220581072246538, "kcMax": 1.5938450475883517}