{"VG_alpha": 2.8848032860635158, "VG_n": 1.4528956200782017, "thetaS": 0.43410903669702056, "Ks": 3.072072566719723e-07, "rootXDeformation": 0.1865363993095861, "rootZDeformation": 0.05709182162031781, "kcMax": 1.5}