{"VG_alpha": 2.6818552840255756, "VG_n": 1.3182004044167663, "thetaS": 0.42101633040608677, "Ks": 2.502115893256373e-07, "rootXDeformation": 0.5843236394776828, "rootZDeformation": 0.7524687381378098, "kcMax": 1.7854966156716339}