{"VG_alpha": 2.9757026055459797, "VG_n": 1.5253460574304998, "thetaS": 0.4533353323573387, "Ks": 3.959653825815281e-07, "rootXDeformation": 0.0776916672419333, "rootZDeformation": 0.0, "kcMax": 1.628460532252559}