{"VG_alpha": 2.675698406804989, "VG_n": 1.4219551006829247, "thetaS": 0.498177450250884, "Ks": 3.0064826308743787e-07, "rootXDeformation": 0.0, "rootZDeformation": 0.030852621523005157, "kcMax": 1.6754851937733488}