{"VG_alpha": 2.701567827947853, "VG_n": 1.388600459597268, "thetaS": 0.41569391595832517, "Ks": 2.461610825526437e-07, "rootXDeformation": 0.0, "rootZDeformation": 0.0, "kcMax": 1.8128889218087694}