{"VG_alpha": 2.662309442290695, "VG_n": 1.4499063201076017, "thetaS": 0.44285382828839387, "Ks": 3.0438774112629574e-07, "rootXDeformation": 0.0, "rootZDeformation": 0.017395627640914856, "kcMax": 1.5}