{"VG_alpha": 2.4536559352119633, "VG_n": 1.4055137313383894, "thetaS": 0.4476556047199778, "Ks": 2.1653338715682195e-07, "rootXDeformation": 0.05837269636174587, "rootZDeformation": 0.0, "kcMax": 1.8219976024314302}