{"VG_alpha": 2.974578978086874, "VG_n": 1.4003831496260748, "thetaS": 0.46474399530711474, "Ks": 2.43635020015715e-07, "rootXDeformation": 0.07495622589950895, "rootZDeformation": 0.003236528396774386, "kcMax": 1.5610364037123556}