{"VG_alpha": 2.773771214983845, "VG_n": 1.263935711842516, "thetaS": 0.46524974879560876, "Ks": 7.024213238145221e-07, "rootXDeformation": 0.7416508237237082, "rootZDeformation": 0.8260938104981757, "kcMax": 1.8484189616637028}