{"VG_alpha": 2.964325005829715, "VG_n": 1.2710455217404966, "thetaS": 0.4481989377476471, "Ks": 4.1716245290239953e-07, "rootXDeformation": 0.3527918988610436, "rootZDeformation": 1.0, "kcMax": 2.1802694227564796}