{"VG_alpha": 2.433630453638405, "VG_n": 1.4119721664833358, "thetaS": 0.47519715003913576, "Ks": 4.3053120636536116e-07, "rootXDeformation": 0.013839784447892939, "rootZDeformation": 0.09239697083626036, "kcMax": 1.6534600866566227}