{"VG_alpha": 2.926322746072338, "VG_n": 1.4434482483322366, "thetaS": 0.45735224178476747, "Ks": 5.300404589737081e-07, "rootXDeformation": 0.0881312663429833, "rootZDeformation": 0.01006813396939688, "kcMax": 1.6390788004453516}