{"VG_alpha": 2.95808502498298, "VG_n": 1.4344397601048406, "thetaS": 0.47551880355669257, "Ks": 2.6411358344712e-07, "rootXDeformation": 0.6706865544236014, "rootZDeformation": 0.9812947980233364, "kcMax": 1.6771561852951224}