{"VG_alpha": 2.2779443995753343, "VG_n": 1.2266844006821553, "thetaS": 0.5, "Ks": 2.6752387498696663e-07, "rootXDeformation": 0.6001988929306225, "rootZDeformation": 0.9807141035783461, "kcMax": 1.7476694047231722}