{"VG_alpha": 2.768607403664376, "VG_n": 1.4802957468708828, "thetaS": 0.486768159475619, "Ks": 3.538763244475791e-07, "rootXDeformation": 0.0, "rootZDeformation": 0.0, "kcMax": 1.824904528139474}