{"VG_alpha": 3.0, "VG_n": 1.3293866159133874, "thetaS": 0.4190216724229574, "Ks": 3.5774374220334995e-07, "rootXDeformation": 0.6049376201863578, "rootZDeformation": 0.8821905165209162, "kcMax": 2.075706115226272}