{"VG_alpha": 2.8280659716396803, "VG_n": 1.4621413521440174, "thetaS": 0.43832593424033905, "Ks": 4.783363851611164e-07, "rootXDeformation": 0.0, "rootZDeformation": 0.0, "kcMax": 1.5435421900931758}