{"VG_alpha": 2.691340259242767, "VG_n": 1.4601839513658057, "thetaS": 0.44199563019873256, "Ks": 4.3258162204171344e-07, "rootXDeformation": 0.0, "rootZDeformation": 0.0, "kcMax": 1.643945283392422}