{"VG_alpha": 2.6782565099423286, "VG_n": 1.4344065412989884, "thetaS": 0.4638344801325809, "Ks": 4.164627859603256e-07, "rootXDeformation": 0.0, "rootZDeformation": 0.04603821983730315, "kcMax": 1.5}