{"VG_alpha": 2.809921751267682, "VG_n": 1.2102471044341585, "thetaS": 0.4722687635104038, "Ks": 5.588939823916884e-07, "rootXDeformation": 0.4288291112557795, "rootZDeformation": 0.855374600881278, "kcMax": 1.6133156238146311}