{"VG_alpha": 2.9498239545598604, "VG_n": 1.4608518274650268, "thetaS": 0.41352182242717866, "Ks": 2.1952597677816644e-07, "rootXDeformation": 0.05392733284438129, "rootZDeformation": 0.006223989686592967, "kcMax": 1.5}