{"VG_alpha": 3.0, "VG_n": 1.443199032654198, "thetaS": 0.4306349984219935, "Ks": 3.3808361618208366e-07, "rootXDeformation": 0.0, "rootZDeformation": 0.0, "kcMax": 1.6762810090169784}