{"VG_alpha": 3.0, "VG_n": 1.4528005101784238, "thetaS": 0.4401404910055069, "Ks": 5.814003516193429e-07, "rootXDeformation": 0.032160564879737494, "rootZDeformation": 0.07373332553067347, "kcMax": 1.7080535293485961}