{"VG_alpha": 3.0, "VG_n": 1.4373738702038792, "thetaS": 0.4341880708759034, "Ks": 2.792256297316964e-07, "rootXDeformation": 0.0, "rootZDeformation": 0.0, "kcMax": 1.6692312403021452}