{"VG_alpha": 2.8203380505917988, "VG_n": 1.4501065835230582, "thetaS": 0.4365562870496754, "Ks": 4.857216021053773e-07, "rootXDeformation": 0.18519688542389806, "rootZDeformation": 0.053590290903280595, "kcMax": 1.6352588907354921}