{"VG_alpha": 2.903273994567779, "VG_n": 1.424270349290261, "thetaS": 0.4202802604054844, "Ks": 3.943868303955119e-07, "rootXDeformation": 0.10116208605971715, "rootZDeformation": 0.0581597746752431, "kcMax": 1.5}