{"VG_alpha": 2.766200311173185, "VG_n": 1.4839891862177246, "thetaS": 0.4460807588532686, "Ks": 3.735571346852675e-07, "rootXDeformation": 0.0019768132540480404, "rootZDeformation": 0.03107803795148127, "kcMax": 1.5}