{"VG_alpha": 2.737222063114338, "VG_n": 1.4195230327486974, "thetaS": 0.4372098827228261, "Ks": 3.4470851555502885e-07, "rootXDeformation": 0.0, "rootZDeformation": 0.09844557136008517, "kcMax": 1.7121925215043643}