{"VG_alpha": 2.905557786970573, "VG_n": 1.4457673163820535, "thetaS": 0.41752922001645826, "Ks": 2.479997036299156e-07, "rootXDeformation": 0.0, "rootZDeformation": 0.0, "kcMax": 1.5177073442501854}