{"VG_alpha": 3.0, "VG_n": 1.390937234871246, "thetaS": 0.40135280599481454, "Ks": 2.3907941869141166e-07, "rootXDeformation": 0.379795349148718, "rootZDeformation": 0.8578295850021351, "kcMax": 1.5}