{"VG_alpha": 2.918343537773733, "VG_n": 1.3891302846619542, "thetaS": 0.4354437835415509, "Ks": 4.1601611187739137e-07, "rootXDeformation": 0.09334516437435939, "rootZDeformation": 0.101120885297694, "kcMax": 1.5070094601724222}