{"VG_alpha": 2.775190165923502, "VG_n": 1.4382964444099622, "thetaS": 0.4536067021398299, "Ks": 2.1921081079863676e-07, "rootXDeformation": 0.03617552380134397, "rootZDeformation": 0.09157718961478867, "kcMax": 1.5397394714824058}