{"VG_alpha": 2.5899900926638515, "VG_n": 1.4490989702693327, "thetaS": 0.45855149669220596, "Ks": 2.2728232331200582e-07, "rootXDeformation": 0.0, "rootZDeformation": 0.08358819492311673, "kcMax": 1.6428821779874654}