{"VG_alpha": 2.404702427446482, "VG_n": 1.428387153688427, "thetaS": 0.4452997027692531, "Ks": 3.308500598097877e-07, "rootXDeformation": 0.10043933251007967, "rootZDeformation": 0.0, "kcMax": 1.7149622870331567}