{"VG_alpha": 2.560033474472424, "VG_n": 1.3929051236316914, "thetaS": 0.46063001781941343, "Ks": 2.821304189221571e-07, "rootXDeformation": 0.0, "rootZDeformation": 0.0, "kcMax": 1.5712208384927706}