{"VG_alpha": 2.8212348054022103, "VG_n": 1.373440494392844, "thetaS": 0.4383774657048275, "Ks": 4.269079268016159e-07, "rootXDeformation": 0.0, "rootZDeformation": 0.0, "kcMax": 1.7158140955466388}