{"VG_alpha": 3.0, "VG_n": 1.263561934715952, "thetaS": 0.39554335374111116, "Ks": 2.341177811057332e-07, "rootXDeformation": 0.37262057666871384, "rootZDeformation": 0.9236668538472307, "kcMax": 1.8760008534625983}