{"VG_alpha": 2.287927038244919, "VG_n": 1.3402659050031545, "thetaS": 0.43075644248289546, "Ks": 2.540372870348262e-07, "rootXDeformation": 0.0, "rootZDeformation": 0.011301802007516402, "kcMax": 1.7601631456015696}