{"VG_alpha": 2.5635040559808906, "VG_n": 1.407527396721067, "thetaS": 0.4644006779879413, "Ks": 4.5233239221050714e-07, "rootXDeformation": 0.0, "rootZDeformation": 0.0, "kcMax": 1.5}