{"VG_alpha": 2.945644143317182, "VG_n": 1.2988237089084866, "thetaS": 0.3511324794692552, "Ks": 2.879903771387181e-07, "rootXDeformation": 0.43823847289380946, "rootZDeformation": 0.6306634431054606, "kcMax": 1.779407391814685}