{"VG_alpha": 2.7990639515453726, "VG_n": 1.4862549392691813, "thetaS": 0.44226279002523294, "Ks": 4.018711425842741e-07, "rootXDeformation": 0.06884238868105988, "rootZDeformation": 0.0, "kcMax": 1.6517536226136205}