{"VG_alpha": 2.839637402087356, "VG_n": 1.3730748805784252, "thetaS": 0.46498486777737497, "Ks": 2.8382472314524285e-07, "rootXDeformation": 0.0, "rootZDeformation": 0.02912477817232366, "kcMax": 1.58314958328724}