{"VG_alpha": 3.0, "VG_n": 1.4324791365677911, "thetaS": 0.429452742811957, "Ks": 3.8130489449518676e-07, "rootXDeformation": 0.15188782168706588, "rootZDeformation": 0.02654858160518869, "kcMax": 1.5}