{"VG_alpha": 2.9126088627731592, "VG_n": 1.5004467293550316, "thetaS": 0.46930123744377383, "Ks": 2.8937088696838083e-07, "rootXDeformation": 0.12929850931969844, "rootZDeformation": 0.0, "kcMax": 1.590410089255487}