{"VG_alpha": 2.7046482129645377, "VG_n": 1.3700987128633884, "thetaS": 0.45854775008348914, "Ks": 2.821175523487088e-07, "rootXDeformation": 0.07472421028112791, "rootZDeformation": 0.0, "kcMax": 1.5610759096178608}