{"VG_alpha": 2.6481408848846777, "VG_n": 1.4379988378399293, "thetaS": 0.41004171410314477, "Ks": 3.0404850973053957e-07, "rootXDeformation": 0.0, "rootZDeformation": 0.04466787167124916, "kcMax": 1.5}