{"VG_alpha": 3.0, "VG_n": 1.4867543995627743, "thetaS": 0.4454239159166912, "Ks": 3.7296397837903634e-07, "rootXDeformation": 0.20191639828878424, "rootZDeformation": 0.0, "kcMax": 1.5}