{"VG_alpha": 2.6541920536206645, "VG_n": 1.4281601863482964, "thetaS": 0.49208653746597714, "Ks": 5.018436864986714e-07, "rootXDeformation": 0.0, "rootZDeformation": 0.0, "kcMax": 1.5514345858352172}