{"VG_alpha": 3.0, "VG_n": 1.4790471894487316, "thetaS": 0.42496095677832235, "Ks": 3.4017058629418133e-07, "rootXDeformation": 0.02025960820801255, "rootZDeformation": 0.04569555721384578, "kcMax": 1.5317432384453833}