{"VG_alpha": 3.0, "VG_n": 1.274185334166774, "thetaS": 0.48664563045551384, "Ks": 2.590880894705356e-07, "rootXDeformation": 0.41856080613405783, "rootZDeformation": 1.0, "kcMax": 1.6321291704136467}