{"VG_alpha": 2.5263469696608913, "VG_n": 1.4387047564301243, "thetaS": 0.449770020926754, "Ks": 5.416043840505671e-07, "rootXDeformation": 0.00017559584902260687, "rootZDeformation": 0.01839708972342015, "kcMax": 1.7348475582840401}