{"VG_alpha": 3.0, "VG_n": 1.4595236406475305, "thetaS": 0.4375901261092555, "Ks": 4.3910122127384675e-07, "rootXDeformation": 0.20415820155746664, "rootZDeformation": 0.06886582806694301, "kcMax": 1.5}