{"VG_alpha": 3.0, "VG_n": 1.4775845429025054, "thetaS": 0.42998190627077243, "Ks": 3.960512846087063e-07, "rootXDeformation": 0.0, "rootZDeformation": 0.10423098840737603, "kcMax": 1.5269288299729409}