{"VG_alpha": 2.729168257012485, "VG_n": 1.4651934379977622, "thetaS": 0.4519913717400027, "Ks": 2.599037793361632e-07, "rootXDeformation": 0.02630239382194896, "rootZDeformation": 0.0, "kcMax": 1.5790951695811164}