{"VG_alpha": 2.905657132182116, "VG_n": 1.3500161537992632, "thetaS": 0.4926939545592369, "Ks": 4.130316957648609e-07, "rootXDeformation": 0.007284170862420378, "rootZDeformation": 0.20799385338676257, "kcMax": 1.7057483742326078}