{"VG_alpha": 2.1637696661274615, "VG_n": 1.463121314400784, "thetaS": 0.47089888959355974, "Ks": 4.738813260094587e-07, "rootXDeformation": 0.027548670373809203, "rootZDeformation": 0.0, "kcMax": 1.6571804682997942}