{"VG_alpha": 2.903801322095215, "VG_n": 1.5059035316731406, "thetaS": 0.4440751505560566, "Ks": 2.8330047124744396e-07, "rootXDeformation": 0.01397538579852882, "rootZDeformation": 0.04366911521922205, "kcMax": 1.5}