{"VG_alpha": 3.0, "VG_n": 1.5013146013278518, "thetaS": 0.4466991317274314, "Ks": 3.5580990675540107e-07, "rootXDeformation": 0.13216102148806588, "rootZDeformation": 0.011935974740082308, "kcMax": 1.6470202716352438}