{"VG_alpha": 2.644952861158245, "VG_n": 1.46633973534309, "thetaS": 0.4512210514716075, "Ks": 2.1312231007929235e-07, "rootXDeformation": 0.07368301917118866, "rootZDeformation": 0.06502791746398386, "kcMax": 1.6050154834823132}