{"VG_alpha": 2.736769081600868, "VG_n": 1.4155137230393262, "thetaS": 0.453961170729394, "Ks": 2.687741265262363e-07, "rootXDeformation": 0.0, "rootZDeformation": 0.010508054453604395, "kcMax": 1.759252715303421}