{"VG_alpha": 3.0, "VG_n": 1.3959679301307566, "thetaS": 0.43127917493538426, "Ks": 2.5155406209526883e-07, "rootXDeformation": 0.09546378903346249, "rootZDeformation": 0.0, "kcMax": 1.6272220750236355}