{"VG_alpha": 2.372710100958643, "VG_n": 1.299839251273891, "thetaS": 0.45828251886319876, "Ks": 4.1158654250197814e-07, "rootXDeformation": 0.5255642087295991, "rootZDeformation": 0.7993263744801802, "kcMax": 1.5}