{"VG_alpha": 2.412329274494936, "VG_n": 1.459358966985113, "thetaS": 0.454792643249618, "Ks": 2.268869338612002e-07, "rootXDeformation": 0.05655455812536874, "rootZDeformation": 0.004461256184998815, "kcMax": 1.81821300439867}