{"VG_alpha": 2.323778381301051, "VG_n": 1.3626039060318234, "thetaS": 0.4595886651238453, "Ks": 2.8923188048326585e-07, "rootXDeformation": 0.0, "rootZDeformation": 0.01492497506419185, "kcMax": 1.6095608765020428}