{"VG_alpha": 2.3546149986019964, "VG_n": 1.3884010006105076, "thetaS": 0.49226305902747314, "Ks": 2.9670120946617236e-07, "rootXDeformation": 0.0, "rootZDeformation": 0.0, "kcMax": 1.5322880030128128}