{"VG_alpha": 2.896604909006972, "VG_n": 1.4197031868679146, "thetaS": 0.44118920421064867, "Ks": 4.185838363511702e-07, "rootXDeformation": 0.07337808815478893, "rootZDeformation": 0.10314959434352092, "kcMax": 1.6436482912334005}