{"VG_alpha": 2.9390373159375116, "VG_n": 1.4399785581742406, "thetaS": 0.4386799668943264, "Ks": 3.065449635122856e-07, "rootXDeformation": 0.048720301143755265, "rootZDeformation": 0.0, "kcMax": 1.5}