{"VG_alpha": 2.598369963467756, "VG_n": 1.4884247557455785, "thetaS": 0.4320764330925583, "Ks": 2.2888219488559414e-07, "rootXDeformation": 0.0, "rootZDeformation": 0.04578676081098028, "kcMax": 1.5}