{"VG_alpha": 3.0, "VG_n": 1.4647134467024632, "thetaS": 0.4437748206905142, "Ks": 2.7492033475579153e-07, "rootXDeformation": 0.25568191996526657, "rootZDeformation": 0.05943745804146522, "kcMax": 1.5221166344007775}