{"VG_alpha": 2.4341800586399467, "VG_n": 1.482424588845716, "thetaS": 0.46989640014466016, "Ks": 3.114870766559601e-07, "rootXDeformation": 0.03223477139988285, "rootZDeformation": 0.0, "kcMax": 1.5503597844631645}