{"VG_alpha": 2.102640045916856, "VG_n": 1.3924406794730946, "thetaS": 0.4631034287427745, "Ks": 2.2313680658187652e-07, "rootXDeformation": 0.0, "rootZDeformation": 0.0, "kcMax": 1.6344660813157927}