{"VG_alpha": 2.9040462881119855, "VG_n": 1.464455956693587, "thetaS": 0.4432807052746367, "Ks": 3.99933105728737e-07, "rootXDeformation": 0.009929925446162904, "rootZDeformation": 0.13543808732421875, "kcMax": 1.5585758821385836}