{"VG_alpha": 2.887302518421967, "VG_n": 1.4472143693643302, "thetaS": 0.4927489008268618, "Ks": 3.881021986082421e-06, "rootXDeformation": 0.7941933230914473, "rootZDeformation": 0.2388997132052399, "kcMax": 1.5765066977794249}