{"VG_alpha": 2.8513607494345337, "VG_n": 1.4547061896540936, "thetaS": 0.42447108476766154, "Ks": 2.5357042234508764e-07, "rootXDeformation": 0.0, "rootZDeformation": 0.0843540933410215, "kcMax": 1.5}