{"VG_alpha": 3.0, "VG_n": 1.2624394956785951, "thetaS": 0.4885370003433598, "Ks": 1.7396997003834773e-07, "rootXDeformation": 0.5345035948273782, "rootZDeformation": 0.8905353709495574, "kcMax": 1.5}