{"VG_alpha": 2.914674379082813, "VG_n": 1.4525574848850382, "thetaS": 0.44639488777144243, "Ks": 4.764796251231287e-07, "rootXDeformation": 0.0, "rootZDeformation": 0.08867787142768413, "kcMax": 1.5}