{"VG_alpha": 3.0, "VG_n": 1.362527950800359, "thetaS": 0.46617482235927366, "Ks": 4.378945652269471e-07, "rootXDeformation": 0.11875358221885936, "rootZDeformation": 0.12674718263286855, "kcMax": 1.6832274874981208}