{"VG_alpha": 2.7241879399254816, "VG_n": 1.4979502950580295, "thetaS": 0.4706269369456978, "Ks": 2.1291753086927708e-07, "rootXDeformation": 0.075500362880891, "rootZDeformation": 0.13563935645666425, "kcMax": 1.6080963062910574}