{"VG_alpha": 2.7495698104004127, "VG_n": 1.4200191043583916, "thetaS": 0.44251990524120605, "Ks": 3.54333631599493e-07, "rootXDeformation": 0.0017931977570811164, "rootZDeformation": 0.021896455002467605, "kcMax": 1.5}