{"VG_alpha": 2.673126618555915, "VG_n": 1.4335911984678962, "thetaS": 0.42875461678516025, "Ks": 3.4507308993032793e-07, "rootXDeformation": 0.08245835956069086, "rootZDeformation": 0.047949257082613085, "kcMax": 1.6063987457529407}