{"VG_alpha": 2.732497013411582, "VG_n": 1.4067860418978086, "thetaS": 0.4566758833298754, "Ks": 2.4320427410631365e-07, "rootXDeformation": 0.0, "rootZDeformation": 0.03139763679080483, "kcMax": 1.543064311383187}