{"VG_alpha": 2.6764779996967127, "VG_n": 1.461813802375274, "thetaS": 0.475665942473643, "Ks": 3.047273510075113e-07, "rootXDeformation": 0.03791136159377911, "rootZDeformation": 0.0, "kcMax": 1.5140417720254429}