{"VG_alpha": 2.907452237852862, "VG_n": 1.433782562858231, "thetaS": 0.4565455045146535, "Ks": 3.4176881156783167e-07, "rootXDeformation": 0.05171068702485514, "rootZDeformation": 0.10372825210701547, "kcMax": 1.5}