{"VG_alpha": 3.0, "VG_n": 1.4585609302833915, "thetaS": 0.4426288937386376, "Ks": 3.75922214340761e-07, "rootXDeformation": 0.047420428596196086, "rootZDeformation": 0.019276835707639415, "kcMax": 1.5}