{"VG_alpha": 2.595293831282954, "VG_n": 1.3045656286670404, "thetaS": 0.41717777193737804, "Ks": 2.614878994066431e-07, "rootXDeformation": 0.5339962529977555, "rootZDeformation": 0.6904874569955008, "kcMax": 1.5799639670171919}