{"VG_alpha": 2.801648798299138, "VG_n": 1.4290197780281297, "thetaS": 0.4277947271024741, "Ks": 5.179729587562845e-07, "rootXDeformation": 0.024631659388599503, "rootZDeformation": 0.023791994893609822, "kcMax": 1.8301394123479042}