{"VG_alpha": 3.0, "VG_n": 1.4293272692579304, "thetaS": 0.4124545361100991, "Ks": 2.6916957290670563e-07, "rootXDeformation": 0.08823043383791526, "rootZDeformation": 0.07608825184393671, "kcMax": 1.5}