{"VG_alpha": 3.0, "VG_n": 1.2848045929534562, "thetaS": 0.4145646785398089, "Ks": 3.438086826309233e-07, "rootXDeformation": 0.27342306255360355, "rootZDeformation": 0.7717000418830375, "kcMax": 2.0346151761063282}