{"VG_alpha": 2.623501818077292, "VG_n": 1.4221514232174823, "thetaS": 0.4368554319696374, "Ks": 3.3134962740789987e-07, "rootXDeformation": 0.07661364395636784, "rootZDeformation": 0.08501306001201572, "kcMax": 1.7944562032618603}