{"VG_alpha": 3.0, "VG_n": 1.2938726057039207, "thetaS": 0.45387504822244734, "Ks": 3.5107958961605827e-07, "rootXDeformation": 0.23192886556497794, "rootZDeformation": 0.5602361130458365, "kcMax": 1.901591781850238}