{"VG_alpha": 2.984334169873245, "VG_n": 1.5236873196130185, "thetaS": 0.45664966627809417, "Ks": 3.150484186489118e-07, "rootXDeformation": 0.0734915287845622, "rootZDeformation": 0.0, "kcMax": 1.9602128792190903}