{"VG_alpha": 2.697732386514345, "VG_n": 1.3574956837916619, "thetaS": 0.4415936847078985, "Ks": 2.8950831166699823e-07, "rootXDeformation": 0.0, "rootZDeformation": 0.02205940761816825, "kcMax": 1.7647107553815844}