{"VG_alpha": 2.72721001770781, "VG_n": 1.4115331189489508, "thetaS": 0.46619038208330554, "Ks": 2.725648522493877e-07, "rootXDeformation": 0.0, "rootZDeformation": 0.09409609748790626, "kcMax": 1.6001082528115922}