{"VG_alpha": 2.2357487774706133, "VG_n": 1.40996787606525, "thetaS": 0.43945653755585057, "Ks": 2.2375240880214412e-07, "rootXDeformation": 0.12125819936268767, "rootZDeformation": 0.04939683795383372, "kcMax": 1.5}