{"VG_alpha": 3.0, "VG_n": 1.41625521491036, "thetaS": 0.45365569334956685, "Ks": 4.2589970836773546e-07, "rootXDeformation": 0.02862656215251347, "rootZDeformation": 0.0, "kcMax": 1.5}