{"VG_alpha": 2.9271316140550505, "VG_n": 1.467272387862609, "thetaS": 0.4354316492856615, "Ks": 4.763639357917113e-07, "rootXDeformation": 0.3686668108579115, "rootZDeformation": 1.0, "kcMax": 1.5}