{"VG_alpha": 2.418036050661706, "VG_n": 1.4158700158107032, "thetaS": 0.41303305032663834, "Ks": 3.059401593850328e-07, "rootXDeformation": 0.0, "rootZDeformation": 0.09638247895487939, "kcMax": 1.7309282770135113}