{"VG_alpha": 2.7748600655478532, "VG_n": 1.2696471670986744, "thetaS": 0.4244319100116671, "Ks": 3.585804585397631e-07, "rootXDeformation": 0.15505930038520277, "rootZDeformation": 0.905611665545858, "kcMax": 1.8055164584248478}