{"VG_alpha": 2.526021473288126, "VG_n": 1.4841372120616787, "thetaS": 0.44069398231875967, "Ks": 1.9892003942406249e-07, "rootXDeformation": 0.13671854706586675, "rootZDeformation": 0.0, "kcMax": 1.7774578582636547}