{"VG_alpha": 3.0, "VG_n": 1.4120950358660882, "thetaS": 0.44986621576637154, "Ks": 4.0631206934408403e-07, "rootXDeformation": 0.05751005399617698, "rootZDeformation": 0.02764207859922168, "kcMax": 1.5}