{"VG_alpha": 2.684693772726421, "VG_n": 1.4004855650278405, "thetaS": 0.42672151707223827, "Ks": 2.492824775095391e-07, "rootXDeformation": 0.30357483888867953, "rootZDeformation": 0.7311839797477048, "kcMax": 1.6101804147620091}