{"VG_alpha": 2.6535509497863394, "VG_n": 1.517182455521519, "thetaS": 0.4696171378563533, "Ks": 4.7122755887925186e-07, "rootXDeformation": 0.0, "rootZDeformation": 0.0, "kcMax": 1.615625370342495}