{"VG_alpha": 2.394690382039954, "VG_n": 1.4203972398886804, "thetaS": 0.47428020212973254, "Ks": 2.616068173527902e-07, "rootXDeformation": 0.06882626154524371, "rootZDeformation": 0.0, "kcMax": 1.6028780183403846}