{"VG_alpha": 2.5550371551469593, "VG_n": 1.3937422249401565, "thetaS": 0.43887483889446444, "Ks": 2.417191224012702e-07, "rootXDeformation": 0.0, "rootZDeformation": 0.1026432007332426, "kcMax": 1.6596202647744407}