{"VG_alpha": 2.8271999691103034, "VG_n": 1.46694803166478, "thetaS": 0.44871400898016855, "Ks": 2.7961317606982075e-07, "rootXDeformation": 0.10672670951539891, "rootZDeformation": 0.0, "kcMax": 1.5}