{"VG_alpha": 3.0, "VG_n": 1.1702785942138898, "thetaS": 0.5, "Ks": 2.744826725113328e-07, "rootXDeformation": 0.5605088740127718, "rootZDeformation": 1.0, "kcMax": 1.8549096518923551}