{"VG_alpha": 2.786579972325022, "VG_n": 1.4367580836942833, "thetaS": 0.44672493536665936, "Ks": 2.779484428022049e-07, "rootXDeformation": 0.1277169335081479, "rootZDeformation": 0.039690359280471814, "kcMax": 1.5}