{"VG_alpha": 2.677070279673136, "VG_n": 1.4258570237927772, "thetaS": 0.43677309063206793, "Ks": 2.4112128007257613e-07, "rootXDeformation": 0.0, "rootZDeformation": 0.05136729935020592, "kcMax": 1.5}