{"VG_alpha": 2.341307283673811, "VG_n": 1.3653910595186705, "thetaS": 0.45229079021023527, "Ks": 2.2081333113468204e-07, "rootXDeformation": 0.0, "rootZDeformation": 0.0, "kcMax": 1.790796440402905}