{"VG_alpha": 2.8594004251191274, "VG_n": 1.5027733235834584, "thetaS": 0.43142859993859917, "Ks": 3.071724930409047e-07, "rootXDeformation": 0.013437728416397761, "rootZDeformation": 0.0, "kcMax": 1.6223940158174426}