{"VG_alpha": 2.308757370476374, "VG_n": 1.455086181037837, "thetaS": 0.46212242806787746, "Ks": 2.0861238076638526e-07, "rootXDeformation": 0.158891987144631, "rootZDeformation": 0.06828671079529841, "kcMax": 1.5246528140055802}