{"VG_alpha": 2.719583170659356, "VG_n": 1.3805613056522648, "thetaS": 0.4566974416029407, "Ks": 3.974583116536936e-07, "rootXDeformation": 0.0, "rootZDeformation": 0.0, "kcMax": 1.5}