{"VG_alpha": 3.0, "VG_n": 1.4149408729837705, "thetaS": 0.461772022481157, "Ks": 5.233983700188111e-07, "rootXDeformation": 0.0, "rootZDeformation": 0.023174347427365335, "kcMax": 1.8071883809809361}