{"VG_alpha": 2.4377976127220107, "VG_n": 1.4533595972238715, "thetaS": 0.46862181766114047, "Ks": 2.2904161270253626e-07, "rootXDeformation": 0.0, "rootZDeformation": 0.14173662575849955, "kcMax": 1.7156428352487176}