{"VG_alpha": 3.0, "VG_n": 1.4360537935214366, "thetaS": 0.4392747060521457, "Ks": 3.175616353087584e-07, "rootXDeformation": 0.028426507076274737, "rootZDeformation": 0.0, "kcMax": 1.5}