{"VG_alpha": 2.911890946054408, "VG_n": 1.4405245459572238, "thetaS": 0.4601913168910672, "Ks": 4.0047374934980945e-07, "rootXDeformation": 0.006825061493101581, "rootZDeformation": 0.01788789145444164, "kcMax": 1.5317551808388914}