{"VG_alpha": 2.734628791917539, "VG_n": 1.4507136699458707, "thetaS": 0.4271561598845818, "Ks": 4.076511344913495e-07, "rootXDeformation": 0.05104901289877328, "rootZDeformation": 0.0, "kcMax": 1.5}