{"VG_alpha": 2.369578572431129, "VG_n": 1.4651172798224676, "thetaS": 0.4397344143662235, "Ks": 2.813653240163451e-07, "rootXDeformation": 0.15788976910135608, "rootZDeformation": 0.14305046810707303, "kcMax": 1.6717308042344283}