{"VG_alpha": 3.0, "VG_n": 1.4730469271967788, "thetaS": 0.4446589670650312, "Ks": 3.976453220632822e-07, "rootXDeformation": 0.0, "rootZDeformation": 0.0, "kcMax": 1.5246519786689277}