{"VG_alpha": 2.7966718313262957, "VG_n": 1.379336487254787, "thetaS": 0.4597071555568437, "Ks": 2.576068507626414e-07, "rootXDeformation": 0.0, "rootZDeformation": 0.06925851098805319, "kcMax": 1.5441875859109517}