{"VG_alpha": 2.347423820785674, "VG_n": 1.3517187145722058, "thetaS": 0.46768649195276274, "Ks": 3.24537937489417e-07, "rootXDeformation": 0.004972329929896248, "rootZDeformation": 0.0, "kcMax": 1.7811670529619799}