{"VG_alpha": 2.840271664752616, "VG_n": 1.4985954139197284, "thetaS": 0.43704646356013166, "Ks": 2.5794730125964414e-07, "rootXDeformation": 0.013975962496172382, "rootZDeformation": 0.0, "kcMax": 1.5}