{"VG_alpha": 2.8704249560720196, "VG_n": 1.4026355825357122, "thetaS": 0.4516888085653059, "Ks": 2.527188063514519e-07, "rootXDeformation": 0.1554393636699125, "rootZDeformation": 0.4873451331356606, "kcMax": 1.7090426969663586}