{"VG_alpha": 2.828078778105257, "VG_n": 1.325508424940651, "thetaS": 0.4614484390974797, "Ks": 4.531422616649474e-07, "rootXDeformation": 0.3701653507855047, "rootZDeformation": 0.8650438163749365, "kcMax": 1.822291752175726}