{"VG_alpha": 2.755550273133231, "VG_n": 1.486229402619075, "thetaS": 0.4517333884908186, "Ks": 4.43324324040587e-07, "rootXDeformation": 0.0, "rootZDeformation": 0.07518829066825067, "kcMax": 1.5}