{"VG_alpha": 2.7707649326077677, "VG_n": 1.2485793580828655, "thetaS": 0.5, "Ks": 3.000898152243718e-07, "rootXDeformation": 0.5228517085492681, "rootZDeformation": 1.0, "kcMax": 1.74538481039782}