{"VG_alpha": 2.912037748455195, "VG_n": 1.4824765795477097, "thetaS": 0.430548860857941, "Ks": 3.4671321413498473e-07, "rootXDeformation": 0.02996797998159148, "rootZDeformation": 0.0, "kcMax": 1.5997089834643552}