{"VG_alpha": 2.3577554441769126, "VG_n": 1.4236240576206858, "thetaS": 0.46575984495724665, "Ks": 4.0420117663246723e-07, "rootXDeformation": 0.0, "rootZDeformation": 0.036339442000368066, "kcMax": 1.5232111299207363}