{"VG_alpha": 2.8892867620876057, "VG_n": 1.5160617730697572, "thetaS": 0.4383591214332859, "Ks": 2.4398874781532555e-07, "rootXDeformation": 0.19987769553835308, "rootZDeformation": 0.0, "kcMax": 1.5585316099731792}