{"VG_alpha": 2.970133203204554, "VG_n": 1.4175985770258348, "thetaS": 0.43256918486402374, "Ks": 2.781632490192903e-07, "rootXDeformation": 0.0, "rootZDeformation": 0.041553062140763715, "kcMax": 1.7109585599722936}