{"VG_alpha": 2.828078778105257, "VG_n": 1.325508424940651, "thetaS": 0.4614484390974797, "Ks": 4.5314226166494727e-07, "rootXDeformation": 0.3701653507855047, "rootZDeformation": 0.9732102572283768, "kcMax": 1.8222917521757263}