{"VG_alpha": 2.823155074677918, "VG_n": 1.3848340915995407, "thetaS": 0.44936765678468116, "Ks": 4.3227586654955957e-07, "rootXDeformation": 0.0, "rootZDeformation": 0.0, "kcMax": 1.7904177258391687}