{"VG_alpha": 3.0, "VG_n": 1.4158712024278295, "thetaS": 0.4429032471025084, "Ks": 3.00679043518303e-07, "rootXDeformation": 0.0, "rootZDeformation": 0.0, "kcMax": 1.631756053419164}