{"VG_alpha": 2.2725120200351645, "VG_n": 1.3371469490539194, "thetaS": 0.4800614849139595, "Ks": 2.935747819605295e-07, "rootXDeformation": 0.0, "rootZDeformation": 0.07410271179805229, "kcMax": 1.6926765240273063}