{"VG_alpha": 2.928250677315163, "VG_n": 1.4191052888834543, "thetaS": 0.4638381113614742, "Ks": 4.280578364067869e-07, "rootXDeformation": 0.04351326944312924, "rootZDeformation": 0.0, "kcMax": 1.5942525852849159}