{"VG_alpha": 2.8792459759503606, "VG_n": 1.5104211375213525, "thetaS": 0.44168296687419895, "Ks": 3.038423984091132e-07, "rootXDeformation": 0.0, "rootZDeformation": 0.02613166089572971, "kcMax": 1.5434968387101775}