{"VG_alpha": 2.86707146432165, "VG_n": 1.4144372349742684, "thetaS": 0.43140010728949285, "Ks": 5.165592604807061e-07, "rootXDeformation": 0.117764726982127, "rootZDeformation": 0.0, "kcMax": 1.5742603602271967}