{"VG_alpha": 2.807861596412642, "VG_n": 1.3104271218225145, "thetaS": 0.47049151105213205, "Ks": 2.065129158662207e-07, "rootXDeformation": 0.46830309164193956, "rootZDeformation": 0.9730956970750251, "kcMax": 1.6584504167750713}