{"VG_alpha": 2.907941428670469, "VG_n": 1.4623585393226464, "thetaS": 0.4447907489246291, "Ks": 3.378225376143481e-07, "rootXDeformation": 0.1152302976897078, "rootZDeformation": 0.0, "kcMax": 1.5}