{"VG_alpha": 2.627210103389494, "VG_n": 1.4410636122953697, "thetaS": 0.4632568707719622, "Ks": 1.6012769631761433e-07, "rootXDeformation": 0.05417840212112205, "rootZDeformation": 0.18405728221966966, "kcMax": 1.6593926540858148}