{"VG_alpha": 3.0, "VG_n": 1.4744855119446103, "thetaS": 0.4299859530806588, "Ks": 3.245214026716176e-07, "rootXDeformation": 0.01253037758681777, "rootZDeformation": 0.11038986702601808, "kcMax": 1.7702803573355441}