{"VG_alpha": 2.4690293480415115, "VG_n": 1.222973381998957, "thetaS": 0.5, "Ks": 3.475802279658202e-07, "rootXDeformation": 0.6271426109644783, "rootZDeformation": 0.8516954589008867, "kcMax": 1.8586404503819933}