{"VG_alpha": 2.4077245052288103, "VG_n": 1.3419699775793483, "thetaS": 0.4408631479068609, "Ks": 4.2353533455223865e-07, "rootXDeformation": 0.0, "rootZDeformation": 0.0, "kcMax": 1.7069742335536915}