{"VG_alpha": 2.3335532822987286, "VG_n": 1.338171504922598, "thetaS": 0.5, "Ks": 2.2099527527511542e-07, "rootXDeformation": 0.6195868060230877, "rootZDeformation": 1.0, "kcMax": 1.5433905064890618}