{"VG_alpha": 2.7262489211136343, "VG_n": 1.4113878844696248, "thetaS": 0.45363122348422946, "Ks": 4.048016797212233e-07, "rootXDeformation": 0.07224892150555463, "rootZDeformation": 0.0, "kcMax": 1.6336810699139022}