{"VG_alpha": 2.5288169214071985, "VG_n": 1.4230089326499762, "thetaS": 0.42157976190255675, "Ks": 2.849039959954541e-07, "rootXDeformation": 0.05505005887734058, "rootZDeformation": 0.09946443636449052, "kcMax": 1.5486292951945368}