{"VG_alpha": 2.9034956537881493, "VG_n": 1.4795739667224064, "thetaS": 0.4126159384815381, "Ks": 3.856991275256209e-07, "rootXDeformation": 0.022484376388001583, "rootZDeformation": 0.0, "kcMax": 1.5}