{"VG_alpha": 2.8606472551397255, "VG_n": 1.4263079966826564, "thetaS": 0.4342238174621503, "Ks": 2.400661798764548e-07, "rootXDeformation": 0.014844854989060782, "rootZDeformation": 0.0, "kcMax": 1.5}