{"VG_alpha": 2.9286368304333887, "VG_n": 1.4743980569479318, "thetaS": 0.4373082908095689, "Ks": 3.7472706532291396e-07, "rootXDeformation": 0.017031477045533733, "rootZDeformation": 0.0, "kcMax": 1.6356373725265227}