{"VG_alpha": 2.6456155551467697, "VG_n": 1.3624434192785182, "thetaS": 0.47891211473817225, "Ks": 3.1866854074115423e-07, "rootXDeformation": 0.17524320603329097, "rootZDeformation": 0.10365184945383639, "kcMax": 1.6469213307181791}