{"VG_alpha": 2.5218062692325733, "VG_n": 1.5025080589343798, "thetaS": 0.4374745806692004, "Ks": 4.16753456174893e-07, "rootXDeformation": 0.0, "rootZDeformation": 0.030166497087404837, "kcMax": 1.7935115182703467}