{"VG_alpha": 2.6361374195991205, "VG_n": 1.4694556354095354, "thetaS": 0.4417921588875646, "Ks": 2.570223625868859e-07, "rootXDeformation": 0.0, "rootZDeformation": 0.004618637024806084, "kcMax": 1.5}