{"VG_alpha": 3.0, "VG_n": 1.3335405198274373, "thetaS": 0.45870105008650136, "Ks": 2.699061855026183e-07, "rootXDeformation": 0.20861812419202846, "rootZDeformation": 0.2906741262033479, "kcMax": 1.5948243740260164}