{"VG_alpha": 2.5426412865334918, "VG_n": 1.1103759746797008, "thetaS": 0.42672964698525506, "Ks": 1.583538918896984e-06, "rootXDeformation": 0.4985070123025904, "rootZDeformation": 0.22479664553084766, "kcMax": 1.797094297139436}