{"VG_alpha": 2.6192785465700705, "VG_n": 1.3785556407381776, "thetaS": 0.45448567070480494, "Ks": 2.2892157359156718e-07, "rootXDeformation": 0.05661719751351262, "rootZDeformation": 0.21190744123402255, "kcMax": 1.6450941929115006}