{"VG_alpha": 2.6390150413561666, "VG_n": 1.42109905235709, "thetaS": 0.4732472779851888, "Ks": 1.7243500807639917e-07, "rootXDeformation": 0.14425573739098724, "rootZDeformation": 0.0, "kcMax": 1.5713771768370264}