{"VG_alpha": 2.676202366665934, "VG_n": 1.4781132691817536, "thetaS": 0.4781421203718542, "Ks": 3.9441908320243803e-07, "rootXDeformation": 0.17590916136248594, "rootZDeformation": 0.0, "kcMax": 1.565554680572748}