{"VG_alpha": 2.8482959597978725, "VG_n": 1.3405897280587875, "thetaS": 0.4524053671428273, "Ks": 9.943102514703813e-07, "rootXDeformation": 0.2720276099290699, "rootZDeformation": 0.9733248173817286, "kcMax": 1.9861330875763812}