{"VG_alpha": 2.580501797079797, "VG_n": 1.2478597377608065, "thetaS": 0.5, "Ks": 3.401580896484292e-07, "rootXDeformation": 0.45500951893859937, "rootZDeformation": 0.9329997938687878, "kcMax": 1.5276904555099184}