{"VG_alpha": 2.4783614953679525, "VG_n": 1.3227378171158588, "thetaS": 0.4418729469962054, "Ks": 1.9136847149439165e-07, "rootXDeformation": 0.0922560889538262, "rootZDeformation": 0.03537654840306234, "kcMax": 1.6994451695022539}