{"VG_alpha": 1.5466880666377125, "VG_n": 1.469041941043244, "thetaS": 0.4184532522444395, "Ks": 1.4256545119277533e-07, "rootXDeformation": 0.1744599997817033, "rootZDeformation": 0.8784454392653458, "kcMax": 1.7423373523376908}