{"VG_alpha": 2.8585650858943623, "VG_n": 1.3941049402150705, "thetaS": 0.4824042865385089, "Ks": 1.8638344191721458e-06, "rootXDeformation": 0.0, "rootZDeformation": 0.0, "kcMax": 1.5}