{"VG_alpha": 2.0083236369533917, "VG_n": 1.2877351114011302, "thetaS": 0.4521643708189243, "Ks": 3.9199021895360335e-07, "rootXDeformation": 0.1921036963890747, "rootZDeformation": 0.8032734178734641, "kcMax": 1.5}