{"VG_alpha": 1.9246176952903897, "VG_n": 1.3699407735173592, "thetaS": 0.4428562433325067, "Ks": 1.4208777008271192e-06, "rootXDeformation": 0.0, "rootZDeformation": 0.3153235420982874, "kcMax": 1.5}