{"VG_alpha": 2.4247978074562155, "VG_n": 1.4072799670960476, "thetaS": 0.41938302606508826, "Ks": 1.1601837168866514e-06, "rootXDeformation": 0.0, "rootZDeformation": 0.3491267843624809, "kcMax": 1.636424757880068}