{"VG_alpha": 2.173139628689764, "VG_n": 1.4726758437952028, "thetaS": 0.47118252506132974, "Ks": 6.45379036713743e-07, "rootXDeformation": 0.10987593750480418, "rootZDeformation": 0.1732379495484463, "kcMax": 1.6244553132237323}