{"VG_alpha": 2.0715853145141905, "VG_n": 1.478523216945757, "thetaS": 0.41482321832448216, "Ks": 4.85324692639827e-07, "rootXDeformation": 0.0, "rootZDeformation": 0.4298350902980709, "kcMax": 1.5}