{"VG_alpha": 1.969923942357138, "VG_n": 1.4685053598952593, "thetaS": 0.4569219173123716, "Ks": 6.095985474614863e-07, "rootXDeformation": 0.0, "rootZDeformation": 0.4184299028654489, "kcMax": 1.5}