{"VG_alpha": 2.1317605442918413, "VG_n": 1.5062555776356337, "thetaS": 0.4054416870997838, "Ks": 2.3625482358020546e-07, "rootXDeformation": 0.0, "rootZDeformation": 0.8535165285208788, "kcMax": 1.691260973505164}