{"VG_alpha": 2.1252895129119613, "VG_n": 1.1862167287264023, "thetaS": 0.46608296972248087, "Ks": 2.3617742615129898e-07, "rootXDeformation": 0.09151593529136802, "rootZDeformation": 0.7640991228683361, "kcMax": 1.5}