{"VG_alpha": 1.9018297527176142, "VG_n": 1.4336208192807849, "thetaS": 0.45077699901937035, "Ks": 8.773604322408675e-07, "rootXDeformation": 0.0, "rootZDeformation": 0.2081495315490634, "kcMax": 1.762633498533762}