{"VG_alpha": 3.0, "VG_n": 1.3381173640219768, "thetaS": 0.4703400281116797, "Ks": 4.030311342639463e-07, "rootXDeformation": 0.0776206790909138, "rootZDeformation": 0.9956785588553789, "kcMax": 1.6046681986414553}