{"VG_alpha": 3.0, "VG_n": 1.2119253173613282, "thetaS": 0.482319058369432, "Ks": 3.386432096039403e-07, "rootXDeformation": 0.5699664875696508, "rootZDeformation": 0.9353726413291796, "kcMax": 2.2966156184256254}