{"VG_alpha": 1.866315292876781, "VG_n": 1.4734841953985613, "thetaS": 0.4694166575317805, "Ks": 4.3707723920953884e-07, "rootXDeformation": 0.0, "rootZDeformation": 0.6476218802856144, "kcMax": 1.6202519763876846}