{"VG_alpha": 2.016900455714648, "VG_n": 1.4624169808342087, "thetaS": 0.4399687753519894, "Ks": 6.467812925563227e-07, "rootXDeformation": 0.165509809644899, "rootZDeformation": 0.6478654283947186, "kcMax": 1.6653444275937668}