{"VG_alpha": 1.9653996413262846, "VG_n": 1.4188103264941405, "thetaS": 0.35945542147716303, "Ks": 1.4705244171882392e-07, "rootXDeformation": 0.01276961317781728, "rootZDeformation": 0.4690783293145376, "kcMax": 1.7448768267618044}