{"VG_alpha": 2.519379721156975, "VG_n": 1.501207603585664, "thetaS": 0.4326438078053213, "Ks": 7.357096573826219e-07, "rootXDeformation": 0.06637151896721946, "rootZDeformation": 0.28442611686481956, "kcMax": 1.5}