{"VG_alpha": 2.3847323867461716, "VG_n": 1.3706739668208787, "thetaS": 0.3972428582535369, "Ks": 3.9164693031211896e-07, "rootXDeformation": 0.0, "rootZDeformation": 0.6361612240765544, "kcMax": 1.5}