{"VG_alpha": 1.8507501268385798, "VG_n": 1.4195922700733934, "thetaS": 0.4294561841628328, "Ks": 8.385547680460665e-07, "rootXDeformation": 0.14574678670268038, "rootZDeformation": 0.305384792304616, "kcMax": 1.5181374523677778}