{"VG_alpha": 2.0572810101538477, "VG_n": 1.3953539361518883, "thetaS": 0.44183963403427307, "Ks": 1.2410267201541848e-06, "rootXDeformation": 0.0004937407924488675, "rootZDeformation": 0.5122927429013474, "kcMax": 1.5}