{"VG_alpha": 2.0148954003955546, "VG_n": 1.3835533809506713, "thetaS": 0.4086299841356108, "Ks": 3.9880143289765503e-07, "rootXDeformation": 0.0, "rootZDeformation": 0.5031342761494012, "kcMax": 1.60219401701752}