{"VG_alpha": 1.3930799251662476, "VG_n": 1.2615713463161928, "thetaS": 0.4920554732943704, "Ks": 6.05244386793999e-07, "rootXDeformation": 0.8064301863281744, "rootZDeformation": 0.9645722145770933, "kcMax": 2.2956478972709027}