{"VG_alpha": 1.1854885250656797, "VG_n": 1.138512614088671, "thetaS": 0.47402488957563516, "Ks": 5.846277425672116e-07, "rootXDeformation": 0.47649153831378027, "rootZDeformation": 1.0, "kcMax": 2.285336180230126}