{"VG_alpha": 2.2877784214784467, "VG_n": 1.4248736021768589, "thetaS": 0.5, "Ks": 4.6418790608045643e-07, "rootXDeformation": 0.24353657343699847, "rootZDeformation": 0.5592419962348928, "kcMax": 1.5}