{"VG_alpha": 2.0252047511441154, "VG_n": 1.341387492487995, "thetaS": 0.42026512987516473, "Ks": 1.117185972910544e-06, "rootXDeformation": 0.0, "rootZDeformation": 0.19941889620883066, "kcMax": 1.7777496507976607}