{"VG_alpha": 3.0, "VG_n": 1.3395848088016755, "thetaS": 0.47117362730323153, "Ks": 6.262659589232997e-07, "rootXDeformation": 0.02649912206815024, "rootZDeformation": 0.0, "kcMax": 1.628108570238849}