{"VG_alpha": 2.4048314354524187, "VG_n": 1.3387562899677035, "thetaS": 0.4279651402232244, "Ks": 1.0122655689522252e-06, "rootXDeformation": 0.031181222515698714, "rootZDeformation": 0.45530549598509323, "kcMax": 1.514820247389223}