{"VG_alpha": 2.096149226116783, "VG_n": 1.387271282285178, "thetaS": 0.41765402372955623, "Ks": 6.09697278783283e-07, "rootXDeformation": 0.07176450072513006, "rootZDeformation": 0.8007943380524843, "kcMax": 1.60332905716544}