{"VG_alpha": 2.2892694370940494, "VG_n": 1.4287739718864005, "thetaS": 0.40204895640262495, "Ks": 7.815064578769937e-07, "rootXDeformation": 0.0, "rootZDeformation": 0.18427398447797072, "kcMax": 1.8391500601345294}