{"VG_alpha": 2.0551373711005088, "VG_n": 1.1551083419593582, "thetaS": 0.3563784324434628, "Ks": 6.479283653341856e-07, "rootXDeformation": 0.7497522393487559, "rootZDeformation": 0.7659688763420494, "kcMax": 2.4738424500545575}