{"VG_alpha": 1.6615182166869498, "VG_n": 1.3741250902877598, "thetaS": 0.4659727419937471, "Ks": 7.374513719681487e-07, "rootXDeformation": 0.0017729578580815738, "rootZDeformation": 0.631870648835903, "kcMax": 1.7264985903612307}