{"VG_alpha": 2.5335802660553313, "VG_n": 1.491747445870689, "thetaS": 0.4722551844543621, "Ks": 9.038095538218142e-07, "rootXDeformation": 0.0, "rootZDeformation": 0.08273800237247353, "kcMax": 1.5627890605420816}