{"VG_alpha": 2.040264067950715, "VG_n": 1.4536352033980564, "thetaS": 0.4087962943841682, "Ks": 2.771403204262292e-07, "rootXDeformation": 0.10068475973225408, "rootZDeformation": 0.9080242011357067, "kcMax": 1.5}