{"VG_alpha": 2.8948707642584566, "VG_n": 1.4027407167867034, "thetaS": 0.4974404682809271, "Ks": 5.133677188328178e-07, "rootXDeformation": 0.05095481815365329, "rootZDeformation": 0.4084705960945305, "kcMax": 1.5489381134773925}