{"VG_alpha": 2.557095746076582, "VG_n": 1.4175875824958502, "thetaS": 0.40360094825757886, "Ks": 4.860890651992435e-07, "rootXDeformation": 0.0018090283957655146, "rootZDeformation": 0.619730562520024, "kcMax": 1.5}