{"VG_alpha": 2.2824219664087595, "VG_n": 1.343842257876526, "thetaS": 0.4193870878592936, "Ks": 4.634362239051804e-07, "rootXDeformation": 0.0, "rootZDeformation": 0.4451845387580012, "kcMax": 1.5}