{"VG_alpha": 2.516292938318814, "VG_n": 1.4265631262898164, "thetaS": 0.4988850922742186, "Ks": 1.0259326496905717e-06, "rootXDeformation": 0.052222925822249695, "rootZDeformation": 0.29937688169715515, "kcMax": 1.7561096221924988}