{"VG_alpha": 1.7259433608666945, "VG_n": 1.46134016985864, "thetaS": 0.46391276557078737, "Ks": 6.270036380582487e-07, "rootXDeformation": 0.08895132197487426, "rootZDeformation": 0.25559177975308617, "kcMax": 1.6810217547141593}