{"VG_alpha": 2.8774971624565615, "VG_n": 1.4452074083953055, "thetaS": 0.47930889023950213, "Ks": 4.723741626365785e-07, "rootXDeformation": 0.081461137188925, "rootZDeformation": 0.426062238206799, "kcMax": 1.5}