{"VG_alpha": 2.7187268187743547, "VG_n": 1.3567026330865994, "thetaS": 0.4792906131628643, "Ks": 6.805403881809451e-07, "rootXDeformation": 0.10771617937468211, "rootZDeformation": 0.011354136143012634, "kcMax": 1.6802627011450442}