{"VG_alpha": 2.2468231647627386, "VG_n": 1.3604749474574764, "thetaS": 0.4837725445928386, "Ks": 1.0690990457260075e-06, "rootXDeformation": 0.00761678171094627, "rootZDeformation": 0.2912963378612949, "kcMax": 1.9707023368445262}