{"VG_alpha": 2.60050209058807, "VG_n": 1.1564602007074636, "thetaS": 0.5, "Ks": 2.9952149160203876e-07, "rootXDeformation": 0.07728986189097829, "rootZDeformation": 0.6708218156240953, "kcMax": 1.7100369864882357}