{"VG_alpha": 2.679746402722689, "VG_n": 1.3946318807859501, "thetaS": 0.4685090511268451, "Ks": 1.8085092580326832e-06, "rootXDeformation": 0.0, "rootZDeformation": 0.0077773075291159, "kcMax": 1.5046432263047573}