{"VG_alpha": 2.6324227467230994, "VG_n": 1.3826612543810142, "thetaS": 0.42975152361551383, "Ks": 1.2423288416101168e-06, "rootXDeformation": 0.0, "rootZDeformation": 0.3104129166266796, "kcMax": 1.9708043691032961}