{"VG_alpha": 2.510859183447854, "VG_n": 1.4392567535944414, "thetaS": 0.45053403666762004, "Ks": 3.7439781631118326e-07, "rootXDeformation": 0.6217925330865239, "rootZDeformation": 0.0837193533170227, "kcMax": 1.7119656960399667}