{"VG_alpha": 3.0, "VG_n": 1.4250940574576272, "thetaS": 0.47803172931152693, "Ks": 8.909111314402215e-07, "rootXDeformation": 0.0, "rootZDeformation": 0.0015765991699404902, "kcMax": 1.5}