{"VG_alpha": 2.7798837228538242, "VG_n": 1.4327512973004328, "thetaS": 0.43197325314006063, "Ks": 4.3751568875395995e-07, "rootXDeformation": 0.32770812840475144, "rootZDeformation": 1.0, "kcMax": 1.5}