{"VG_alpha": 1.7669662955683747, "VG_n": 1.2606018997042503, "thetaS": 0.41423156649898496, "Ks": 4.630074245707571e-07, "rootXDeformation": 0.14557098036793167, "rootZDeformation": 0.8105145354732465, "kcMax": 1.5}