{"VG_alpha": 1.7911414280614575, "VG_n": 1.4183885594369154, "thetaS": 0.39717704506720763, "Ks": 4.87217172402821e-07, "rootXDeformation": 0.0, "rootZDeformation": 0.3073352927353192, "kcMax": 1.5}