{"VG_alpha": 2.3315063705705414, "VG_n": 1.3724687617737221, "thetaS": 0.42563362159592155, "Ks": 1.0636902031710005e-06, "rootXDeformation": 0.14935593941801303, "rootZDeformation": 0.2859901375640508, "kcMax": 1.9794173000259372}