{"VG_alpha": 2.8247045821347516, "VG_n": 1.3527670730152774, "thetaS": 0.4492620469235121, "Ks": 6.131622071582549e-07, "rootXDeformation": 0.20996739140735093, "rootZDeformation": 0.9729465545149448, "kcMax": 1.5}