{"VG_alpha": 2.855832935272132, "VG_n": 1.409228136498527, "thetaS": 0.4696378975862105, "Ks": 1.150739632419515e-06, "rootXDeformation": 0.30458373441929415, "rootZDeformation": 0.9981923825334043, "kcMax": 1.5}