{"VG_alpha": 3.0, "VG_n": 1.4270857302157343, "thetaS": 0.46998175041723134, "Ks": 9.997257515289628e-07, "rootXDeformation": 0.04818047545480925, "rootZDeformation": 0.23839623919572595, "kcMax": 1.5672015896074607}