{"VG_alpha": 1.4196038450479809, "VG_n": 1.3510337841728388, "thetaS": 0.40139022506248423, "Ks": 5.345958141797466e-07, "rootXDeformation": 0.0, "rootZDeformation": 0.3021801626114048, "kcMax": 1.6840412486424583}