{"VG_alpha": 1.5894489321021636, "VG_n": 1.4401332072182829, "thetaS": 0.3801232363301743, "Ks": 3.2090267673009866e-07, "rootXDeformation": 0.0, "rootZDeformation": 0.3225190774218104, "kcMax": 1.6030263630499946}