{"VG_alpha": 2.1599392810702334, "VG_n": 1.3823719752559898, "thetaS": 0.5, "Ks": 4.6170529412725166e-07, "rootXDeformation": 0.28832846478279583, "rootZDeformation": 0.6082180655534258, "kcMax": 1.8303804399114498}