{"VG_alpha": 2.5911650073240438, "VG_n": 1.3960069105005724, "thetaS": 0.45959743093552907, "Ks": 5.166669377967269e-07, "rootXDeformation": 0.12041353122120468, "rootZDeformation": 0.10475262506657243, "kcMax": 1.5}