{"VG_alpha": 1.5391332406844125, "VG_n": 1.4363197396030563, "thetaS": 0.4341264111508206, "Ks": 4.776606460680221e-07, "rootXDeformation": 0.06008280972627492, "rootZDeformation": 0.38093179993982484, "kcMax": 1.6473534596101498}