{"VG_alpha": 2.009007055591856, "VG_n": 1.3995300857491049, "thetaS": 0.4358160260469046, "Ks": 7.591585651185068e-07, "rootXDeformation": 0.0, "rootZDeformation": 0.2119590503789738, "kcMax": 1.6689486961332092}