{"VG_alpha": 2.61325326853172, "VG_n": 1.3618655494695973, "thetaS": 0.497427696821642, "Ks": 9.828793227697277e-07, "rootXDeformation": 0.08364042977369071, "rootZDeformation": 0.2947945493680494, "kcMax": 1.5}