{"VG_alpha": 1.9168936364276317, "VG_n": 1.2048763344578393, "thetaS": 0.4855544990218407, "Ks": 3.95325075785715e-07, "rootXDeformation": 0.33066580083500074, "rootZDeformation": 0.5232299146406431, "kcMax": 1.5}