{"VG_alpha": 1.8142340606517016, "VG_n": 1.5787590193725942, "thetaS": 0.3989678168743487, "Ks": 2.979239823679017e-07, "rootXDeformation": 0.0, "rootZDeformation": 0.7464939097146606, "kcMax": 1.6505408214550783}