{"VG_alpha": 2.0314612102364915, "VG_n": 1.4645387241515564, "thetaS": 0.4430709186059034, "Ks": 7.759337109271781e-07, "rootXDeformation": 0.0, "rootZDeformation": 0.46776910044323117, "kcMax": 1.8434267205281911}