{"VG_alpha": 1.2419325586602366, "VG_n": 1.2432231820117368, "thetaS": 0.46463487838881495, "Ks": 3.2771668448742147e-07, "rootXDeformation": 0.6949985866086895, "rootZDeformation": 1.0, "kcMax": 2.2794854563672096}