{"VG_alpha": 3.0, "VG_n": 1.3086042514888552, "thetaS": 0.4575161380511646, "Ks": 7.733676661675492e-07, "rootXDeformation": 0.163065072118454, "rootZDeformation": 1.0, "kcMax": 1.8214407891986628}