{"VG_alpha": 1.9015653137771515, "VG_n": 1.2863928839503993, "thetaS": 0.3322404480195139, "Ks": 5.375170072044419e-07, "rootXDeformation": 0.43309435401401, "rootZDeformation": 1.0, "kcMax": 2.3938540853201924}