{"VG_alpha": 2.968652771151631, "VG_n": 1.3661783981374669, "thetaS": 0.47383955887516305, "Ks": 3.8329842102159276e-07, "rootXDeformation": 0.14466259879644527, "rootZDeformation": 0.8777881700245548, "kcMax": 1.696070449187455}