{"VG_alpha": 1.775161885328253, "VG_n": 1.2294997243498451, "thetaS": 0.43890049287646754, "Ks": 5.66683498032517e-07, "rootXDeformation": 0.0, "rootZDeformation": 0.4527517076314993, "kcMax": 1.5}