{"VG_alpha": 2.4462348534022826, "VG_n": 1.2808800229420254, "thetaS": 0.4115572031526977, "Ks": 5.954177702445403e-07, "rootXDeformation": 0.4275427430024837, "rootZDeformation": 0.3799976330560084, "kcMax": 1.6776140961370398}