{"VG_alpha": 1.7342742258574493, "VG_n": 1.4025102092817365, "thetaS": 0.4025522619855275, "Ks": 6.165781698206834e-07, "rootXDeformation": 0.0, "rootZDeformation": 0.4178045500939595, "kcMax": 1.5}