{"VG_alpha": 2.085268902041095, "VG_n": 1.331842189693999, "thetaS": 0.41871613215603415, "Ks": 9.387008164250657e-07, "rootXDeformation": 0.0, "rootZDeformation": 0.17414057734459942, "kcMax": 1.5355808267944908}