{"VG_alpha": 2.768805144216378, "VG_n": 1.2896292742232067, "thetaS": 0.4224163231516712, "Ks": 7.445783060792392e-07, "rootXDeformation": 0.12343378033536374, "rootZDeformation": 1.0, "kcMax": 1.5}