{"VG_alpha": 2.141345735339474, "VG_n": 1.230959371342231, "thetaS": 0.44582738525566423, "Ks": 3.961666615115582e-07, "rootXDeformation": 0.0862714833721085, "rootZDeformation": 0.750742528840417, "kcMax": 1.5}