{"VG_alpha": 1.8944909866709885, "VG_n": 1.467502948743031, "thetaS": 0.43139072298805853, "Ks": 2.9610992323394987e-07, "rootXDeformation": 0.0, "rootZDeformation": 0.6377444711676266, "kcMax": 1.5284100810803734}