{"VG_alpha": 3.0, "VG_n": 1.4831127396460042, "thetaS": 0.4871313985319194, "Ks": 1.35134022692375e-06, "rootXDeformation": 0.0, "rootZDeformation": 0.0, "kcMax": 1.7366169566516327}