{"VG_alpha": 2.8338491723861106, "VG_n": 1.330451694739076, "thetaS": 0.46460032194918494, "Ks": 1.3849910333837435e-06, "rootXDeformation": 0.14467105772560745, "rootZDeformation": 0.9487507287832653, "kcMax": 1.5}