{"VG_alpha": 2.1359451370780986, "VG_n": 1.4249810899810198, "thetaS": 0.4357871491376518, "Ks": 4.540088964790197e-07, "rootXDeformation": 0.0, "rootZDeformation": 0.578687100527216, "kcMax": 1.8994534289944556}