{"VG_alpha": 2.518148036609883, "VG_n": 1.5080122702552978, "thetaS": 0.434596657475829, "Ks": 4.524089139729461e-07, "rootXDeformation": 0.0, "rootZDeformation": 0.23674864242740098, "kcMax": 1.8176112992003808}