{"VG_alpha": 2.868151877982916, "VG_n": 1.3670753752692502, "thetaS": 0.4689320600911345, "Ks": 5.873595918408797e-07, "rootXDeformation": 0.02704568837527012, "rootZDeformation": 0.10997336296812575, "kcMax": 1.5}