{"VG_alpha": 1.379374733692096, "VG_n": 1.43540970027954, "thetaS": 0.3993552695992243, "Ks": 5.506082301682784e-07, "rootXDeformation": 0.10919434665469145, "rootZDeformation": 0.3285711915030674, "kcMax": 1.5}