{"VG_alpha": 1.1102829533927034, "VG_n": 1.5067843842117843, "thetaS": 0.4503828988050998, "Ks": 7.19269274064872e-07, "rootXDeformation": 0.2664717778436137, "rootZDeformation": 0.8409031725038603, "kcMax": 1.9554900750076554}