{"VG_alpha": 1.86201723381162, "VG_n": 1.359023072773514, "thetaS": 0.41941402363106706, "Ks": 3.874186921970322e-07, "rootXDeformation": 0.16721329697108578, "rootZDeformation": 0.25183703760222037, "kcMax": 1.5}