{"VG_alpha": 1.8027662668018434, "VG_n": 1.3428452958485873, "thetaS": 0.42599432840816365, "Ks": 7.198719248130538e-07, "rootXDeformation": 0.1675721079911499, "rootZDeformation": 0.25585077030903386, "kcMax": 1.5405518402043539}