{"VG_alpha": 2.112523934309631, "VG_n": 1.4373863722680467, "thetaS": 0.39630561307103235, "Ks": 4.49092554938319e-07, "rootXDeformation": 0.0, "rootZDeformation": 0.522939535121714, "kcMax": 1.6363881589128488}