{"VG_alpha": 1.814946620757575, "VG_n": 1.3754430303053382, "thetaS": 0.4251709140072768, "Ks": 4.0951480716626107e-07, "rootXDeformation": 0.01006564965001911, "rootZDeformation": 0.7089371417423198, "kcMax": 1.5}