{"VG_alpha": 2.771315242589582, "VG_n": 1.3381173640219768, "thetaS": 0.47034002811167974, "Ks": 4.030311342639462e-07, "rootXDeformation": 0.0776206790909138, "rootZDeformation": 0.9956785588553789, "kcMax": 1.6804606337261723}