{"VG_alpha": 2.511470282576088, "VG_n": 1.4027373929919056, "thetaS": 0.42029601901249153, "Ks": 6.678976503816217e-07, "rootXDeformation": 0.11183606879199387, "rootZDeformation": 0.4110998183617197, "kcMax": 1.5761321211856494}