{"VG_alpha": 2.547924171236522, "VG_n": 1.394239432252957, "thetaS": 0.4773390896386464, "Ks": 3.6453183654399604e-07, "rootXDeformation": 0.21170451850197675, "rootZDeformation": 0.7598977811937306, "kcMax": 1.7874726997334547}