{"VG_alpha": 2.3961291697386455, "VG_n": 1.4575291831677788, "thetaS": 0.4369553789397557, "Ks": 1.127680455041739e-06, "rootXDeformation": 0.0, "rootZDeformation": 0.1756709588772336, "kcMax": 1.5}