{"VG_alpha": 2.467656790027804, "VG_n": 1.432527125294701, "thetaS": 0.4234353966550275, "Ks": 5.010133944441711e-07, "rootXDeformation": 0.0, "rootZDeformation": 0.3421106419661029, "kcMax": 1.6292252335382982}