{"VG_alpha": 1.9718152634441206, "VG_n": 1.1564401380680043, "thetaS": 0.4644347052936529, "Ks": 3.681398203240731e-07, "rootXDeformation": 0.11533210518444269, "rootZDeformation": 0.6440271665216067, "kcMax": 1.6281763538219292}