{"VG_alpha": 1.333096820776989, "VG_n": 1.286276821170626, "thetaS": 0.46793602413196667, "Ks": 4.610220746383551e-07, "rootXDeformation": 0.5815945016371274, "rootZDeformation": 0.7085240262616777, "kcMax": 2.176098720959616}