{"VG_alpha": 2.18923816399223, "VG_n": 1.2718110938008567, "thetaS": 0.5, "Ks": 5.198836997004202e-07, "rootXDeformation": 0.24987359327149167, "rootZDeformation": 0.41713224556704936, "kcMax": 1.5}