{"VG_alpha": 1.2650560605629746, "VG_n": 1.4990983624878884, "thetaS": 0.40962842911518854, "Ks": 6.041682548808074e-07, "rootXDeformation": 0.2784447958858139, "rootZDeformation": 0.7174542490424864, "kcMax": 1.8533780865231975}