{"VG_alpha": 2.7515284237044924, "VG_n": 1.4324949018204907, "thetaS": 0.4648887485047193, "Ks": 4.188634211827004e-07, "rootXDeformation": 0.0, "rootZDeformation": 0.14925417527200782, "kcMax": 1.5}