{"VG_alpha": 1.7338838966844354, "VG_n": 1.402595382188848, "thetaS": 0.4719362195421479, "Ks": 7.075520190883308e-07, "rootXDeformation": 0.11662500770541763, "rootZDeformation": 0.653766707063837, "kcMax": 1.5}