{"VG_alpha": 2.162679011074934, "VG_n": 1.485743334700992, "thetaS": 0.39296386507193104, "Ks": 4.440374705298122e-07, "rootXDeformation": 0.03444146331468945, "rootZDeformation": 0.31249042285923356, "kcMax": 1.5}