{"VG_alpha": 2.6319434795551393, "VG_n": 1.4239663249807488, "thetaS": 0.49817212172082964, "Ks": 6.136232937777956e-07, "rootXDeformation": 0.0, "rootZDeformation": 0.13148551362392533, "kcMax": 1.6927766984194237}