{"VG_alpha": 1.8172793091307873, "VG_n": 1.3314514987221928, "thetaS": 0.47855040692022033, "Ks": 6.231559720627166e-07, "rootXDeformation": 0.13125872527696175, "rootZDeformation": 0.6327688288083941, "kcMax": 1.6448582988137872}