{"VG_alpha": 2.658088078732652, "VG_n": 1.1733403050600915, "thetaS": 0.49441750228785525, "Ks": 3.5854522110597353e-07, "rootXDeformation": 0.4422725195138799, "rootZDeformation": 1.0, "kcMax": 2.180596773586808}