{"VG_alpha": 2.39166402813003, "VG_n": 1.2221266045139798, "thetaS": 0.4627237433679501, "Ks": 3.351735139481464e-07, "rootXDeformation": 0.4293344960519594, "rootZDeformation": 0.8859502176108185, "kcMax": 1.5}