{"VG_alpha": 2.8695574731553775, "VG_n": 1.2431895868643505, "thetaS": 0.44440802339761276, "Ks": 1.1992998391101586e-06, "rootXDeformation": 0.2242347687812234, "rootZDeformation": 0.8463315066359742, "kcMax": 1.7416029880874182}