{"VG_alpha": 1.9408786956494555, "VG_n": 1.4673615114770857, "thetaS": 0.402163050971598, "Ks": 6.334752889326981e-07, "rootXDeformation": 0.0445625860203181, "rootZDeformation": 0.7470170618310514, "kcMax": 1.5}