{"VG_alpha": 2.5584561051037586, "VG_n": 1.332156949665733, "thetaS": 0.5, "Ks": 5.403506413502273e-07, "rootXDeformation": 0.09407830058239043, "rootZDeformation": 0.58466313623848, "kcMax": 1.8511957063712838}