{"VG_alpha": 2.9266428913116633, "VG_n": 1.3603347884322132, "thetaS": 0.49184312343041453, "Ks": 7.289860915597867e-07, "rootXDeformation": 0.08840722167875657, "rootZDeformation": 0.0, "kcMax": 1.5}