{"VG_alpha": 1.9690011957108449, "VG_n": 1.381628633842172, "thetaS": 0.4288746492415805, "Ks": 5.101905574170349e-07, "rootXDeformation": 0.17285957934503374, "rootZDeformation": 0.6795425344724302, "kcMax": 1.5}