{"VG_alpha": 2.2681982449185756, "VG_n": 1.215202426734252, "thetaS": 0.4227597008191592, "Ks": 2.8299459239104997e-07, "rootXDeformation": 0.23228880173729366, "rootZDeformation": 0.6723239549592234, "kcMax": 1.7199509810051168}