{"VG_alpha": 2.176914749712871, "VG_n": 1.1984138530449633, "thetaS": 0.4748594860079236, "Ks": 2.5097542053844783e-07, "rootXDeformation": 0.036407727135776946, "rootZDeformation": 0.3732104210400275, "kcMax": 1.5}