{"VG_alpha": 1.737009514020929, "VG_n": 1.3369083142639842, "thetaS": 0.40902604413465854, "Ks": 3.4217639259472767e-07, "rootXDeformation": 0.0, "rootZDeformation": 0.4397532458822391, "kcMax": 1.5}