{"VG_alpha": 2.0247716461636918, "VG_n": 1.4212149284061364, "thetaS": 0.44110358353603696, "Ks": 4.931091021999711e-07, "rootXDeformation": 0.0, "rootZDeformation": 0.2493076992232532, "kcMax": 1.7783582583418038}