{"VG_alpha": 2.2787445829460626, "VG_n": 1.3441425290525666, "thetaS": 0.4198899198004702, "Ks": 7.250195519440484e-07, "rootXDeformation": 0.0, "rootZDeformation": 0.4075492606963919, "kcMax": 1.5}