{"VG_alpha": 2.3175658226671136, "VG_n": 1.2187964379430016, "thetaS": 0.4804255728397484, "Ks": 6.929052787745555e-07, "rootXDeformation": 0.3264965543371235, "rootZDeformation": 1.0, "kcMax": 1.6141319432152266}