{"VG_alpha": 1.6664530628855794, "VG_n": 1.4211399463784606, "thetaS": 0.4350815547382325, "Ks": 9.108952631701159e-07, "rootXDeformation": 0.07415332377082692, "rootZDeformation": 0.5593831930839752, "kcMax": 1.5}