{"VG_alpha": 2.157863143886781, "VG_n": 1.2241851385568103, "thetaS": 0.4754894536676748, "Ks": 6.51310232157389e-07, "rootXDeformation": 0.03626245110108381, "rootZDeformation": 0.6234192155348757, "kcMax": 1.595004202109872}