{"VG_alpha": 2.1055793920606614, "VG_n": 1.456032761658369, "thetaS": 0.4316410592110984, "Ks": 6.887313024859782e-07, "rootXDeformation": 0.0, "rootZDeformation": 0.4785205516449488, "kcMax": 1.880991805019099}