{"VG_alpha": 1.877739067876461, "VG_n": 1.4049531396586208, "thetaS": 0.38926651056479195, "Ks": 7.02410855601252e-07, "rootXDeformation": 0.12726202985034984, "rootZDeformation": 0.4153958606608531, "kcMax": 1.5}