{"VG_alpha": 2.731597237059666, "VG_n": 1.4040042388349963, "thetaS": 0.46681959166378884, "Ks": 4.3877570227213516e-07, "rootXDeformation": 0.2012154255860224, "rootZDeformation": 0.2408766131568249, "kcMax": 1.5}