{"VG_alpha": 2.152212319607904, "VG_n": 1.4691269144357584, "thetaS": 0.4450350624161796, "Ks": 6.636086140401407e-07, "rootXDeformation": 0.0, "rootZDeformation": 0.30970880696986053, "kcMax": 1.8600279649736287}