{"VG_alpha": 1.988114192132335, "VG_n": 1.2716903311417396, "thetaS": 0.49751997061097264, "Ks": 3.2262963852056875e-07, "rootXDeformation": 0.15319324497479597, "rootZDeformation": 0.46531358194612876, "kcMax": 1.5053857415751781}