{"VG_alpha": 2.0407434891018115, "VG_n": 1.466319575376175, "thetaS": 0.449564683923514, "Ks": 3.682894444246034e-07, "rootXDeformation": 0.07836933931722523, "rootZDeformation": 0.4399594363206528, "kcMax": 1.549647013968225}