{"VG_alpha": 3.0, "VG_n": 1.3234107961070136, "thetaS": 0.49042839933894544, "Ks": 1.1267008628887016e-06, "rootXDeformation": 0.0, "rootZDeformation": 0.0, "kcMax": 1.8958324779816103}