{"VG_alpha": 1.8242459360988423, "VG_n": 1.4307165352715754, "thetaS": 0.3991805294916657, "Ks": 6.573664928650421e-07, "rootXDeformation": 0.0, "rootZDeformation": 0.5430415560749028, "kcMax": 1.5}