{"VG_alpha": 2.4616966786987, "VG_n": 1.3294924894714613, "thetaS": 0.45357893157157864, "Ks": 6.847831067941233e-07, "rootXDeformation": 0.086603409512335, "rootZDeformation": 0.3654175168705696, "kcMax": 1.5}