{"VG_alpha": 1.5493087359999516, "VG_n": 1.4329235849417459, "thetaS": 0.3594391832350759, "Ks": 3.7007334111214375e-07, "rootXDeformation": 0.0361972178362433, "rootZDeformation": 0.2949814192058966, "kcMax": 1.5}