{"VG_alpha": 1.3326398558552048, "VG_n": 1.2428298387768564, "thetaS": 0.5, "Ks": 4.192066862883111e-07, "rootXDeformation": 0.7790582586983248, "rootZDeformation": 1.0, "kcMax": 2.416691977152658}