{"VG_alpha": 2.059425952226623, "VG_n": 1.2007420425119837, "thetaS": 0.43864252011855587, "Ks": 4.054274446045833e-07, "rootXDeformation": 0.13034035556039422, "rootZDeformation": 0.9318289379364291, "kcMax": 1.6779902522302668}