{"VG_alpha": 2.428173016197865, "VG_n": 1.1660452855548753, "thetaS": 0.49942946078466793, "Ks": 1.8366680486546531e-07, "rootXDeformation": 0.21555942329272687, "rootZDeformation": 0.7554371643058044, "kcMax": 1.7926332344056644}