{"VG_alpha": 2.558739210650125, "VG_n": 1.4948621507187405, "thetaS": 0.417161504084005, "Ks": 7.499520220182842e-07, "rootXDeformation": 0.0, "rootZDeformation": 0.19235452831383096, "kcMax": 1.6245573454825022}