{"VG_alpha": 2.1533757349722458, "VG_n": 1.4816715440291177, "thetaS": 0.4519607634277405, "Ks": 8.478803553041997e-07, "rootXDeformation": 0.05911014354645005, "rootZDeformation": 0.46764096652274695, "kcMax": 1.6486319195335355}