{"VG_alpha": 1.787203657299864, "VG_n": 1.4635645388116034, "thetaS": 0.44993989399820855, "Ks": 5.674989042418774e-07, "rootXDeformation": 0.07473735499701739, "rootZDeformation": 0.2318290718330916, "kcMax": 1.8789176258988562}