{"VG_alpha": 3.0, "VG_n": 1.36892391197605, "thetaS": 0.5, "Ks": 7.837704060410954e-07, "rootXDeformation": 0.06898312730154096, "rootZDeformation": 0.12175213331670132, "kcMax": 1.5}