{"VG_alpha": 1.7819896526173629, "VG_n": 1.2027179502621954, "thetaS": 0.4751451781110086, "Ks": 8.787741677627074e-07, "rootXDeformation": 0.37505782688053557, "rootZDeformation": 0.9098455419483886, "kcMax": 1.7695154580340322}