{"VG_alpha": 2.1799547681084874, "VG_n": 1.418841808078434, "thetaS": 0.4331602778749477, "Ks": 3.48839605223418e-07, "rootXDeformation": 0.0, "rootZDeformation": 0.6173230491015758, "kcMax": 1.8236622612854232}