{"VG_alpha": 3.0, "VG_n": 1.287278311916098, "thetaS": 0.4758339971053846, "Ks": 9.502269494898346e-07, "rootXDeformation": 0.07303161649769448, "rootZDeformation": 0.08259980746824538, "kcMax": 1.6777405665825458}