{"VG_alpha": 1.8620619981447413, "VG_n": 1.3786986674675914, "thetaS": 0.45126677420364364, "Ks": 6.442814234982404e-07, "rootXDeformation": 0.0, "rootZDeformation": 0.1107824728498393, "kcMax": 1.6799197484251351}