{"VG_alpha": 3.0, "VG_n": 1.493485481828655, "thetaS": 0.47677284546018955, "Ks": 1.1663123275397096e-06, "rootXDeformation": 0.0, "rootZDeformation": 0.0, "kcMax": 1.5}