{"VG_alpha": 1.9319407108434463, "VG_n": 1.2378847204593635, "thetaS": 0.46388047058572746, "Ks": 2.861104232369952e-07, "rootXDeformation": 0.003858813290996979, "rootZDeformation": 0.6571530152533811, "kcMax": 1.5983760195321506}