{"VG_alpha": 2.450437599332666, "VG_n": 1.3432255191122455, "thetaS": 0.45297285159910755, "Ks": 1.1107282481595545e-06, "rootXDeformation": 0.0, "rootZDeformation": 0.3478197077656356, "kcMax": 1.9499103068629942}