{"VG_alpha": 1.905529135344611, "VG_n": 1.372620242979809, "thetaS": 0.46607878164158223, "Ks": 5.016081125114004e-07, "rootXDeformation": 0.0, "rootZDeformation": 0.4296891803544995, "kcMax": 1.690609192926479}