{"VG_alpha": 1.7517529075323766, "VG_n": 1.4591332953897604, "thetaS": 0.4394664536498858, "Ks": 5.131831019803764e-07, "rootXDeformation": 0.0, "rootZDeformation": 0.37992963930594353, "kcMax": 1.8917722335957907}