{"VG_alpha": 1.9800925381172856, "VG_n": 1.3664975590583333, "thetaS": 0.3988251750813997, "Ks": 7.270027251449015e-07, "rootXDeformation": 0.12987408135480266, "rootZDeformation": 0.5290843618999366, "kcMax": 1.5054821898872852}