{"VG_alpha": 2.239638544056941, "VG_n": 1.1735218657137843, "thetaS": 0.48584254840921925, "Ks": 4.1999771832391586e-07, "rootXDeformation": 0.08940829862722668, "rootZDeformation": 0.49674762245499304, "kcMax": 1.6974387417872405}