{"VG_alpha": 1.9679646171436667, "VG_n": 1.3448607571873012, "thetaS": 0.423115997653115, "Ks": 3.0272458604141876e-07, "rootXDeformation": 0.1897426626245764, "rootZDeformation": 0.63489022932764, "kcMax": 1.5700111589914525}