{"VG_alpha": 2.6533500558049594, "VG_n": 1.3862101837404586, "thetaS": 0.45589898626066394, "Ks": 1.2082016027470363e-06, "rootXDeformation": 0.18372872324526948, "rootZDeformation": 0.17394205920526534, "kcMax": 1.7352317173533995}