{"VG_alpha": 1.6732681006066916, "VG_n": 1.3428085458509424, "thetaS": 0.4907069056037603, "Ks": 6.489035788882414e-07, "rootXDeformation": 0.23449616104001736, "rootZDeformation": 0.5882479198093871, "kcMax": 1.5064313674337346}