{"VG_alpha": 1.9380557971316343, "VG_n": 1.3847057602862252, "thetaS": 0.45591686050931335, "Ks": 5.810640138380958e-07, "rootXDeformation": 0.07877911903913082, "rootZDeformation": 0.3699442208587109, "kcMax": 1.5}