{"VG_alpha": 1.9938637736216607, "VG_n": 1.2071723965709713, "thetaS": 0.4387091991420087, "Ks": 5.786825796530837e-07, "rootXDeformation": 0.2501365572047848, "rootZDeformation": 0.6605509470970916, "kcMax": 1.731760861294409}