{"VG_alpha": 1.8200653248678182, "VG_n": 1.1840579099284962, "thetaS": 0.47853139626157576, "Ks": 2.2198662668426423e-06, "rootXDeformation": 0.7213040810203197, "rootZDeformation": 0.8889404512415268, "kcMax": 2.1968868460445763}