{"VG_alpha": 2.409143453990473, "VG_n": 1.4841901746835038, "thetaS": 0.4812586431272557, "Ks": 5.655142643970815e-07, "rootXDeformation": 0.6392919444503788, "rootZDeformation": 0.13815539444970903, "kcMax": 1.5}