{"VG_alpha": 1.3860438451464976, "VG_n": 1.45702861841464, "thetaS": 0.3990617773727709, "Ks": 4.337112484858001e-07, "rootXDeformation": 0.014389967978316608, "rootZDeformation": 0.41496929297091945, "kcMax": 1.6509444467156231}