{"VG_alpha": 2.3032038551009903, "VG_n": 1.4546788432884545, "thetaS": 0.4101310837009977, "Ks": 9.8786684689539e-07, "rootXDeformation": 0.0, "rootZDeformation": 0.442106781915452, "kcMax": 1.5}