{"VG_alpha": 2.623305139861948, "VG_n": 1.2846498516493723, "thetaS": 0.4588828332233921, "Ks": 6.026808216219708e-07, "rootXDeformation": 0.9809831917812959, "rootZDeformation": 0.26652811620159295, "kcMax": 1.7353244301657038}