{"VG_alpha": 1.975735782414424, "VG_n": 1.4413393699234343, "thetaS": 0.4932083900495243, "Ks": 7.529473892841469e-07, "rootXDeformation": 0.1868770807880778, "rootZDeformation": 0.7113740891541764, "kcMax": 1.6474642181137371}