{"VG_alpha": 3.0, "VG_n": 1.4688618647406342, "thetaS": 0.5, "Ks": 6.53660636617152e-07, "rootXDeformation": 0.02633877624815408, "rootZDeformation": 0.0, "kcMax": 1.6358263991949658}