{"VG_alpha": 1.9928339240207513, "VG_n": 1.396643911655548, "thetaS": 0.41423085380424096, "Ks": 7.397276192988995e-07, "rootXDeformation": 0.181400525130308, "rootZDeformation": 0.29215150804882795, "kcMax": 1.5}