{"VG_alpha": 2.5394715102926098, "VG_n": 1.4277749981339916, "thetaS": 0.4695070987159635, "Ks": 1.3821086146470154e-06, "rootXDeformation": 0.14288583717794293, "rootZDeformation": 0.4348873796997563, "kcMax": 1.5091692738172884}