{"VG_alpha": 2.474056004842322, "VG_n": 1.4828683364024948, "thetaS": 0.475300427080922, "Ks": 7.537655124488752e-07, "rootXDeformation": 0.0, "rootZDeformation": 0.19766072861107506, "kcMax": 1.615842382301091}