{"VG_alpha": 1.5218069076144356, "VG_n": 1.2886617358803991, "thetaS": 0.3842642525004391, "Ks": 1.3450156455510487e-06, "rootXDeformation": 0.3847416618123329, "rootZDeformation": 0.033758579798613894, "kcMax": 2.773657097074007}