{"VG_alpha": 2.1591009738220386, "VG_n": 1.471251860450023, "thetaS": 0.4507131450375928, "Ks": 8.811102921023796e-07, "rootXDeformation": 0.0, "rootZDeformation": 0.38145678835608426, "kcMax": 1.5464830144684512}