{"VG_alpha": 1.7539016829643774, "VG_n": 1.3278672921001327, "thetaS": 0.41136192503268176, "Ks": 8.258709370758875e-07, "rootXDeformation": 0.07052507418088028, "rootZDeformation": 0.3708423600126014, "kcMax": 1.6099996518908315}