{"VG_alpha": 2.1941000394556593, "VG_n": 1.2118722601632739, "thetaS": 0.44046153029095747, "Ks": 5.850356271371384e-07, "rootXDeformation": 0.12945086002245773, "rootZDeformation": 0.810019667594104, "kcMax": 1.9465957701110908}