{"VG_alpha": 2.977059219911957, "VG_n": 1.4113310848562794, "thetaS": 0.4836819698349068, "Ks": 4.993530133923656e-07, "rootXDeformation": 0.0, "rootZDeformation": 0.17154106617545556, "kcMax": 1.6232081192712382}