{"VG_alpha": 1.9035405559614706, "VG_n": 1.470655499285398, "thetaS": 0.4210290009174829, "Ks": 9.372668681369012e-07, "rootXDeformation": 0.0, "rootZDeformation": 0.33169739627521255, "kcMax": 1.9335679288071548}