{"VG_alpha": 1.9603688481852655, "VG_n": 1.351674306205801, "thetaS": 0.43818875458758033, "Ks": 5.97399595164416e-07, "rootXDeformation": 0.10459038102782542, "rootZDeformation": 0.16085778088453473, "kcMax": 1.5}