{"VG_alpha": 1.7581085099127132, "VG_n": 1.4749160510833264, "thetaS": 0.4171965439122478, "Ks": 8.793957200293027e-07, "rootXDeformation": 0.0533099590222117, "rootZDeformation": 0.5794690680514825, "kcMax": 1.807065047792774}