{"VG_alpha": 2.112516480687151, "VG_n": 1.3270032716975706, "thetaS": 0.44883791522738353, "Ks": 4.3837950853286594e-07, "rootXDeformation": 0.08430257383526607, "rootZDeformation": 0.6526809754013003, "kcMax": 1.5}