{"VG_alpha": 2.9247810044007845, "VG_n": 1.47309180556032, "thetaS": 0.4969572019845861, "Ks": 9.124375043578393e-07, "rootXDeformation": 0.14029623162794008, "rootZDeformation": 0.16698445758432778, "kcMax": 1.5}