{"VG_alpha": 2.1641184875283126, "VG_n": 1.3740862485833851, "thetaS": 0.4190528147793084, "Ks": 4.689609722099103e-07, "rootXDeformation": 0.17850984682860405, "rootZDeformation": 0.4312288009804201, "kcMax": 1.564763166232124}