{"VG_alpha": 2.567082161654901, "VG_n": 1.3619533026219068, "thetaS": 0.45470843494550606, "Ks": 4.7501829811902575e-07, "rootXDeformation": 0.8013878624339099, "rootZDeformation": 0.17512373475930781, "kcMax": 1.7204933859490412}