{"VG_alpha": 1.940330993009772, "VG_n": 1.3112957432690102, "thetaS": 0.4183403314529896, "Ks": 3.8369111459548754e-07, "rootXDeformation": 0.0, "rootZDeformation": 0.49294425064494696, "kcMax": 1.5}