{"VG_alpha": 1.9290027249514141, "VG_n": 1.384391491047075, "thetaS": 0.5, "Ks": 9.861229964497372e-07, "rootXDeformation": 0.12505978603299311, "rootZDeformation": 0.5863838073636622, "kcMax": 1.5}