{"VG_alpha": 1.980679338204832, "VG_n": 1.4758648781701709, "thetaS": 0.4511136816426446, "Ks": 4.383162282196962e-07, "rootXDeformation": 0.053658076370559575, "rootZDeformation": 0.4652377551848841, "kcMax": 1.7918158379713949}