{"VG_alpha": 1.739311212569025, "VG_n": 1.4195251336326973, "thetaS": 0.37699690418214604, "Ks": 2.4105833473679035e-07, "rootXDeformation": 0.07901340311405727, "rootZDeformation": 0.18681543143627044, "kcMax": 1.5}