{"VG_alpha": 1.8753015385673097, "VG_n": 1.3445108514600292, "thetaS": 0.45850135638218437, "Ks": 3.878578050182827e-07, "rootXDeformation": 0.2979359094060409, "rootZDeformation": 0.8558043069065111, "kcMax": 1.7912867197811662}