{"VG_alpha": 2.141330544955537, "VG_n": 1.4377662943468108, "thetaS": 0.426973570466172, "Ks": 2.895729879092852e-07, "rootXDeformation": 0.048171528938905174, "rootZDeformation": 0.3240547904311961, "kcMax": 1.8284675717030778}