{"VG_alpha": 1.9825498269937416, "VG_n": 1.324139548007248, "thetaS": 0.4356808401565932, "Ks": 3.253372822025305e-07, "rootXDeformation": 0.0, "rootZDeformation": 0.6283327189659682, "kcMax": 1.5}