{"VG_alpha": 3.0, "VG_n": 1.312372695498324, "thetaS": 0.4649512949639838, "Ks": 8.35321321448808e-07, "rootXDeformation": 0.0, "rootZDeformation": 0.14847266822961894, "kcMax": 1.6661381384820295}