{"VG_alpha": 1.9207554787283951, "VG_n": 1.4145452326798802, "thetaS": 0.3992814039514477, "Ks": 1.0592482794612768e-06, "rootXDeformation": 0.0, "rootZDeformation": 0.3046141820901291, "kcMax": 1.7589198953777803}