{"VG_alpha": 1.9757600645987343, "VG_n": 1.365250518798379, "thetaS": 0.3965858598138299, "Ks": 6.200061127909827e-07, "rootXDeformation": 0.07508414066902158, "rootZDeformation": 0.4603300371686645, "kcMax": 1.7109087874205546}