{"VG_alpha": 1.8951011475757578, "VG_n": 1.349493930296348, "thetaS": 0.4143000631914109, "Ks": 4.170937985124066e-07, "rootXDeformation": 0.0, "rootZDeformation": 0.5516837646791071, "kcMax": 1.76281143960163}