{"VG_alpha": 1.9296472534909022, "VG_n": 1.4636224114350451, "thetaS": 0.4282839254936867, "Ks": 6.399513020756883e-07, "rootXDeformation": 0.0, "rootZDeformation": 0.46266100066586, "kcMax": 1.872598806241672}