{"VG_alpha": 2.780790729249172, "VG_n": 1.4341221697700806, "thetaS": 0.4598304651408066, "Ks": 1.6259545554989443e-06, "rootXDeformation": 0.07446366281117874, "rootZDeformation": 0.23434316695187268, "kcMax": 1.8169014239852244}