{"VG_alpha": 2.646461401590825, "VG_n": 1.3840852377261939, "thetaS": 0.45022090363925077, "Ks": 9.099575822306661e-07, "rootXDeformation": 0.0025018433263442005, "rootZDeformation": 0.1021940778190416, "kcMax": 2.048776667858577}