{"VG_alpha": 1.656297281937137, "VG_n": 1.1649817371168323, "thetaS": 0.37062142921336894, "Ks": 5.858699094630922e-07, "rootXDeformation": 0.6142465853836598, "rootZDeformation": 0.9518291805263668, "kcMax": 2.3976187420719395}