{"VG_alpha": 1.0, "VG_n": 1.509504111849842, "thetaS": 0.4206036604372013, "Ks": 7.410887225950146e-07, "rootXDeformation": 0.12382512572449966, "rootZDeformation": 0.5735925059462699, "kcMax": 1.7988370813527896}