{"VG_alpha": 3.0, "VG_n": 1.2963060095320273, "thetaS": 0.4288861962608137, "Ks": 3.267184701865896e-07, "rootXDeformation": 0.1153510483954077, "rootZDeformation": 0.9819446196633415, "kcMax": 1.5891376146477354}