{"VG_alpha": 1.585023451474701, "VG_n": 1.4831682675797144, "thetaS": 0.3895960297765825, "Ks": 7.56621704609935e-07, "rootXDeformation": 0.0, "rootZDeformation": 0.21506574881345106, "kcMax": 1.5}