{"VG_alpha": 3.0, "VG_n": 1.3770603209284666, "thetaS": 0.5, "Ks": 8.470920195681317e-07, "rootXDeformation": 0.0, "rootZDeformation": 0.11723937636476914, "kcMax": 1.6408378289080838}