{"VG_alpha": 1.6652982305337092, "VG_n": 1.2683466787728845, "thetaS": 0.34106753736787443, "Ks": 4.745478973706736e-07, "rootXDeformation": 0.3328860442977883, "rootZDeformation": 0.8051262307232132, "kcMax": 2.5475796374376403}