{"VG_alpha": 3.0, "VG_n": 1.3303218199167703, "thetaS": 0.47057988996235733, "Ks": 7.640723585004226e-07, "rootXDeformation": 0.059515717179643254, "rootZDeformation": 0.0, "kcMax": 1.5942050916210582}