{"VG_alpha": 1.6123295964269264, "VG_n": 1.2454491122400908, "thetaS": 0.5, "Ks": 2.9577921511624863e-07, "rootXDeformation": 0.7572045294737355, "rootZDeformation": 0.9969629934788747, "kcMax": 2.4218774689839604}