{"VG_alpha": 2.3551247760801974, "VG_n": 1.5121115790639714, "thetaS": 0.44796119707773596, "Ks": 7.218444227096527e-07, "rootXDeformation": 0.12569577037661223, "rootZDeformation": 0.13583115840949028, "kcMax": 1.645349375464034}