{"VG_alpha": 2.2904462201439584, "VG_n": 1.3764188658707381, "thetaS": 0.4406163404601586, "Ks": 1.1750442790462842e-06, "rootXDeformation": 0.0, "rootZDeformation": 0.44585857928759215, "kcMax": 1.5}