{"VG_alpha": 1.7502586048772835, "VG_n": 1.4527104721717166, "thetaS": 0.450587808883624, "Ks": 5.211706777472616e-07, "rootXDeformation": 0.0, "rootZDeformation": 0.37591190413306663, "kcMax": 1.5224051091095299}