{"VG_alpha": 1.2986013466513633, "VG_n": 1.4073529919861432, "thetaS": 0.39469403782252344, "Ks": 3.074501034600785e-07, "rootXDeformation": 0.2032181773918008, "rootZDeformation": 0.5509199879234865, "kcMax": 2.411385836743335}