{"VG_alpha": 1.5380638152625663, "VG_n": 1.420894127239152, "thetaS": 0.4193553741120009, "Ks": 2.861999983196086e-07, "rootXDeformation": 0.0, "rootZDeformation": 0.17281045126925026, "kcMax": 1.5695355630120749}