{"VG_alpha": 2.974735429877815, "VG_n": 1.3536602436261354, "thetaS": 0.4858822821883222, "Ks": 6.816482163325721e-07, "rootXDeformation": 0.1999534504788562, "rootZDeformation": 0.029133979050085513, "kcMax": 1.5650410414081422}