{"VG_alpha": 1.7096929168014001, "VG_n": 1.5322249700775445, "thetaS": 0.3828879074484179, "Ks": 6.78502418904459e-07, "rootXDeformation": 0.0, "rootZDeformation": 0.27722628448730247, "kcMax": 1.5602009731800603}