{"VG_alpha": 1.5060511994609262, "VG_n": 1.2141053165080635, "thetaS": 0.5, "Ks": 4.5720215473826213e-07, "rootXDeformation": 0.4304292309036251, "rootZDeformation": 0.4524236757455363, "kcMax": 1.917635663046447}