{"VG_alpha": 2.1375012214833324, "VG_n": 1.4455156724252847, "thetaS": 0.4253417993134999, "Ks": 5.884828134441489e-07, "rootXDeformation": 0.08765065972538617, "rootZDeformation": 0.31434464369740134, "kcMax": 1.5}