{"VG_alpha": 3.0, "VG_n": 1.5192182512308317, "thetaS": 0.45002845671309666, "Ks": 1.0453174101438446e-06, "rootXDeformation": 0.0, "rootZDeformation": 0.07095456724729682, "kcMax": 1.5}