{"VG_alpha": 1.81755704587571, "VG_n": 1.4988981744940109, "thetaS": 0.3777507768524399, "Ks": 3.8483346757943413e-07, "rootXDeformation": 0.08100408015707855, "rootZDeformation": 0.1535129101964982, "kcMax": 1.5184587403833265}