{"VG_alpha": 2.061758265352819, "VG_n": 1.1006601423294369, "thetaS": 0.4911939655835187, "Ks": 9.781446804861299e-07, "rootXDeformation": 0.11363090732232292, "rootZDeformation": 0.39911688735323303, "kcMax": 1.5168696590908572}