{"VG_alpha": 2.161821200640075, "VG_n": 1.36074356628545, "thetaS": 0.4340140638977831, "Ks": 5.093468714244135e-07, "rootXDeformation": 0.0, "rootZDeformation": 0.7787053234553185, "kcMax": 1.5489937518646082}