{"VG_alpha": 2.738230190186046, "VG_n": 1.423472493172928, "thetaS": 0.45131704073908163, "Ks": 1.0516983669556546e-06, "rootXDeformation": 0.0, "rootZDeformation": 0.0896552871537738, "kcMax": 1.5}