{"VG_alpha": 1.4047381963263585, "VG_n": 1.122390380012569, "thetaS": 0.5, "Ks": 2.8570398768616655e-07, "rootXDeformation": 0.4272658814593413, "rootZDeformation": 1.0, "kcMax": 2.4115657519431837}