{"VG_alpha": 2.452578848055384, "VG_n": 1.3497844592700972, "thetaS": 0.48809728131720265, "Ks": 1.1148936719602301e-06, "rootXDeformation": 0.0, "rootZDeformation": 0.312422446193791, "kcMax": 1.5543162076476078}