{"VG_alpha": 1.9220085138450111, "VG_n": 1.1853059865895317, "thetaS": 0.5, "Ks": 4.842795952942438e-07, "rootXDeformation": 0.2840940137648692, "rootZDeformation": 0.5382727629304518, "kcMax": 2.1133162645622674}