{"VG_alpha": 2.1663777218564717, "VG_n": 1.4036014451160952, "thetaS": 0.43981799679537764, "Ks": 2.892194154157061e-07, "rootXDeformation": 0.07545397781447631, "rootZDeformation": 0.8819012549967469, "kcMax": 1.761959141349263}