{"VG_alpha": 2.080002199936064, "VG_n": 1.2627931755124282, "thetaS": 0.4890162934878097, "Ks": 5.757852838702403e-07, "rootXDeformation": 0.056940328794790565, "rootZDeformation": 0.6418480055175017, "kcMax": 1.5445074655148585}