{"VG_alpha": 2.440822912634548, "VG_n": 1.2707409224459245, "thetaS": 0.48353893003149506, "Ks": 4.5638909784695023e-07, "rootXDeformation": 0.31842814260129043, "rootZDeformation": 0.9370081771706926, "kcMax": 1.8679842559503803}