{"VG_alpha": 3.0, "VG_n": 1.2977474577490726, "thetaS": 0.45110087267913346, "Ks": 7.245570121388408e-07, "rootXDeformation": 0.3681885244077833, "rootZDeformation": 1.0, "kcMax": 1.5704223329250706}