{"VG_alpha": 2.5919002939640285, "VG_n": 1.2268264681062824, "thetaS": 0.4644760745168989, "Ks": 3.388532052407141e-07, "rootXDeformation": 0.30864879886963237, "rootZDeformation": 1.0, "kcMax": 1.6023220629259343}