{"VG_alpha": 1.996118567022417, "VG_n": 1.35158039542228, "thetaS": 0.4492247795102853, "Ks": 3.034233620217393e-07, "rootXDeformation": 0.007289206108465216, "rootZDeformation": 0.6509431852372678, "kcMax": 1.650384535658966}