{"VG_alpha": 2.953061472737425, "VG_n": 1.328152273547392, "thetaS": 0.465224568768548, "Ks": 2.527647122624913e-07, "rootXDeformation": 0.5973716482308843, "rootZDeformation": 0.9028317603316274, "kcMax": 2.301836923202722}