{"VG_alpha": 1.7338913503069155, "VG_n": 1.512978482759324, "thetaS": 0.4194039173857967, "Ks": 7.248430590827263e-07, "rootXDeformation": 0.0, "rootZDeformation": 0.5240252667842507, "kcMax": 1.6704897157305463}