{"VG_alpha": 2.2200060683861276, "VG_n": 1.2419061384083983, "thetaS": 0.38477447808713316, "Ks": 1.7791201524328676e-06, "rootXDeformation": 0.5181721600923557, "rootZDeformation": 0.42965736905387997, "kcMax": 1.8167332629858224}