{"VG_alpha": 1.118375515400686, "VG_n": 1.212022536459322, "thetaS": 0.5, "Ks": 5.130881893740283e-07, "rootXDeformation": 0.4863385178424626, "rootZDeformation": 1.0, "kcMax": 2.540038210636087}