{"VG_alpha": 1.792728703337646, "VG_n": 1.5224936877563644, "thetaS": 0.39269028431976094, "Ks": 5.552518859839872e-07, "rootXDeformation": 0.047024210418336425, "rootZDeformation": 0.4578973505741003, "kcMax": 1.5044504549749227}