{"VG_alpha": 1.9118560218351521, "VG_n": 1.453009257258477, "thetaS": 0.4268637038350446, "Ks": 6.336671917877116e-07, "rootXDeformation": 0.0, "rootZDeformation": 0.4667438612665578, "kcMax": 1.5}