{"VG_alpha": 1.64171170918176, "VG_n": 1.335395566773207, "thetaS": 0.41064845742532974, "Ks": 5.153964291522904e-07, "rootXDeformation": 0.0, "rootZDeformation": 0.5377226983378379, "kcMax": 1.6304871921743036}