{"VG_alpha": 2.340004879379232, "VG_n": 1.34636689800553, "thetaS": 0.40591704822789143, "Ks": 6.562127814064786e-07, "rootXDeformation": 0.0, "rootZDeformation": 0.38378655277639734, "kcMax": 1.6463749100517264}