{"VG_alpha": 2.908194223770267, "VG_n": 1.3813262501746202, "thetaS": 0.4471375259816933, "Ks": 1.2142732783050814e-06, "rootXDeformation": 0.0, "rootZDeformation": 0.14450833665535767, "kcMax": 1.5}