{"VG_alpha": 1.8841129844644455, "VG_n": 1.5183110449527493, "thetaS": 0.4325180496595846, "Ks": 8.295570908145722e-07, "rootXDeformation": 0.007495928512089031, "rootZDeformation": 0.6920334401956806, "kcMax": 1.5}