{"VG_alpha": 3.0, "VG_n": 1.4555562341293042, "thetaS": 0.48755440749620876, "Ks": 4.3888226759066523e-07, "rootXDeformation": 0.0386617062890313, "rootZDeformation": 0.0, "kcMax": 1.5}