{"VG_alpha": 1.5872406445718161, "VG_n": 1.384748100021977, "thetaS": 0.4404322772288817, "Ks": 3.999628116482284e-07, "rootXDeformation": 0.1524810957304431, "rootZDeformation": 0.7133793689972517, "kcMax": 2.570259587906614}