{"VG_alpha": 2.702296914191165, "VG_n": 1.302907905381755, "thetaS": 0.45690227157766666, "Ks": 8.439738240133589e-07, "rootXDeformation": 0.0, "rootZDeformation": 1.0, "kcMax": 1.7834511031273226}