{"VG_alpha": 2.8134860505272545, "VG_n": 1.3686198489175172, "thetaS": 0.4794589691886867, "Ks": 1.2084051930035432e-06, "rootXDeformation": 0.08440429433773815, "rootZDeformation": 1.0, "kcMax": 1.8413602555719533}