{"VG_alpha": 2.945212443905966, "VG_n": 1.3066998294375656, "thetaS": 0.5, "Ks": 5.155238883391577e-07, "rootXDeformation": 0.14262474860698773, "rootZDeformation": 0.9636242293116859, "kcMax": 1.870189980576839}