{"VG_alpha": 2.552769743811056, "VG_n": 1.4367974067815543, "thetaS": 0.4830788064816012, "Ks": 5.504570140704057e-07, "rootXDeformation": 0.10507917867029852, "rootZDeformation": 0.4944862678179903, "kcMax": 1.560996575970621}