{"VG_alpha": 2.008876201979449, "VG_n": 1.4298403728399964, "thetaS": 0.4187395227511244, "Ks": 2.5508985938648817e-07, "rootXDeformation": 0.06650448667585104, "rootZDeformation": 0.6471913878651276, "kcMax": 1.5849049401564757}