{"VG_alpha": 1.9167605775031644, "VG_n": 1.3763593430218495, "thetaS": 0.43995790711949345, "Ks": 4.965320688832088e-07, "rootXDeformation": 0.04363947423887315, "rootZDeformation": 0.714045241519691, "kcMax": 1.5}