{"VG_alpha": 2.255988423296026, "VG_n": 1.2336261255932413, "thetaS": 0.5, "Ks": 4.656838844478632e-07, "rootXDeformation": 0.14169738083432998, "rootZDeformation": 0.46153696689369067, "kcMax": 1.7101628556912813}