{"VG_alpha": 3.0, "VG_n": 1.3105086735401448, "thetaS": 0.4108899109360424, "Ks": 1.1601742627297228e-06, "rootXDeformation": 0.18350539562992027, "rootZDeformation": 1.0, "kcMax": 1.7726915978204867}