{"VG_alpha": 2.1496612110617037, "VG_n": 1.4031296193553673, "thetaS": 0.4296779316056415, "Ks": 5.474868764772485e-07, "rootXDeformation": 0.0, "rootZDeformation": 0.5465249835763599, "kcMax": 1.5216151642347981}