{"VG_alpha": 1.5709654276760294, "VG_n": 1.5061177374587744, "thetaS": 0.4594952221604621, "Ks": 2.0389457204818013e-07, "rootXDeformation": 0.2483268771725491, "rootZDeformation": 0.6839674915388978, "kcMax": 1.5955437344867172}