{"VG_alpha": 1.9476405022951917, "VG_n": 1.257079537595823, "thetaS": 0.36326647840782544, "Ks": 5.267118925634813e-07, "rootXDeformation": 0.25910721975847256, "rootZDeformation": 0.9796114805996721, "kcMax": 2.512229833981533}