{"VG_alpha": 2.313940714085145, "VG_n": 1.4489388150982028, "thetaS": 0.450713877385776, "Ks": 1.1593296270393191e-06, "rootXDeformation": 0.0013353518917624376, "rootZDeformation": 0.41260048879630856, "kcMax": 1.5}