{"VG_alpha": 2.0956262405638304, "VG_n": 1.3481659141583466, "thetaS": 0.4471018117809502, "Ks": 7.675379901120063e-07, "rootXDeformation": 0.0, "rootZDeformation": 0.7567686514869518, "kcMax": 1.5}