{"VG_alpha": 2.5556762240498303, "VG_n": 1.3593786066451603, "thetaS": 0.4532566628812264, "Ks": 5.992770430771984e-07, "rootXDeformation": 0.0, "rootZDeformation": 0.14359740720353154, "kcMax": 2.027635484216797}