{"VG_alpha": 2.337399259162228, "VG_n": 1.4665680292889436, "thetaS": 0.4433988501180343, "Ks": 5.454272230571383e-07, "rootXDeformation": 0.0, "rootZDeformation": 0.3045396895296534, "kcMax": 1.5}