{"VG_alpha": 2.8624013004293722, "VG_n": 1.3534707998701125, "thetaS": 0.5, "Ks": 7.769305814961112e-07, "rootXDeformation": 0.0, "rootZDeformation": 0.0, "kcMax": 1.8097869453049558}