{"VG_alpha": 1.8725899393215149, "VG_n": 1.3045521487962863, "thetaS": 0.4114661826859974, "Ks": 3.4985958261944843e-07, "rootXDeformation": 0.02872039344427156, "rootZDeformation": 0.3374443009833359, "kcMax": 1.5}