{"VG_alpha": 2.266221400715758, "VG_n": 1.1971724605834135, "thetaS": 0.5, "Ks": 2.927391684261527e-07, "rootXDeformation": 0.040574337590987636, "rootZDeformation": 0.6639874154387382, "kcMax": 1.6542065030101931}