{"VG_alpha": 2.968875206670443, "VG_n": 1.256092184944006, "thetaS": 0.4688420041817071, "Ks": 1.2824536072857226e-06, "rootXDeformation": 0.17898820633464277, "rootZDeformation": 1.0, "kcMax": 1.5556977617844354}