{"VG_alpha": 3.0, "VG_n": 1.39378585342472, "thetaS": 0.5, "Ks": 9.843327574064782e-07, "rootXDeformation": 0.0, "rootZDeformation": 0.24471622725470393, "kcMax": 1.9413971384690978}