{"VG_alpha": 1.921556321990284, "VG_n": 1.341633663541844, "thetaS": 0.4058198177267344, "Ks": 5.864996287798634e-07, "rootXDeformation": 0.06698338238920565, "rootZDeformation": 0.184814419536998, "kcMax": 1.5}