{"VG_alpha": 1.8884919113161691, "VG_n": 1.4336142957218139, "thetaS": 0.46596909238589723, "Ks": 1.6168915226407844e-07, "rootXDeformation": 0.2097744673570215, "rootZDeformation": 0.790990110345116, "kcMax": 1.6362638865368029}