{"VG_alpha": 2.6644692200005595, "VG_n": 1.3590622963688181, "thetaS": 0.4852306956657291, "Ks": 7.86879357866108e-07, "rootXDeformation": 0.03521651145199048, "rootZDeformation": 0.29971543810694456, "kcMax": 1.6603090844474773}