{"VG_alpha": 3.0, "VG_n": 1.3750824512914783, "thetaS": 0.4339237718978393, "Ks": 2.714587193886993e-07, "rootXDeformation": 0.2752637250890944, "rootZDeformation": 1.0, "kcMax": 1.5323073869645618}