{"VG_alpha": 2.012760836349365, "VG_n": 1.2438057894326702, "thetaS": 0.46516819005318777, "Ks": 3.861010858915819e-07, "rootXDeformation": 0.1550246023742181, "rootZDeformation": 0.42940267276228683, "kcMax": 1.5}