{"VG_alpha": 1.7878521395473197, "VG_n": 1.403521845718829, "thetaS": 0.4390598441987914, "Ks": 4.487841509002887e-07, "rootXDeformation": 0.0, "rootZDeformation": 0.6819501487910001, "kcMax": 1.5}