{"VG_alpha": 1.9577266450878517, "VG_n": 1.2538570654912873, "thetaS": 0.49951159978518495, "Ks": 6.364226975682787e-07, "rootXDeformation": 0.5570347360355016, "rootZDeformation": 0.55305140622475, "kcMax": 1.9941610215846293}