{"VG_alpha": 1.0731942029889245, "VG_n": 1.3185897289448638, "thetaS": 0.40049749794203515, "Ks": 3.214023319310128e-07, "rootXDeformation": 0.3866725957232299, "rootZDeformation": 0.7468829876201638, "kcMax": 2.102896140352812}