{"VG_alpha": 2.958663779655582, "VG_n": 1.4307098457499197, "thetaS": 0.5, "Ks": 6.368725837098245e-07, "rootXDeformation": 0.02582699875736722, "rootZDeformation": 0.2594522412437571, "kcMax": 1.5}