{"VG_alpha": 2.118396920397712, "VG_n": 1.5374092048800523, "thetaS": 0.4235382590964507, "Ks": 4.021854684320093e-07, "rootXDeformation": 0.001973259500847452, "rootZDeformation": 0.9454375103073795, "kcMax": 1.5}