{"VG_alpha": 1.4935397183009924, "VG_n": 1.575667337988226, "thetaS": 0.4136436266096092, "Ks": 2.6719175870984563e-06, "rootXDeformation": 0.21361553301844652, "rootZDeformation": 0.9852309260200383, "kcMax": 2.0980787680926922}