{"VG_alpha": 1.7507815904302362, "VG_n": 1.491815840298548, "thetaS": 0.42114002083222996, "Ks": 4.1399428835799366e-07, "rootXDeformation": 0.022030319096852723, "rootZDeformation": 0.41993759069859915, "kcMax": 1.6277161997086707}