{"VG_alpha": 2.184889614307117, "VG_n": 1.4658566641691348, "thetaS": 0.4022690906194331, "Ks": 4.308844706005496e-07, "rootXDeformation": 0.0, "rootZDeformation": 0.5448355933496479, "kcMax": 1.5}