{"VG_alpha": 2.645499966998551, "VG_n": 1.430134949977241, "thetaS": 0.4671979236103414, "Ks": 7.608644707023265e-07, "rootXDeformation": 0.0, "rootZDeformation": 0.29207077748588206, "kcMax": 1.5}