{"VG_alpha": 1.845273342101986, "VG_n": 1.499868804609847, "thetaS": 0.38532804599975673, "Ks": 6.93737435490919e-07, "rootXDeformation": 0.1117388310375983, "rootZDeformation": 0.17491733958839925, "kcMax": 1.5030729470789732}