{"VG_alpha": 2.1600624084143125, "VG_n": 1.4252021481989758, "thetaS": 0.43373612506650217, "Ks": 1.0537658439221767e-06, "rootXDeformation": 0.04910548769583581, "rootZDeformation": 0.1915800886892438, "kcMax": 2.1027057119581007}