{"VG_alpha": 1.5723938055765834, "VG_n": 1.1171079104253563, "thetaS": 0.4806238875992883, "Ks": 2.712140898401086e-07, "rootXDeformation": 0.6882221426054633, "rootZDeformation": 0.9079950135701608, "kcMax": 2.2625647327382357}