{"VG_alpha": 2.3379055853850597, "VG_n": 1.422809972881516, "thetaS": 0.4774986520218161, "Ks": 1.600302506821263e-06, "rootXDeformation": 0.05609708039237126, "rootZDeformation": 0.14154022420902296, "kcMax": 1.96603444878873}