{"VG_alpha": 1.4626759329480488, "VG_n": 1.206406304954741, "thetaS": 0.48547984008465844, "Ks": 8.632976194133529e-07, "rootXDeformation": 0.5065713699614849, "rootZDeformation": 0.9027760465120832, "kcMax": 2.421614196627176}