{"VG_alpha": 3.0, "VG_n": 1.3527670730152772, "thetaS": 0.4492620469235121, "Ks": 6.131622071582547e-07, "rootXDeformation": 0.20996739140735093, "rootZDeformation": 0.9900685010983729, "kcMax": 1.5}