{"VG_alpha": 2.838421085941718, "VG_n": 1.510485440684385, "thetaS": 0.44629856590348016, "Ks": 5.192555643080035e-07, "rootXDeformation": 0.10723206632888097, "rootZDeformation": 0.2717191087779731, "kcMax": 1.5}