{"VG_alpha": 1.789554152785269, "VG_n": 1.3142834311174665, "thetaS": 0.40166380581465433, "Ks": 4.2751871551688164e-07, "rootXDeformation": 0.0, "rootZDeformation": 0.15677323489653805, "kcMax": 1.5}