{"VG_alpha": 2.659056454441963, "VG_n": 1.4363035749737334, "thetaS": 0.43622372549985317, "Ks": 9.434367121447109e-07, "rootXDeformation": 0.010634449454349729, "rootZDeformation": 0.45265604134783877, "kcMax": 1.5}