{"VG_alpha": 2.3589914291136354, "VG_n": 1.4949634954417244, "thetaS": 0.4410155317582934, "Ks": 7.812062060150173e-07, "rootXDeformation": 0.0672960460445098, "rootZDeformation": 0.6001057165077729, "kcMax": 1.6319527644895613}