{"VG_alpha": 2.1738855310525125, "VG_n": 1.3838775697010934, "thetaS": 0.44226629473686463, "Ks": 3.146718183091777e-07, "rootXDeformation": 0.042655544511330655, "rootZDeformation": 0.7821971340798748, "kcMax": 1.5}