{"VG_alpha": 2.302721480759036, "VG_n": 1.2905740044696006, "thetaS": 0.4899919702852029, "Ks": 3.5556970711471584e-07, "rootXDeformation": 0.20351467558941466, "rootZDeformation": 0.5865272486842048, "kcMax": 1.935616537075441}