{"VG_alpha": 2.554580524171143, "VG_n": 1.4007318842236556, "thetaS": 0.463072961517518, "Ks": 1.384194601788729e-06, "rootXDeformation": 0.017584267578625832, "rootZDeformation": 0.34347639876405944, "kcMax": 1.7797492073013954}