{"VG_alpha": 2.7546588469252167, "VG_n": 1.4668423299408353, "thetaS": 0.5, "Ks": 7.551510615451056e-07, "rootXDeformation": 0.0, "rootZDeformation": 0.1518789452612929, "kcMax": 1.6039350912336219}