{"VG_alpha": 2.2549901060257698, "VG_n": 1.3581600719484868, "thetaS": 0.46297081817026353, "Ks": 6.873267047387987e-07, "rootXDeformation": 0.005243891609512793, "rootZDeformation": 0.23009383917079462, "kcMax": 1.8823162441012902}