{"VG_alpha": 1.9292054443771303, "VG_n": 1.182560099642174, "thetaS": 0.31706192413301615, "Ks": 1.065130669701429e-06, "rootXDeformation": 0.4819081666997008, "rootZDeformation": 0.7469563934670108, "kcMax": 2.4156871300190286}