{"VG_alpha": 1.9611755259830417, "VG_n": 1.4057017340413474, "thetaS": 0.4040310272472129, "Ks": 9.420341552974017e-07, "rootXDeformation": 0.06328809181356668, "rootZDeformation": 0.3088790626752488, "kcMax": 1.5}