{"VG_alpha": 3.0, "VG_n": 1.3193110780312591, "thetaS": 0.5, "Ks": 6.331330837807293e-07, "rootXDeformation": 0.0, "rootZDeformation": 0.23793864815198504, "kcMax": 1.6280860582754328}