{"VG_alpha": 1.704543788246454, "VG_n": 1.43182397921521, "thetaS": 0.4050875795696233, "Ks": 3.379511737201249e-07, "rootXDeformation": 0.0, "rootZDeformation": 0.19927472480978528, "kcMax": 1.7515903155553771}