{"VG_alpha": 1.749054135161074, "VG_n": 1.257477491252094, "thetaS": 0.4640422820899873, "Ks": 4.883257469672001e-07, "rootXDeformation": 0.43525928449837153, "rootZDeformation": 0.7943731134465931, "kcMax": 2.371779322475436}