{"VG_alpha": 1.8429716435538899, "VG_n": 1.4172519852411336, "thetaS": 0.4173571859522692, "Ks": 9.847432711397185e-07, "rootXDeformation": 0.0, "rootZDeformation": 0.4278551540343679, "kcMax": 1.5668600749234491}