{"VG_alpha": 1.0866337706959694, "VG_n": 1.4484384102915644, "thetaS": 0.4061788006649467, "Ks": 7.176131675720617e-07, "rootXDeformation": 0.027290790752126926, "rootZDeformation": 0.501339593434101, "kcMax": 1.5247425178420788}