{"VG_alpha": 2.8687585424390285, "VG_n": 1.4501571487645, "thetaS": 0.4343054935403582, "Ks": 1.0401063706046551e-06, "rootXDeformation": 0.015219083797871532, "rootZDeformation": 0.39701062935418996, "kcMax": 1.5}