{"VG_alpha": 1.133509855306327, "VG_n": 1.3040712311945355, "thetaS": 0.4287923481798702, "Ks": 5.308881931559932e-07, "rootXDeformation": 0.09632377146313048, "rootZDeformation": 0.6416444781897646, "kcMax": 2.3080401586906327}