{"VG_alpha": 1.2051741237925768, "VG_n": 1.1710338050287645, "thetaS": 0.5, "Ks": 7.176541760134032e-07, "rootXDeformation": 0.7004537459397948, "rootZDeformation": 0.9127503047410421, "kcMax": 2.4224205597730695}