{"VG_alpha": 2.2046961218123067, "VG_n": 1.5045861876836877, "thetaS": 0.4575933751878505, "Ks": 6.16528027807219e-07, "rootXDeformation": 0.05104660441233363, "rootZDeformation": 0.638983543847713, "kcMax": 1.5}