{"VG_alpha": 2.227737107609217, "VG_n": 1.3277360217649776, "thetaS": 0.44453264488680083, "Ks": 6.17611023013125e-07, "rootXDeformation": 0.06363746232546984, "rootZDeformation": 0.663214876854649, "kcMax": 1.741502212230344}