{"VG_alpha": 1.9362692759620799, "VG_n": 1.2926658479723665, "thetaS": 0.3527785692374815, "Ks": 4.2278788829110887e-07, "rootXDeformation": 0.3127707359883593, "rootZDeformation": 1.0, "kcMax": 2.1758738328322718}