{"VG_alpha": 3.0, "VG_n": 1.456083174700184, "thetaS": 0.47365917208454494, "Ks": 4.2585469822831213e-07, "rootXDeformation": 0.10179205486478107, "rootZDeformation": 0.1009007323271589, "kcMax": 1.5304709808789454}