{"VG_alpha": 2.2678199897426206, "VG_n": 1.4061860934421913, "thetaS": 0.39149458535546905, "Ks": 9.605695995860815e-07, "rootXDeformation": 0.017466063283884187, "rootZDeformation": 0.47641024045089164, "kcMax": 1.5}