{"VG_alpha": 2.337089188940981, "VG_n": 1.4884975887902874, "thetaS": 0.45012875474232594, "Ks": 8.489452420101488e-07, "rootXDeformation": 0.0, "rootZDeformation": 0.05296146007905611, "kcMax": 1.9994563019846483}