{"VG_alpha": 2.345248063241133, "VG_n": 1.4545676476288159, "thetaS": 0.46541179305337904, "Ks": 5.571895376184972e-07, "rootXDeformation": 0.03554369721260177, "rootZDeformation": 0.4221645497141568, "kcMax": 1.5}