{"VG_alpha": 2.9299871571485347, "VG_n": 1.356259043268039, "thetaS": 0.5, "Ks": 6.299645434507136e-07, "rootXDeformation": 0.0, "rootZDeformation": 0.30463632684583974, "kcMax": 2.0052373893160005}