{"VG_alpha": 1.791214122934971, "VG_n": 1.2644015263134025, "thetaS": 0.42909538557632176, "Ks": 3.3636424055913593e-07, "rootXDeformation": 0.0, "rootZDeformation": 0.4744683038520616, "kcMax": 1.7116729687382977}