{"VG_alpha": 2.0901881756471923, "VG_n": 1.442456549065791, "thetaS": 0.47324395398484886, "Ks": 6.63618943094021e-07, "rootXDeformation": 0.0, "rootZDeformation": 0.17904829536081904, "kcMax": 1.616487877345331}