{"VG_alpha": 2.8429999932166026, "VG_n": 1.3525874469686834, "thetaS": 0.49438410098561514, "Ks": 8.491978529180634e-07, "rootXDeformation": 0.17117091631129341, "rootZDeformation": 0.1835010863265803, "kcMax": 1.5}