{"VG_alpha": 2.6998349266730584, "VG_n": 1.4642629894539099, "thetaS": 0.47479841628515373, "Ks": 1.120479559318918e-06, "rootXDeformation": 0.0, "rootZDeformation": 0.47938892990519166, "kcMax": 1.5759246025317253}