{"VG_alpha": 2.202908122430819, "VG_n": 1.4013674185942908, "thetaS": 0.394998820535191, "Ks": 4.3112427326349856e-07, "rootXDeformation": 0.0, "rootZDeformation": 0.28609939396757095, "kcMax": 1.670108024147731}