{"VG_alpha": 1.8362835087065, "VG_n": 1.2158004850644837, "thetaS": 0.4235455215366052, "Ks": 2.8674499433731377e-07, "rootXDeformation": 0.06017561147694457, "rootZDeformation": 0.4416730999575243, "kcMax": 1.5160413270736077}