{"VG_alpha": 1.419829167733246, "VG_n": 1.4914123407639925, "thetaS": 0.3688739594252773, "Ks": 5.07486268866809e-07, "rootXDeformation": 0.2904178139280141, "rootZDeformation": 0.5940053255811126, "kcMax": 1.7512660980387396}