{"VG_alpha": 3.0, "VG_n": 1.2485886540601931, "thetaS": 0.4355733069136425, "Ks": 4.949478457526693e-07, "rootXDeformation": 0.24172584989916984, "rootZDeformation": 0.8822841862951207, "kcMax": 1.8015213228253724}