{"VG_alpha": 2.2498861513630333, "VG_n": 1.4959584915310566, "thetaS": 0.44767738579561717, "Ks": 1.337900392384551e-06, "rootXDeformation": 0.017203104367303712, "rootZDeformation": 0.34005345897159434, "kcMax": 1.5676241981102315}