{"VG_alpha": 2.322583573032933, "VG_n": 1.4448316708480653, "thetaS": 0.4417500281416353, "Ks": 7.122553211463073e-07, "rootXDeformation": 0.0, "rootZDeformation": 0.15038454213789307, "kcMax": 1.7094770195948488}