{"VG_alpha": 2.2996129379716406, "VG_n": 1.428125111065711, "thetaS": 0.42732021997374264, "Ks": 1.1589188894620906e-06, "rootXDeformation": 0.006941874538846853, "rootZDeformation": 0.17784954565723268, "kcMax": 1.7394097794554113}