{"VG_alpha": 1.8109581342201573, "VG_n": 1.4495469959156833, "thetaS": 0.4068589956284152, "Ks": 5.986204208936486e-07, "rootXDeformation": 0.0, "rootZDeformation": 0.4092844933586889, "kcMax": 1.5}