{"VG_alpha": 1.2973786895341486, "VG_n": 1.2177257422688703, "thetaS": 0.47274365344782016, "Ks": 3.5081021557001023e-07, "rootXDeformation": 0.3086537793664951, "rootZDeformation": 0.6937453829673794, "kcMax": 2.2952539639372542}