{"VG_alpha": 2.2928820337928446, "VG_n": 1.2169994323386268, "thetaS": 0.4515926368294538, "Ks": 4.4281875178498515e-07, "rootXDeformation": 0.2793926780372086, "rootZDeformation": 0.8479849426024613, "kcMax": 1.6670414621101717}