{"VG_alpha": 2.1967679964163125, "VG_n": 1.3388465292839542, "thetaS": 0.42271980640591983, "Ks": 9.271775680175702e-07, "rootXDeformation": 0.0, "rootZDeformation": 0.20571989848932956, "kcMax": 1.6742683789422657}