{"VG_alpha": 2.250359787370477, "VG_n": 1.2581118545154952, "thetaS": 0.491435887229908, "Ks": 2.630640367052027e-07, "rootXDeformation": 0.31300099447756, "rootZDeformation": 0.40605363789307436, "kcMax": 1.5580410716629725}