{"VG_alpha": 2.2631819734440835, "VG_n": 1.464861772015583, "thetaS": 0.4438354853905151, "Ks": 5.715569493685069e-07, "rootXDeformation": 0.0, "rootZDeformation": 0.38352756222044965, "kcMax": 1.7868448245615318}