{"VG_alpha": 1.7433646672129939, "VG_n": 1.3628753970161047, "thetaS": 0.42807978565704347, "Ks": 5.776689749681308e-07, "rootXDeformation": 0.10366036219947225, "rootZDeformation": 0.4889937903915904, "kcMax": 1.617919645171037}