{"VG_alpha": 1.764725810247205, "VG_n": 1.33787894437982, "thetaS": 0.41660331328197536, "Ks": 6.168397322023509e-07, "rootXDeformation": 0.0, "rootZDeformation": 0.46115767527414014, "kcMax": 1.5}