{"VG_alpha": 1.766335302274286, "VG_n": 1.379581956798459, "thetaS": 0.4425095938249361, "Ks": 3.5502726292877734e-07, "rootXDeformation": 0.0, "rootZDeformation": 0.46152878687225085, "kcMax": 1.5879868853104744}