{"VG_alpha": 2.35009293232694, "VG_n": 1.1297015776774317, "thetaS": 0.5, "Ks": 3.089648895555784e-07, "rootXDeformation": 0.0, "rootZDeformation": 0.8808504619428592, "kcMax": 1.6901295747713256}