{"VG_alpha": 2.9631441855307203, "VG_n": 1.4417479463586094, "thetaS": 0.5, "Ks": 8.590285812068687e-07, "rootXDeformation": 0.1446988765164398, "rootZDeformation": 0.08600608449991934, "kcMax": 1.6155375193341381}