{"VG_alpha": 2.0329741201229634, "VG_n": 1.403853533932085, "thetaS": 0.43491490689933937, "Ks": 6.414419703154638e-07, "rootXDeformation": 0.07268694179158332, "rootZDeformation": 0.31968916626474175, "kcMax": 1.6636983323829428}