{"VG_alpha": 2.946457457009778, "VG_n": 1.4077866882814818, "thetaS": 0.4474232211678908, "Ks": 5.188934562614362e-07, "rootXDeformation": 0.051746258406918544, "rootZDeformation": 0.8233223302328918, "kcMax": 1.5}