{"VG_alpha": 3.0, "VG_n": 1.3740189161133598, "thetaS": 0.4706242527047165, "Ks": 4.987056010256878e-07, "rootXDeformation": 0.10189537545568461, "rootZDeformation": 1.0, "kcMax": 1.9012785903099074}