{"VG_alpha": 1.881331594693151, "VG_n": 1.151629892911479, "thetaS": 0.4920801010148617, "Ks": 2.5161326033913683e-07, "rootXDeformation": 0.08457584230552558, "rootZDeformation": 0.685973311540794, "kcMax": 1.7568418053567445}