{"VG_alpha": 1.6633731777400658, "VG_n": 1.2449265505059781, "thetaS": 0.490197264930675, "Ks": 3.845578658637165e-07, "rootXDeformation": 0.1984624179450887, "rootZDeformation": 0.7202284424933114, "kcMax": 1.7020274519088165}