{"VG_alpha": 2.051263935967415, "VG_n": 1.491077630829504, "thetaS": 0.43721521542026337, "Ks": 5.653272606003738e-07, "rootXDeformation": 0.19205147668781172, "rootZDeformation": 0.3456901168094724, "kcMax": 1.7010357310626432}