{"VG_alpha": 2.792391863231103, "VG_n": 1.3552728025644654, "thetaS": 0.5, "Ks": 1.2353691836271142e-06, "rootXDeformation": 0.02804542135275343, "rootZDeformation": 0.02437047892197157, "kcMax": 1.5}