{"VG_alpha": 2.145718772620533, "VG_n": 1.261774673817881, "thetaS": 0.4832190367799604, "Ks": 3.815283963269829e-07, "rootXDeformation": 0.20556238584454442, "rootZDeformation": 0.7337753418753462, "kcMax": 1.6414424536823806}