{"VG_alpha": 2.162407684284456, "VG_n": 1.337051568578772, "thetaS": 0.44880081288119583, "Ks": 4.389868193037273e-07, "rootXDeformation": 0.007662054226341938, "rootZDeformation": 0.30768093625427095, "kcMax": 1.5}