{"VG_alpha": 1.785883128641789, "VG_n": 1.314089713151556, "thetaS": 0.4444938316971563, "Ks": 3.5494013901210765e-07, "rootXDeformation": 0.22064090612120954, "rootZDeformation": 0.3620577230695806, "kcMax": 1.5}