{"VG_alpha": 2.104772714262885, "VG_n": 1.4020053338228227, "thetaS": 0.46579878655146584, "Ks": 4.3676526903877447e-07, "rootXDeformation": 0.0, "rootZDeformation": 0.3304992698542347, "kcMax": 1.922966926568308}