{"VG_alpha": 1.4651782656374013, "VG_n": 1.1411318875519054, "thetaS": 0.4761445187482716, "Ks": 4.124951735926921e-07, "rootXDeformation": 0.4546378090891909, "rootZDeformation": 0.8725370218137799, "kcMax": 2.2905216720614283}