{"VG_alpha": 2.608794378996551, "VG_n": 1.5164905688922627, "thetaS": 0.47821424227092374, "Ks": 8.647458898238181e-07, "rootXDeformation": 0.02068986442003074, "rootZDeformation": 0.27793096768579634, "kcMax": 1.9209913033847625}