{"VG_alpha": 2.071784924640217, "VG_n": 1.2925935202606857, "thetaS": 0.4648805279872874, "Ks": 7.594356605538067e-07, "rootXDeformation": 0.040245996839611914, "rootZDeformation": 0.5646929904944412, "kcMax": 1.5272466338935684}