{"VG_alpha": 2.559402696937436, "VG_n": 1.456265661119486, "thetaS": 0.46757625555689397, "Ks": 1.3193865106461159e-06, "rootXDeformation": 0.0, "rootZDeformation": 0.3432649418149392, "kcMax": 1.5089858290274316}