{"VG_alpha": 2.4924577833787724, "VG_n": 1.3492006807615864, "thetaS": 0.4913089725214683, "Ks": 7.900006418503542e-07, "rootXDeformation": 0.0, "rootZDeformation": 0.4776787428971878, "kcMax": 1.8233126997622455}