{"VG_alpha": 1.95722132168016, "VG_n": 1.3747281802902767, "thetaS": 0.46568622151929273, "Ks": 3.78998348040193e-07, "rootXDeformation": 0.2538670372177552, "rootZDeformation": 0.6747178978104991, "kcMax": 1.5}