{"VG_alpha": 2.9234444709754905, "VG_n": 1.3309698636844227, "thetaS": 0.5, "Ks": 7.593125651804388e-07, "rootXDeformation": 0.0493281266266985, "rootZDeformation": 0.0, "kcMax": 1.5991465642067806}