{"VG_alpha": 2.144941154951141, "VG_n": 1.1632579422313292, "thetaS": 0.41964634362741254, "Ks": 4.296519085523168e-07, "rootXDeformation": 0.24035721347312672, "rootZDeformation": 0.7589617080342299, "kcMax": 1.5}