{"VG_alpha": 1.8467516919378653, "VG_n": 1.3532491813499385, "thetaS": 0.42999780502229656, "Ks": 5.051121281163141e-07, "rootXDeformation": 0.0, "rootZDeformation": 0.72461393479528, "kcMax": 1.5}