{"VG_alpha": 1.9345518091589144, "VG_n": 1.3869724971984176, "thetaS": 0.4413781287781356, "Ks": 5.014562030703934e-07, "rootXDeformation": 0.01626153986177172, "rootZDeformation": 0.7099623809189932, "kcMax": 1.8922904235198312}