{"VG_alpha": 2.4120726265814767, "VG_n": 1.282990678242366, "thetaS": 0.4670530623562783, "Ks": 5.869826592036349e-07, "rootXDeformation": 0.1280752680328253, "rootZDeformation": 0.5383760252753949, "kcMax": 1.789256658958766}