{"VG_alpha": 2.4135027715405406, "VG_n": 1.4150624915591767, "thetaS": 0.4550869569811807, "Ks": 1.2255427763997328e-06, "rootXDeformation": 0.0, "rootZDeformation": 0.15807931676496512, "kcMax": 1.6550219653648373}