{"VG_alpha": 2.380764567956648, "VG_n": 1.4480571310801693, "thetaS": 0.4815510226117553, "Ks": 6.910741630054869e-07, "rootXDeformation": 0.12675188033069826, "rootZDeformation": 0.13452408181264497, "kcMax": 1.9588349244469603}