{"VG_alpha": 1.5126197243301975, "VG_n": 1.1775458574786304, "thetaS": 0.5, "Ks": 1.2621791856114987e-06, "rootXDeformation": 0.7108789134800573, "rootZDeformation": 0.9630379306439073, "kcMax": 2.3096537029088227}