{"VG_alpha": 2.1086280362710985, "VG_n": 1.282735244407501, "thetaS": 0.4447818810845348, "Ks": 3.770923163180874e-07, "rootXDeformation": 0.0, "rootZDeformation": 0.3355754308839306, "kcMax": 1.6612480963254115}