{"VG_alpha": 2.4042212745476497, "VG_n": 1.4567653084143866, "thetaS": 0.4450558000198721, "Ks": 7.186438182103491e-07, "rootXDeformation": 0.07113548092822654, "rootZDeformation": 0.5413662024736128, "kcMax": 1.5}