{"VG_alpha": 1.9540743588822744, "VG_n": 1.3516915910819187, "thetaS": 0.39394407015790395, "Ks": 5.379531733419673e-07, "rootXDeformation": 0.0, "rootZDeformation": 0.670885417438563, "kcMax": 1.5731132799427634}