{"VG_alpha": 1.7285489810836987, "VG_n": 1.3411390385752264, "thetaS": 0.4264309636806444, "Ks": 7.543587556484718e-07, "rootXDeformation": 0.0932436276766267, "rootZDeformation": 0.3348386429998301, "kcMax": 1.8674082526794378}