{"VG_alpha": 2.269808471253369, "VG_n": 1.3143459252259364, "thetaS": 0.47359554468985066, "Ks": 3.8888082754008457e-07, "rootXDeformation": 0.3268136099628638, "rootZDeformation": 0.5670766282801927, "kcMax": 1.575749577704904}