{"VG_alpha": 2.0431496154385025, "VG_n": 1.4004573792707746, "thetaS": 0.3602276789835947, "Ks": 4.96964895555569e-07, "rootXDeformation": 0.0, "rootZDeformation": 0.2337387855308135, "kcMax": 1.5}