{"VG_alpha": 2.3120465572815494, "VG_n": 1.4798397757640374, "thetaS": 0.458467888765997, "Ks": 4.981986685946029e-07, "rootXDeformation": 0.0, "rootZDeformation": 0.2685359725168821, "kcMax": 1.7173970128750542}