{"VG_alpha": 1.6930320960218208, "VG_n": 1.3583102104277769, "thetaS": 0.4162810691854397, "Ks": 3.7476554565312604e-07, "rootXDeformation": 0.0, "rootZDeformation": 0.709065275662804, "kcMax": 1.5}