{"VG_alpha": 1.67944260609192, "VG_n": 1.1719391898694398, "thetaS": 0.4861086456902835, "Ks": 3.370195190863364e-07, "rootXDeformation": 0.7473575499450531, "rootZDeformation": 0.9096193764014502, "kcMax": 2.1671754385779995}