{"VG_alpha": 3.0, "VG_n": 1.3770963093549344, "thetaS": 0.45910625663846777, "Ks": 8.698926121879509e-07, "rootXDeformation": 0.0, "rootZDeformation": 0.0, "kcMax": 1.5865770551368985}