{"VG_alpha": 2.182349869104576, "VG_n": 1.2646433434893953, "thetaS": 0.499795154914611, "Ks": 2.7736556362149327e-07, "rootXDeformation": 0.08762838436291712, "rootZDeformation": 0.44712436893461716, "kcMax": 1.6182834312490606}