{"VG_alpha": 2.5210614243979172, "VG_n": 1.1845554182812679, "thetaS": 0.31766796283480203, "Ks": 1.2531052360505417e-06, "rootXDeformation": 0.9533933461949365, "rootZDeformation": 0.003948266327914451, "kcMax": 2.268288395078665}