{"VG_alpha": 2.220181490424525, "VG_n": 1.3736846645278797, "thetaS": 0.3932740250790546, "Ks": 4.904102271952067e-07, "rootXDeformation": 0.07419735941983949, "rootZDeformation": 0.5218851996481214, "kcMax": 1.5}