{"VG_alpha": 2.5098807145485247, "VG_n": 1.4636352000357105, "thetaS": 0.44121027095588505, "Ks": 5.813604837602347e-07, "rootXDeformation": 0.0, "rootZDeformation": 0.37180974869359057, "kcMax": 1.7740304619070129}