{"VG_alpha": 2.7140791564480145, "VG_n": 1.519866294998484, "thetaS": 0.48548356866069653, "Ks": 1.0388055990951758e-06, "rootXDeformation": 0.0, "rootZDeformation": 0.05659658754246274, "kcMax": 1.5}