{"VG_alpha": 2.761188334438165, "VG_n": 1.38637941598177, "thetaS": 0.43744812210737616, "Ks": 9.512471154072429e-07, "rootXDeformation": 0.268173339546386, "rootZDeformation": 0.9819506746177079, "kcMax": 1.9465379902244941}