{"VG_alpha": 2.0957430542202276, "VG_n": 1.5165207066547302, "thetaS": 0.38853961280921523, "Ks": 4.6379685986073704e-07, "rootXDeformation": 0.0, "rootZDeformation": 0.231223876760483, "kcMax": 1.505950718880579}