{"VG_alpha": 1.9232039154970333, "VG_n": 1.4199908772284473, "thetaS": 0.4341209163065901, "Ks": 5.636988061049489e-07, "rootXDeformation": 0.0, "rootZDeformation": 0.5883531210927755, "kcMax": 1.562867083137485}