{"VG_alpha": 1.8290300626864577, "VG_n": 1.4313850877895296, "thetaS": 0.3996204651968561, "Ks": 6.350175311226576e-07, "rootXDeformation": 0.04123273136563549, "rootZDeformation": 0.46791538290481505, "kcMax": 1.7852829463242528}