{"VG_alpha": 3.0, "VG_n": 1.496527871289119, "thetaS": 0.4701811764347317, "Ks": 1.1644168136968222e-06, "rootXDeformation": 0.0, "rootZDeformation": 0.0, "kcMax": 1.5}