{"VG_alpha": 2.753784401376105, "VG_n": 1.3577233547995227, "thetaS": 0.47606232097507467, "Ks": 3.702056996111854e-07, "rootXDeformation": 0.09831708323987107, "rootZDeformation": 0.6925084213802439, "kcMax": 1.9159275217934952}