{"VG_alpha": 2.984261107225266, "VG_n": 1.4145358330552578, "thetaS": 0.5, "Ks": 1.1457830006434984e-06, "rootXDeformation": 0.0, "rootZDeformation": 0.30715611687587796, "kcMax": 1.6535670875773187}