{"VG_alpha": 3.0, "VG_n": 1.4006498419868207, "thetaS": 0.46978510155302927, "Ks": 9.235894514980008e-07, "rootXDeformation": 0.026546248463287, "rootZDeformation": 0.27934159023347765, "kcMax": 1.5}