{"VG_alpha": 2.1451927615175315, "VG_n": 1.3931618351842898, "thetaS": 0.4705484098472311, "Ks": 3.8843376879634163e-07, "rootXDeformation": 0.10910767136264625, "rootZDeformation": 0.3347641504393544, "kcMax": 1.5684767693881054}