{"VG_alpha": 2.073493875191707, "VG_n": 1.4258746381043168, "thetaS": 0.42706459276588016, "Ks": 3.5262207975791647e-07, "rootXDeformation": 0.14828814076020205, "rootZDeformation": 0.6870359952591326, "kcMax": 1.5}