{"VG_alpha": 1.9426009372982838, "VG_n": 1.3814466576250823, "thetaS": 0.4200129359300466, "Ks": 3.779881025198932e-07, "rootXDeformation": 0.06972023304094686, "rootZDeformation": 0.7482533081597893, "kcMax": 1.5}