{"VG_alpha": 1.9141504140449581, "VG_n": 1.5036689616800176, "thetaS": 0.37777459197295876, "Ks": 2.6556570241163005e-07, "rootXDeformation": 0.12591554165003183, "rootZDeformation": 0.9341471472746665, "kcMax": 1.5}