{"VG_alpha": 1.1369949873418375, "VG_n": 1.5251634417609126, "thetaS": 0.35413114435987364, "Ks": 5.205174795582309e-07, "rootXDeformation": 0.19883708616470191, "rootZDeformation": 0.5054879470451569, "kcMax": 1.52014291782552}