{"VG_alpha": 1.5673874557273604, "VG_n": 1.4532237379231596, "thetaS": 0.38572410599880447, "Ks": 5.95235005449741e-07, "rootXDeformation": 0.058521426706381226, "rootZDeformation": 0.11153630932123718, "kcMax": 1.5}