{"VG_alpha": 2.757419667941771, "VG_n": 1.3685224540837932, "thetaS": 0.4621406627663207, "Ks": 6.405273548273028e-07, "rootXDeformation": 0.05739430402213544, "rootZDeformation": 0.5014035525992906, "kcMax": 1.5}