{"VG_alpha": 2.031502432380787, "VG_n": 1.4000731452685433, "thetaS": 0.46786127785581394, "Ks": 3.12045977765667e-07, "rootXDeformation": 0.0, "rootZDeformation": 0.6166397267018282, "kcMax": 1.5811622159532013}