{"VG_alpha": 1.4623650289401326, "VG_n": 1.6, "thetaS": 0.3466185813918918, "Ks": 1.1891797649998911e-06, "rootXDeformation": 0.1608372812816211, "rootZDeformation": 0.8525413503165603, "kcMax": 1.8569579719418692}