{"VG_alpha": 2.736419409825959, "VG_n": 1.4595380157308266, "thetaS": 0.47132288570316483, "Ks": 4.18232192228627e-07, "rootXDeformation": 0.0, "rootZDeformation": 0.24066515620770468, "kcMax": 1.5}