{"VG_alpha": 2.4684731864718827, "VG_n": 1.3668395093859296, "thetaS": 0.4508052939345176, "Ks": 9.444342831601058e-07, "rootXDeformation": 0.011631481805116344, "rootZDeformation": 0.43068940609606976, "kcMax": 1.5958033803423801}