{"VG_alpha": 2.2038862421011856, "VG_n": 1.4290084003965786, "thetaS": 0.41856303959503516, "Ks": 6.386150310653928e-07, "rootXDeformation": 0.09859621947055391, "rootZDeformation": 0.5285958596796442, "kcMax": 1.6474769163407506}