{"VG_alpha": 1.0448130770293145, "VG_n": 1.3189094849326908, "thetaS": 0.48203551549721324, "Ks": 1.7402752536564558e-06, "rootXDeformation": 0.6922457526002124, "rootZDeformation": 1.0, "kcMax": 1.8305893888809628}