{"VG_alpha": 2.769251215185031, "VG_n": 1.3770603209284666, "thetaS": 0.5, "Ks": 8.470920195681317e-07, "rootXDeformation": 0.002057153465150446, "rootZDeformation": 0.11723937636476914, "kcMax": 1.7216024807126027}