{"VG_alpha": 1.8962261843286061, "VG_n": 1.280587486771051, "thetaS": 0.5, "Ks": 1.8077899273884657e-07, "rootXDeformation": 0.2494461611548014, "rootZDeformation": 0.2887791583747559, "kcMax": 1.5}