{"VG_alpha": 2.402781187706432, "VG_n": 1.4276685490881085, "thetaS": 0.4504670243384218, "Ks": 8.954177746058191e-07, "rootXDeformation": 0.0, "rootZDeformation": 0.24182543308756294, "kcMax": 1.797629841163514}