{"VG_alpha": 2.0252161445253076, "VG_n": 1.3263768870523485, "thetaS": 0.46098814787789466, "Ks": 4.9724783323814e-07, "rootXDeformation": 0.3705504340981012, "rootZDeformation": 0.8035632683119542, "kcMax": 1.6286784043545681}