{"VG_alpha": 1.8513629859839356, "VG_n": 1.5061866575472043, "thetaS": 0.43246845463012296, "Ks": 2.1947910184845453e-07, "rootXDeformation": 0.09509576737469191, "rootZDeformation": 0.7687420100298883, "kcMax": 1.6683327643835166}