{"VG_alpha": 1.7580369200240726, "VG_n": 1.4060605836022555, "thetaS": 0.39517356064274956, "Ks": 3.6110841617376845e-07, "rootXDeformation": 0.06282836172702914, "rootZDeformation": 0.0716290293957356, "kcMax": 1.5810514446007387}