{"VG_alpha": 2.0882993210813536, "VG_n": 1.3650657033735683, "thetaS": 0.4510452887009324, "Ks": 3.613348766281881e-07, "rootXDeformation": 0.0, "rootZDeformation": 0.5972371741340685, "kcMax": 1.5}