{"VG_alpha": 2.1278924431142925, "VG_n": 1.4230013075779449, "thetaS": 0.4139129532893654, "Ks": 7.080937581462885e-07, "rootXDeformation": 0.0, "rootZDeformation": 0.2694341116707726, "kcMax": 1.9847268180214637}