{"VG_alpha": 2.4462348534022826, "VG_n": 1.2808800229420254, "thetaS": 0.4115572031526977, "Ks": 5.954177702445405e-07, "rootXDeformation": 0.4275427430024837, "rootZDeformation": 0.37999763305600837, "kcMax": 1.6258315207708556}