{"VG_alpha": 1.7315327292843352, "VG_n": 1.4171848488004375, "thetaS": 0.36489790597158245, "Ks": 2.8308296861435245e-07, "rootXDeformation": 0.0, "rootZDeformation": 0.30928579316602234, "kcMax": 1.5}