{"VG_alpha": 3.0, "VG_n": 1.3143005975959554, "thetaS": 0.45813000452466257, "Ks": 7.086683615722839e-07, "rootXDeformation": 0.37846232788379386, "rootZDeformation": 0.98972033942497, "kcMax": 1.859430475270003}