{"VG_alpha": 2.7965553198210076, "VG_n": 1.455807012427112, "thetaS": 0.46511802262993895, "Ks": 1.0561337616666136e-06, "rootXDeformation": 0.11157057383986392, "rootZDeformation": 0.2716918157961521, "kcMax": 1.926310986193819}