{"VG_alpha": 1.9937156908132319, "VG_n": 1.2277661912412468, "thetaS": 0.394292508796137, "Ks": 5.161239812869528e-07, "rootXDeformation": 0.08512008550293515, "rootZDeformation": 0.9058749842384326, "kcMax": 2.6306055826428736}