{"VG_alpha": 1.9619157344570812, "VG_n": 1.360619570290739, "thetaS": 0.5, "Ks": 9.016527434502455e-07, "rootXDeformation": 0.0017608516595439827, "rootZDeformation": 0.6058344277676744, "kcMax": 1.7818774961001145}