{"VG_alpha": 2.700240432463652, "VG_n": 1.365537145768953, "thetaS": 0.5, "Ks": 7.291341136910774e-07, "rootXDeformation": 0.0, "rootZDeformation": 0.41592978988730883, "kcMax": 1.8952778920747435}