{"VG_alpha": 2.140302614284627, "VG_n": 1.3631165777633818, "thetaS": 0.41814357923534773, "Ks": 4.0266536506351044e-07, "rootXDeformation": 0.16290230570876163, "rootZDeformation": 0.48637180588702855, "kcMax": 1.7498703484782396}