{"VG_alpha": 1.791230157257088, "VG_n": 1.2408949210900688, "thetaS": 0.38038404567832107, "Ks": 2.886716645783418e-07, "rootXDeformation": 0.6007301169468434, "rootZDeformation": 0.8241387135982517, "kcMax": 2.605734957473169}