{"VG_alpha": 3.0, "VG_n": 1.2727828487301216, "thetaS": 0.4665508407069636, "Ks": 8.593243669911242e-07, "rootXDeformation": 0.09222665440995044, "rootZDeformation": 0.9778192279427163, "kcMax": 1.5740996358139956}