{"VG_alpha": 1.2254243159160227, "VG_n": 1.2668538159034055, "thetaS": 0.5, "Ks": 6.37580204382662e-07, "rootXDeformation": 0.5454739251820524, "rootZDeformation": 1.0, "kcMax": 2.4446489164758507}