{"VG_alpha": 2.89169453612565, "VG_n": 1.2504484131011724, "thetaS": 0.4529518412607067, "Ks": 3.904714028002434e-07, "rootXDeformation": 0.23728988061178063, "rootZDeformation": 0.8916478524510629, "kcMax": 1.8785132887354243}