{"VG_alpha": 3.0, "VG_n": 1.3611163180337043, "thetaS": 0.4461902719206221, "Ks": 4.6636973351363495e-07, "rootXDeformation": 0.14714193790226524, "rootZDeformation": 0.9287100206270752, "kcMax": 2.08718381661289}