{"VG_alpha": 2.064138319697081, "VG_n": 1.2584732836154104, "thetaS": 0.3268245405979683, "Ks": 5.248145338236137e-07, "rootXDeformation": 0.4683916982628844, "rootZDeformation": 0.6192659265388958, "kcMax": 2.6238033454202583}