{"VG_alpha": 1.9996774662980692, "VG_n": 1.4498147158390913, "thetaS": 0.4459704644907452, "Ks": 6.163121587136106e-07, "rootXDeformation": 0.0, "rootZDeformation": 0.35410305571847733, "kcMax": 1.507126451262761}