{"VG_alpha": 1.962294846529621, "VG_n": 1.3216707095041453, "thetaS": 0.4357237829535956, "Ks": 3.830433703991708e-07, "rootXDeformation": 0.0, "rootZDeformation": 0.4846728019898704, "kcMax": 1.7060376386327865}