{"VG_alpha": 2.7637485699948465, "VG_n": 1.3332343377244993, "thetaS": 0.5, "Ks": 4.6939032489662896e-07, "rootXDeformation": 0.08954327367339858, "rootZDeformation": 0.17166095140210785, "kcMax": 1.6886625434962061}