{"VG_alpha": 1.7422266760468255, "VG_n": 1.3886716562148844, "thetaS": 0.4557549149537041, "Ks": 6.166398328502876e-07, "rootXDeformation": 0.0, "rootZDeformation": 0.47331940463269584, "kcMax": 1.6195281839919804}