{"VG_alpha": 2.762410491342414, "VG_n": 1.4216943284226362, "thetaS": 0.5, "Ks": 4.591100438679773e-07, "rootXDeformation": 0.07988955142803097, "rootZDeformation": 0.31397533019958523, "kcMax": 1.6513829790032326}