{"VG_alpha": 2.407153288519555, "VG_n": 1.2081281924404248, "thetaS": 0.5, "Ks": 3.628467890743168e-07, "rootXDeformation": 0.0, "rootZDeformation": 0.5638757080091402, "kcMax": 1.8652245109399288}