{"VG_alpha": 2.2737519975724547, "VG_n": 1.1947069341727743, "thetaS": 0.4686592661962509, "Ks": 1.3746679763184412e-07, "rootXDeformation": 0.0, "rootZDeformation": 0.6431632783247219, "kcMax": 1.7035044890529938}