{"VG_alpha": 2.3293984797662697, "VG_n": 1.3377538788154753, "thetaS": 0.4024339458989114, "Ks": 4.917037305338253e-07, "rootXDeformation": 0.04611886845774318, "rootZDeformation": 0.674620064287271, "kcMax": 1.6461049809460877}