{"VG_alpha": 2.2496809783384086, "VG_n": 1.31486832309801, "thetaS": 0.49009717513886364, "Ks": 3.3186580517093214e-07, "rootXDeformation": 0.23863641241021774, "rootZDeformation": 0.7960323002736817, "kcMax": 1.666116218769361}