{"VG_alpha": 1.9621312155037178, "VG_n": 1.3698612019160605, "thetaS": 0.3940543296718857, "Ks": 1.9097347675289623e-07, "rootXDeformation": 0.1993962599636607, "rootZDeformation": 0.8706108919640339, "kcMax": 1.6751463604249561}