{"VG_alpha": 2.0146843042785116, "VG_n": 1.316629437034666, "thetaS": 0.43261459837841537, "Ks": 7.278046362831142e-07, "rootXDeformation": 0.0, "rootZDeformation": 0.2936882157200111, "kcMax": 1.6263609337032425}