{"VG_alpha": 2.7716202128401273, "VG_n": 1.3590622963688181, "thetaS": 0.5, "Ks": 7.868793578661074e-07, "rootXDeformation": 0.0, "rootZDeformation": 0.29971543810694456, "kcMax": 1.6603090844474775}