{"VG_alpha": 1.8480086302654657, "VG_n": 1.4342669095920944, "thetaS": 0.39180182814888775, "Ks": 3.849967201291549e-07, "rootXDeformation": 0.2238720194632275, "rootZDeformation": 0.19686603537667885, "kcMax": 1.5489245649126278}