{"VG_alpha": 2.0486826567631167, "VG_n": 1.230609465614959, "thetaS": 0.4812127439847336, "Ks": 5.075779729839012e-07, "rootXDeformation": 0.19446473015357302, "rootZDeformation": 0.9716566064192881, "kcMax": 1.5}