{"VG_alpha": 2.2586908038590616, "VG_n": 1.1996379869940528, "thetaS": 0.5, "Ks": 6.233957741588062e-07, "rootXDeformation": 0.08419004530988569, "rootZDeformation": 0.6848115525527545, "kcMax": 1.6049085169673925}