{"VG_alpha": 3.0, "VG_n": 1.4208863041324338, "thetaS": 0.47925984417924444, "Ks": 1.5287168302287465e-06, "rootXDeformation": 0.0, "rootZDeformation": 0.06281780132743042, "kcMax": 1.5930131143199615}