{"VG_alpha": 2.115862102855225, "VG_n": 1.3374827477583378, "thetaS": 0.5, "Ks": 5.921448007259027e-07, "rootXDeformation": 0.1642872308112039, "rootZDeformation": 0.5864555280239335, "kcMax": 1.6788135369025092}