{"VG_alpha": 1.398909060746303, "VG_n": 1.191980863164381, "thetaS": 0.5, "Ks": 4.158373898914263e-07, "rootXDeformation": 0.6168480338937579, "rootZDeformation": 1.0, "kcMax": 2.353606824607043}