{"VG_alpha": 2.4222413915580736, "VG_n": 1.4101127511899822, "thetaS": 0.5, "Ks": 5.565918632347049e-07, "rootXDeformation": 0.0, "rootZDeformation": 0.18713092561757416, "kcMax": 1.653421706750607}