{"VG_alpha": 1.997259404648214, "VG_n": 1.3536088512941165, "thetaS": 0.4047580603578328, "Ks": 3.137374617168539e-07, "rootXDeformation": 0.10736298716493094, "rootZDeformation": 0.39960483665718727, "kcMax": 1.6244087233529243}