{"VG_alpha": 1.5558855628323696, "VG_n": 1.140738544317025, "thetaS": 0.5, "Ks": 5.276531315522667e-07, "rootXDeformation": 0.5386974811788262, "rootZDeformation": 0.9032929640619886, "kcMax": 2.427728192846877}