{"VG_alpha": 2.156037905330158, "VG_n": 1.543331374051164, "thetaS": 0.4464836570158064, "Ks": 3.378874456972603e-07, "rootXDeformation": 0.015731534967680524, "rootZDeformation": 0.6590385807944308, "kcMax": 1.5444673556541904}