{"VG_alpha": 2.299644955825338, "VG_n": 1.3564445228716433, "thetaS": 0.4133853987205378, "Ks": 4.863475037397384e-07, "rootXDeformation": 0.10426944506650093, "rootZDeformation": 0.7389469114342425, "kcMax": 1.5361038772068354}