{"VG_alpha": 2.295681660864339, "VG_n": 1.3917018981405065, "thetaS": 0.45972377772095846, "Ks": 1.3791322483671e-06, "rootXDeformation": 0.17018534543817732, "rootZDeformation": 0.1118411174815353, "kcMax": 1.8212292204200153}