{"VG_alpha": 2.1590198078387806, "VG_n": 1.4431426609473528, "thetaS": 0.44121228397593526, "Ks": 7.44394492105218e-07, "rootXDeformation": 0.0, "rootZDeformation": 0.6066781612656913, "kcMax": 1.5}