{"VG_alpha": 3.0, "VG_n": 1.4159048718073477, "thetaS": 0.47610777069535304, "Ks": 5.04940701626044e-07, "rootXDeformation": 0.29650100247933814, "rootZDeformation": 0.9120552540865908, "kcMax": 1.6193336074479197}