{"VG_alpha": 2.3141953327135503, "VG_n": 1.3485737724744096, "thetaS": 0.43036336014879295, "Ks": 8.017563315986146e-07, "rootXDeformation": 0.08415569564835892, "rootZDeformation": 0.25944869322354, "kcMax": 1.5}