{"VG_alpha": 2.044219040860349, "VG_n": 1.415882991634679, "thetaS": 0.3749987160224144, "Ks": 8.294219932842549e-07, "rootXDeformation": 0.02489676397267024, "rootZDeformation": 0.4418601342013881, "kcMax": 1.5}