{"VG_alpha": 1.9439457842320036, "VG_n": 1.2500918933398166, "thetaS": 0.48492644162983284, "Ks": 7.553739777225999e-07, "rootXDeformation": 0.08503788818540932, "rootZDeformation": 0.6136690598129743, "kcMax": 1.8625581105547924}