{"VG_alpha": 1.9145900353772358, "VG_n": 1.4355852718898559, "thetaS": 0.4621130049577461, "Ks": 7.653369826643039e-07, "rootXDeformation": 0.02229924711316209, "rootZDeformation": 0.4568887430761654, "kcMax": 1.6630704374493255}