{"VG_alpha": 1.789126820840219, "VG_n": 1.4446278183050063, "thetaS": 0.42640219857890715, "Ks": 2.560431124034676e-07, "rootXDeformation": 0.0, "rootZDeformation": 0.6644134992842036, "kcMax": 1.7131335548045548}