{"VG_alpha": 1.4865398019026874, "VG_n": 1.3202564122191007, "thetaS": 0.40581447732520004, "Ks": 5.118201385741977e-07, "rootXDeformation": 0.020799720921356193, "rootZDeformation": 0.38344670871015535, "kcMax": 1.5}