{"VG_alpha": 2.1769147497128705, "VG_n": 1.1984138530449633, "thetaS": 0.4748594860079236, "Ks": 2.5097542053844783e-07, "rootXDeformation": 0.03640772713577693, "rootZDeformation": 0.37321042104002744, "kcMax": 1.7215295428722026}