{"VG_alpha": 1.7729139558023594, "VG_n": 1.4141071163525778, "thetaS": 0.44117723984730006, "Ks": 9.011243544995597e-07, "rootXDeformation": 0.0, "rootZDeformation": 0.48967024692641836, "kcMax": 1.7470038916965092}