{"VG_alpha": 2.2874143388029804, "VG_n": 1.3473248279209191, "thetaS": 0.46633739120101453, "Ks": 1.7722307547812449e-06, "rootXDeformation": 0.010051067413569216, "rootZDeformation": 0.24690222374772489, "kcMax": 1.7776483831266474}