{"VG_alpha": 1.7532527934364572, "VG_n": 1.4053920310843013, "thetaS": 0.3947336249375592, "Ks": 3.7381735377373175e-07, "rootXDeformation": 0.0, "rootZDeformation": 0.14675520256582333, "kcMax": 1.5}