{"VG_alpha": 2.5291409168023185, "VG_n": 1.137383588945394, "thetaS": 0.4862736213644437, "Ks": 7.262702154993784e-07, "rootXDeformation": 0.4769491635150128, "rootZDeformation": 1.0, "kcMax": 2.1877908998009645}