{"VG_alpha": 1.9038068936957828, "VG_n": 1.4585350968318123, "thetaS": 0.4482288966831336, "Ks": 8.406517080452853e-07, "rootXDeformation": 0.0, "rootZDeformation": 0.4284529340257617, "kcMax": 1.757408774476808}