{"VG_alpha": 2.515603197680763, "VG_n": 1.3988135147063772, "thetaS": 0.47520601891762865, "Ks": 9.779604631278694e-07, "rootXDeformation": 0.15547918669879326, "rootZDeformation": 0.36149222806190406, "kcMax": 1.6925321106195221}