{"VG_alpha": 1.7202656223112949, "VG_n": 1.477754046100317, "thetaS": 0.3749400665033482, "Ks": 6.127235930151608e-07, "rootXDeformation": 0.0, "rootZDeformation": 0.362833547868418, "kcMax": 1.6288960314497316}