{"VG_alpha": 1.660726534132631, "VG_n": 1.495143455331987, "thetaS": 0.38853427240768085, "Ks": 4.0474121625283846e-07, "rootXDeformation": 0.0, "rootZDeformation": 0.42985616593364034, "kcMax": 1.7028579142107918}