{"VG_alpha": 3.0, "VG_n": 1.2308290869959404, "thetaS": 0.477584153994953, "Ks": 6.287509705796984e-07, "rootXDeformation": 0.05795680469052199, "rootZDeformation": 1.0, "kcMax": 1.6963435881728313}