{"VG_alpha": 2.528589442654688, "VG_n": 1.438575571531846, "thetaS": 0.43227097679565474, "Ks": 1.2609498539822958e-06, "rootXDeformation": 0.0, "rootZDeformation": 0.2701662247721789, "kcMax": 1.5}