{"VG_alpha": 1.7104626939159677, "VG_n": 1.4150006644758748, "thetaS": 0.4324546834755284, "Ks": 6.998901265337398e-07, "rootXDeformation": 0.06804513679538789, "rootZDeformation": 0.598019141658335, "kcMax": 1.5}