{"VG_alpha": 2.1335744013542848, "VG_n": 1.2993642090789517, "thetaS": 0.49094861989224603, "Ks": 2.2349398184898137e-07, "rootXDeformation": 0.37486232058800506, "rootZDeformation": 0.8441314682158167, "kcMax": 1.6878807052548892}