{"VG_alpha": 2.8293032552984023, "VG_n": 1.530777410483021, "thetaS": 0.48081691564910417, "Ks": 8.453986919849344e-07, "rootXDeformation": 0.0, "rootZDeformation": 0.2187240381011945, "kcMax": 1.5780287926008592}