{"VG_alpha": 2.7467397341400557, "VG_n": 1.327034911641199, "thetaS": 0.5, "Ks": 7.177617346743196e-07, "rootXDeformation": 0.0, "rootZDeformation": 0.0, "kcMax": 1.714474068208707}