{"VG_alpha": 1.3125697958315845, "VG_n": 1.3026106941247164, "thetaS": 0.5, "Ks": 3.4332873486939404e-07, "rootXDeformation": 0.1383448661464513, "rootZDeformation": 0.8687612961463446, "kcMax": 1.5308604376130202}