{"VG_alpha": 1.737302589594138, "VG_n": 1.485871537644142, "thetaS": 0.47870677195484096, "Ks": 8.463653125740595e-07, "rootXDeformation": 0.11530182639555246, "rootZDeformation": 0.9446107277284729, "kcMax": 2.9390705386530804}