{"VG_alpha": 1.5799969125097189, "VG_n": 1.3113185796076143, "thetaS": 0.5, "Ks": 8.875873641149817e-07, "rootXDeformation": 0.17794194048395734, "rootZDeformation": 0.8698835478736182, "kcMax": 2.448315909712864}