{"VG_alpha": 1.560516875589285, "VG_n": 1.3754648555871078, "thetaS": 0.5, "Ks": 3.877686849642446e-07, "rootXDeformation": 0.1830131342083708, "rootZDeformation": 1.0, "kcMax": 1.8833151670248}