{"VG_alpha": 1.2186983042653088, "VG_n": 1.3030843991790144, "thetaS": 0.3968868883176143, "Ks": 6.226872032716598e-07, "rootXDeformation": 0.7117625409051018, "rootZDeformation": 0.5245550789577971, "kcMax": 2.027981585680741}