{"VG_alpha": 2.0380980487119555, "VG_n": 1.2286042179321015, "thetaS": 0.4810257892610854, "Ks": 3.168656567050182e-07, "rootXDeformation": 0.14236844097348722, "rootZDeformation": 0.860137112089418, "kcMax": 1.9806827166294068}