{"VG_alpha": 1.0887479739917798, "VG_n": 1.450150789248887, "thetaS": 0.4899565899284387, "Ks": 3.8120933399387053e-07, "rootXDeformation": 0.0, "rootZDeformation": 1.0, "kcMax": 2.615582540234535}