{"VG_alpha": 1.5946342469821624, "VG_n": 1.5567733929559837, "thetaS": 0.5, "Ks": 9.123672626386607e-07, "rootXDeformation": 0.0, "rootZDeformation": 0.8689767795527484, "kcMax": 2.3885177596667218}