{"VG_alpha": 1.8602904195073577, "VG_n": 1.4064614717492294, "thetaS": 0.5, "Ks": 1.3015785018597204e-06, "rootXDeformation": 0.0, "rootZDeformation": 0.9284909268078814, "kcMax": 2.4990940836149966}