{"VG_alpha": 1.8067134446197288, "VG_n": 1.396256837664016, "thetaS": 0.5, "Ks": 9.782645640554322e-07, "rootXDeformation": 0.05485517343206935, "rootZDeformation": 0.7709488022886184, "kcMax": 2.5239477903704266}