{"VG_alpha": 1.7307575116114122, "VG_n": 1.5850178526759369, "thetaS": 0.5, "Ks": 1.2892196659879163e-06, "rootXDeformation": 0.18102059681354024, "rootZDeformation": 0.6904381833216304, "kcMax": 2.685922958942987}