{"VG_alpha": 2.618304719227351, "VG_n": 1.3107497473493819, "thetaS": 0.40885208435834286, "Ks": 5.947226867183928e-07, "rootXDeformation": 0.6524819029030612, "rootZDeformation": 0.3682870585435374, "kcMax": 1.7609263491715677}