{"VG_alpha": 1.95346125325314, "VG_n": 1.3025159912899102, "thetaS": 0.5, "Ks": 3.260396365676932e-07, "rootXDeformation": 0.0, "rootZDeformation": 0.7802279539774568, "kcMax": 1.8290363970086838}