{"VG_alpha": 2.4260176717096673, "VG_n": 1.265798719823889, "thetaS": 0.4206002751073501, "Ks": 2.7135288472095986e-07, "rootXDeformation": 0.5256804838589185, "rootZDeformation": 0.37988307290265666, "kcMax": 1.5}