{"VG_alpha": 1.3409788459339451, "VG_n": 1.2983868385265542, "thetaS": 0.5, "Ks": 4.655702171784563e-07, "rootXDeformation": 0.02039901617788413, "rootZDeformation": 0.6483703765822529, "kcMax": 1.9038676122880276}