{"VG_alpha": 1.5817559446643932, "VG_n": 1.3390669891174136, "thetaS": 0.4967559748947098, "Ks": 8.474151030308909e-07, "rootXDeformation": 0.1118786948340458, "rootZDeformation": 0.9588487729642133, "kcMax": 2.0628164766683055}