{"VG_alpha": 1.5889068549657237, "VG_n": 1.3872386606829563, "thetaS": 0.5, "Ks": 2.3130844103752801e-07, "rootXDeformation": 0.06882438690638096, "rootZDeformation": 0.6936770678302965, "kcMax": 1.6559096778872398}