{"VG_alpha": 1.9072752987727566, "VG_n": 1.5556784253054488, "thetaS": 0.5, "Ks": 4.619922237273016e-07, "rootXDeformation": 0.0, "rootZDeformation": 0.7928525584188779, "kcMax": 2.5491920958192673}