{"VG_alpha": 1.7443970879866173, "VG_n": 1.566203743728836, "thetaS": 0.4624486983873181, "Ks": 1.8327641320689057e-06, "rootXDeformation": 0.022510348801145903, "rootZDeformation": 0.6620234395441924, "kcMax": 2.659528024825135}