{"VG_alpha": 1.2956707127602622, "VG_n": 1.369037868777091, "thetaS": 0.4820894630820956, "Ks": 2.9144066715540334e-07, "rootXDeformation": 0.062115619277010856, "rootZDeformation": 1.0, "kcMax": 2.6526837021149916}