{"VG_alpha": 1.2854971782813234, "VG_n": 1.4407416178587726, "thetaS": 0.49705361868362485, "Ks": 2.93369289003182e-07, "rootXDeformation": 0.010750361420646865, "rootZDeformation": 0.8206644680731816, "kcMax": 1.759706697466021}