{"VG_alpha": 1.784707945039481, "VG_n": 1.367688743099663, "thetaS": 0.5, "Ks": 1.3710673587390734e-06, "rootXDeformation": 0.23507629567497235, "rootZDeformation": 0.9331827422564707, "kcMax": 2.360332991887965}