{"VG_alpha": 2.645262269226845, "VG_n": 1.2552500763465124, "thetaS": 0.44397368575972374, "Ks": 5.084132225136944e-07, "rootXDeformation": 0.42618649291231814, "rootZDeformation": 0.5102407409977741, "kcMax": 1.792863266016829}