{"VG_alpha": 1.5002557354404837, "VG_n": 1.5562006576708038, "thetaS": 0.5, "Ks": 7.995188043667763e-07, "rootXDeformation": 0.07652875619865504, "rootZDeformation": 0.652102648017805, "kcMax": 2.6312448628657865}