{"VG_alpha": 1.95018362024786, "VG_n": 1.4556723484756164, "thetaS": 0.5, "Ks": 1.4992072121978534e-06, "rootXDeformation": 0.06505218805701216, "rootZDeformation": 0.9145379315444522, "kcMax": 2.5772502236860317}