{"VG_alpha": 1.5418165770397572, "VG_n": 1.4833889265092726, "thetaS": 0.5, "Ks": 5.457674464526232e-07, "rootXDeformation": 0.1385857362989248, "rootZDeformation": 0.8344604650763069, "kcMax": 2.0053710758004115}