{"VG_alpha": 1.7862013465189803, "VG_n": 1.4888604307635191, "thetaS": 0.5, "Ks": 2.645740644811196e-06, "rootXDeformation": 0.0, "rootZDeformation": 0.8337065222874334, "kcMax": 2.520596494920988}