{"VG_alpha": 1.7599493795568169, "VG_n": 1.5882803083269366, "thetaS": 0.5, "Ks": 1.390704362030673e-06, "rootXDeformation": 0.13840968039187798, "rootZDeformation": 0.6144664300035582, "kcMax": 2.459401755595352}