{"VG_alpha": 1.6565761996443693, "VG_n": 1.3421983164441373, "thetaS": 0.4677291529156263, "Ks": 6.562944621581498e-07, "rootXDeformation": 0.011761785238238842, "rootZDeformation": 0.8322819224966406, "kcMax": 2.2968477339900035}