{"VG_alpha": 2.236077585156595, "VG_n": 1.5181486775072002, "thetaS": 0.5, "Ks": 7.136217140740573e-07, "rootXDeformation": 0.025837687439623343, "rootZDeformation": 0.7983774049866467, "kcMax": 2.6936392092936225}