{"VG_alpha": 1.330407708139298, "VG_n": 1.3023479199829047, "thetaS": 0.34241301719511674, "Ks": 2.2567740218446722e-07, "rootXDeformation": 0.2302247545737672, "rootZDeformation": 0.7049823321156745, "kcMax": 1.7990278322341497}