{"VG_alpha": 1.441659893163034, "VG_n": 1.494896744589052, "thetaS": 0.4752779855978487, "Ks": 9.934780613324111e-07, "rootXDeformation": 0.0, "rootZDeformation": 0.8794082796436318, "kcMax": 2.5480748868901557}