{"VG_alpha": 1.7996583568846303, "VG_n": 1.4498166673553348, "thetaS": 0.49181081230530055, "Ks": 6.404878856604963e-07, "rootXDeformation": 0.13327787184508572, "rootZDeformation": 0.9283771446715663, "kcMax": 1.827554194862566}