{"VG_alpha": 1.3841563392733378, "VG_n": 1.4375248178711142, "thetaS": 0.37630666918432537, "Ks": 4.224665762198319e-07, "rootXDeformation": 0.4855230707276621, "rootZDeformation": 0.60070982772906, "kcMax": 1.8956280598665942}