{"VG_alpha": 1.9630878277536, "VG_n": 1.3136252928489545, "thetaS": 0.4838199597908171, "Ks": 1.7723550948481768e-06, "rootXDeformation": 0.23364698973468, "rootZDeformation": 0.6813414448179258, "kcMax": 2.442325970199305}