{"VG_alpha": 1.3134190864528952, "VG_n": 1.366436857528076, "thetaS": 0.4873359839604634, "Ks": 3.3354105591558403e-07, "rootXDeformation": 0.15185849623476985, "rootZDeformation": 0.8594355202822437, "kcMax": 2.5213279886279247}