{"VG_alpha": 1.0, "VG_n": 1.428832465247352, "thetaS": 0.5, "Ks": 4.967121616485001e-07, "rootXDeformation": 0.1004145352797122, "rootZDeformation": 0.9913473465956595, "kcMax": 2.4423448464906254}