{"VG_alpha": 1.9546275715420438, "VG_n": 1.545920473701934, "thetaS": 0.48827389210513406, "Ks": 5.747774711074417e-07, "rootXDeformation": 0.0856882626893419, "rootZDeformation": 0.6263973481978811, "kcMax": 2.595561716488656}