{"VG_alpha": 1.9341154734412953, "VG_n": 1.6, "thetaS": 0.49321117478369975, "Ks": 1.5544998489228542e-06, "rootXDeformation": 0.0, "rootZDeformation": 0.689155068196696, "kcMax": 2.5922104210392174}