{"VG_alpha": 2.83273673996289, "VG_n": 1.2025792590730497, "thetaS": 0.4130085665803425, "Ks": 5.44609821947023e-07, "rootXDeformation": 0.4651999084659874, "rootZDeformation": 0.4072605247616985, "kcMax": 1.7353563622653907}