{"VG_alpha": 2.0333779947588093, "VG_n": 1.4670900090570085, "thetaS": 0.5, "Ks": 1.0564342441044225e-06, "rootXDeformation": 0.027642191054857816, "rootZDeformation": 0.6728201264477978, "kcMax": 2.2314458804490984}