{"VG_alpha": 1.6014001132724067, "VG_n": 1.156992180931775, "thetaS": 0.46573626526153533, "Ks": 1.1888600051092151e-07, "rootXDeformation": 0.6262871483113925, "rootZDeformation": 0.5475861559192435, "kcMax": 2.728930493505103}