{"VG_alpha": 1.9209169912700432, "VG_n": 1.6, "thetaS": 0.48324476019943335, "Ks": 1.6171290451563495e-06, "rootXDeformation": 0.0, "rootZDeformation": 0.8219036811606389, "kcMax": 2.4643014866761255}