{"VG_alpha": 1.6307444944876568, "VG_n": 1.3998155556264784, "thetaS": 0.4742789034460286, "Ks": 5.056048262143315e-07, "rootXDeformation": 0.14283643915173524, "rootZDeformation": 0.9392010298294698, "kcMax": 2.296916100394296}