{"VG_alpha": 1.1838260097581998, "VG_n": 1.4177280331940323, "thetaS": 0.3946914730100957, "Ks": 2.3810936212943708e-07, "rootXDeformation": 0.8346537356139456, "rootZDeformation": 0.08466320954614695, "kcMax": 2.6015190664147285}