{"VG_alpha": 2.466452035094898, "VG_n": 1.295961326060162, "thetaS": 0.40251413119804536, "Ks": 1.306499179058096e-06, "rootXDeformation": 0.32940500214604884, "rootZDeformation": 0.38011219320936007, "kcMax": 1.7896728561715105}