{"VG_alpha": 1.5609830808323784, "VG_n": 1.5118683292272355, "thetaS": 0.4868057848925737, "Ks": 2.1014461394017495e-06, "rootXDeformation": 0.1285307904243417, "rootZDeformation": 0.6669225890012114, "kcMax": 2.536670915537438}