{"VG_alpha": 1.5411700463152977, "VG_n": 1.4584051589885398, "thetaS": 0.47935292061468326, "Ks": 1.7278881542211535e-06, "rootXDeformation": 0.12233434322625547, "rootZDeformation": 0.8653661183376218, "kcMax": 2.652158934502736}