{"VG_alpha": 1.9856010431335724, "VG_n": 1.4244954966750756, "thetaS": 0.4855304799697649, "Ks": 9.210915554099198e-07, "rootXDeformation": 0.16959816842260858, "rootZDeformation": 1.0, "kcMax": 2.155084575966505}