{"VG_alpha": 1.8488107514858263, "VG_n": 1.4206991780716964, "thetaS": 0.47848721357414997, "Ks": 5.767326507385747e-07, "rootXDeformation": 0.3088177641341052, "rootZDeformation": 0.9036396418470733, "kcMax": 2.297424572878308}