{"VG_alpha": 1.5581963599283366, "VG_n": 1.4002248521551102, "thetaS": 0.5, "Ks": 2.6421962461799495e-07, "rootXDeformation": 0.0, "rootZDeformation": 0.7373230393075082, "kcMax": 1.8237090517722487}