{"VG_alpha": 2.152609331847371, "VG_n": 1.4418249596381743, "thetaS": 0.5, "Ks": 8.738336524666563e-07, "rootXDeformation": 0.0, "rootZDeformation": 0.8388281807758431, "kcMax": 2.5582391968652898}