{"VG_alpha": 1.4049252579534346, "VG_n": 1.3917758285289388, "thetaS": 0.5, "Ks": 1.3906847867671372e-06, "rootXDeformation": 0.043147304393018254, "rootZDeformation": 0.7490034820558991, "kcMax": 2.0472725563281284}