{"VG_alpha": 1.995229585793705, "VG_n": 1.2917038003500054, "thetaS": 0.39466704353601484, "Ks": 7.010014189812601e-07, "rootXDeformation": 0.4470799994777706, "rootZDeformation": 0.44804053690874857, "kcMax": 1.5243393011501627}