{"VG_alpha": 2.1761554986731655, "VG_n": 1.4963444230264862, "thetaS": 0.5, "Ks": 7.308920557367982e-07, "rootXDeformation": 0.0, "rootZDeformation": 0.993815218998068, "kcMax": 2.66259460643839}