{"VG_alpha": 1.7874181398847167, "VG_n": 1.5041868794508677, "thetaS": 0.48270663384414014, "Ks": 1.8036829069209353e-06, "rootXDeformation": 0.0, "rootZDeformation": 0.7478199658329551, "kcMax": 2.8896316856643485}