{"VG_alpha": 2.0941862842826096, "VG_n": 1.5337945132078252, "thetaS": 0.499080863777621, "Ks": 1.3826627920242525e-06, "rootXDeformation": 0.021324973942324795, "rootZDeformation": 1.0, "kcMax": 2.8375507619071456}