{"VG_alpha": 1.2917755287853525, "VG_n": 1.3321798002831755, "thetaS": 0.34900502604723915, "Ks": 4.053608758693137e-07, "rootXDeformation": 0.3645682052243921, "rootZDeformation": 0.7791193633354391, "kcMax": 2.3398173974775256}