{"VG_alpha": 2.6181560752970254, "VG_n": 1.22584591348495, "thetaS": 0.4488783164542943, "Ks": 4.423104396343244e-07, "rootXDeformation": 0.5028819163848928, "rootZDeformation": 0.40678737582763147, "kcMax": 1.5466399846675971}