{"VG_alpha": 1.802014551085258, "VG_n": 1.481388776331734, "thetaS": 0.47009225044325686, "Ks": 1.2760036343570953e-06, "rootXDeformation": 0.0, "rootZDeformation": 0.5628920916384486, "kcMax": 2.615264665913079}