{"VG_alpha": 1.9792763061969492, "VG_n": 1.5686737485147377, "thetaS": 0.5, "Ks": 1.0588537019446726e-06, "rootXDeformation": 0.0664581431771068, "rootZDeformation": 0.8127460538940109, "kcMax": 2.606593977225781}