{"VG_alpha": 1.677803137354188, "VG_n": 1.568562031788915, "thetaS": 0.5, "Ks": 1.7082678088912003e-06, "rootXDeformation": 0.0, "rootZDeformation": 0.8343917590629601, "kcMax": 2.4075417232145333}