{"VG_alpha": 1.6744920109514592, "VG_n": 1.5060863449707955, "thetaS": 0.5, "Ks": 2.102146856684418e-06, "rootXDeformation": 0.0283231836252366, "rootZDeformation": 0.8736954653551614, "kcMax": 2.626192488464732}