{"VG_alpha": 1.6551884436278321, "VG_n": 1.4077519369210663, "thetaS": 0.5, "Ks": 7.439932669652719e-07, "rootXDeformation": 0.07680019375542894, "rootZDeformation": 0.9227780994577908, "kcMax": 2.4611509472833797}