{"VG_alpha": 1.8057702408951406, "VG_n": 1.5940081581355572, "thetaS": 0.5, "Ks": 8.001442434991538e-07, "rootXDeformation": 0.0, "rootZDeformation": 0.6640306011094972, "kcMax": 2.3716853191007057}