{"VG_alpha": 1.6633734714730828, "VG_n": 1.5465390970926736, "thetaS": 0.4919920035408524, "Ks": 4.7400265129797673e-07, "rootXDeformation": 0.0, "rootZDeformation": 0.8099801391139344, "kcMax": 2.3521041196188768}