{"VG_alpha": 1.9186297921606217, "VG_n": 1.5353577743980373, "thetaS": 0.5, "Ks": 1.313348796966242e-06, "rootXDeformation": 0.15575761093251098, "rootZDeformation": 0.7690692193280221, "kcMax": 2.8141380335494928}