{"VG_alpha": 1.253994605493837, "VG_n": 1.3717144028224684, "thetaS": 0.3506910784274935, "Ks": 8.038182666933178e-07, "rootXDeformation": 0.5355017367350849, "rootZDeformation": 0.28297706637610864, "kcMax": 2.7730933071852615}