{"VG_alpha": 1.938814366975766, "VG_n": 1.5533921281337193, "thetaS": 0.5, "Ks": 1.1917772615098782e-06, "rootXDeformation": 0.10863950714485839, "rootZDeformation": 0.8972117788468659, "kcMax": 2.500893545496565}