{"VG_alpha": 1.278716400679756, "VG_n": 1.2482276712056606, "thetaS": 0.4999977825000895, "Ks": 1.4820726036196571e-06, "rootXDeformation": 0.7015623330401348, "rootZDeformation": 0.9911452388241255, "kcMax": 2.0701215458948927}