{"VG_alpha": 1.8677418212006205, "VG_n": 1.4981573063193883, "thetaS": 0.4622551247658855, "Ks": 1.7750112425999332e-06, "rootXDeformation": 0.0, "rootZDeformation": 0.6908408368712503, "kcMax": 2.7713319366064244}