{"VG_alpha": 1.5916413529515319, "VG_n": 1.4761452059293847, "thetaS": 0.5, "Ks": 8.65151514436325e-07, "rootXDeformation": 0.0, "rootZDeformation": 0.9906710130779491, "kcMax": 2.6261748487331156}