{"VG_alpha": 2.1079523757938756, "VG_n": 1.4984478395074017, "thetaS": 0.4972871563040209, "Ks": 4.292149769531444e-07, "rootXDeformation": 0.0, "rootZDeformation": 0.8017256720534622, "kcMax": 2.333104689473995}