{"VG_alpha": 1.9244543263371523, "VG_n": 1.568426349999688, "thetaS": 0.4965167429655221, "Ks": 1.748729433832646e-06, "rootXDeformation": 0.10481257253487723, "rootZDeformation": 0.8799936283222652, "kcMax": 2.3676703362407583}