{"VG_alpha": 1.4359016044993202, "VG_n": 1.479890333182757, "thetaS": 0.4963300468135847, "Ks": 1.3151520745544175e-06, "rootXDeformation": 0.0, "rootZDeformation": 0.8371183842426381, "kcMax": 2.478493295691377}