{"VG_alpha": 1.2609660911358487, "VG_n": 1.3992132450429415, "thetaS": 0.47327406501935304, "Ks": 7.393362902877052e-07, "rootXDeformation": 0.06896794436652956, "rootZDeformation": 0.8132465323390812, "kcMax": 1.898728892385787}