{"VG_alpha": 1.7943851439179368, "VG_n": 1.4968244167996185, "thetaS": 0.5, "Ks": 8.874378185457637e-07, "rootXDeformation": 0.054561062421385365, "rootZDeformation": 0.5103549013375241, "kcMax": 2.673845128914918}