{"VG_alpha": 1.7332271866739926, "VG_n": 1.56389462284844, "thetaS": 0.5, "Ks": 9.68179482245872e-07, "rootXDeformation": 0.0, "rootZDeformation": 0.847885425024517, "kcMax": 2.834674356858547}