{"VG_alpha": 2.279582037981821, "VG_n": 1.4625485139254202, "thetaS": 0.5, "Ks": 1.0876146113499344e-06, "rootXDeformation": 0.0, "rootZDeformation": 0.809957001659849, "kcMax": 2.7912909386174114}