{"VG_alpha": 1.3661719262764296, "VG_n": 1.4078812340827942, "thetaS": 0.5, "Ks": 5.016970710789857e-07, "rootXDeformation": 0.26307015458823463, "rootZDeformation": 0.8712278159926973, "kcMax": 2.13507047870519}