{"VG_alpha": 1.0201508764540397, "VG_n": 1.5822335802788239, "thetaS": 0.3944100591983303, "Ks": 2.7974327183903954e-06, "rootXDeformation": 0.43151910657037573, "rootZDeformation": 0.9979102567282543, "kcMax": 1.8662682389958332}