{"VG_alpha": 1.8581264427212025, "VG_n": 1.4866312207572994, "thetaS": 0.5, "Ks": 1.1536354294269012e-06, "rootXDeformation": 0.19227847900732145, "rootZDeformation": 0.7866928897424349, "kcMax": 2.371703088896799}