{"VG_alpha": 1.4682625879828566, "VG_n": 1.2884498744899955, "thetaS": 0.41338380517600987, "Ks": 8.267646819026227e-07, "rootXDeformation": 0.5307572740828795, "rootZDeformation": 0.4728486853250674, "kcMax": 2.1936935974430565}