{"VG_alpha": 2.2115333554622096, "VG_n": 1.492357883807343, "thetaS": 0.4991158564227689, "Ks": 1.9625228222228267e-06, "rootXDeformation": 0.11592399148400181, "rootZDeformation": 0.8898140631522524, "kcMax": 2.671621157768991}