{"VG_alpha": 1.9464437741430873, "VG_n": 1.5379564876658347, "thetaS": 0.49173348070133077, "Ks": 1.7135985026226722e-06, "rootXDeformation": 0.0, "rootZDeformation": 0.9497489691477903, "kcMax": 2.442313082494726}