{"VG_alpha": 2.2445212517145054, "VG_n": 1.5416850229054215, "thetaS": 0.47535152409517895, "Ks": 1.3814498408790298e-06, "rootXDeformation": 0.08840331585321305, "rootZDeformation": 0.7757113124476469, "kcMax": 2.680069750792939}