{"VG_alpha": 1.163255749059874, "VG_n": 1.3756322541586907, "thetaS": 0.46238630150915294, "Ks": 6.205743051682854e-07, "rootXDeformation": 0.08417002950466308, "rootZDeformation": 0.9813308788006423, "kcMax": 2.4889001640236907}