{"VG_alpha": 1.9237816142511033, "VG_n": 1.5271593934706842, "thetaS": 0.47375186894863763, "Ks": 8.028852622837569e-07, "rootXDeformation": 0.15960710524316402, "rootZDeformation": 0.7458304687407787, "kcMax": 2.301920407468164}