{"VG_alpha": 1.691074201348585, "VG_n": 1.5322865342755436, "thetaS": 0.5, "Ks": 8.6277368048859e-07, "rootXDeformation": 0.0, "rootZDeformation": 0.9971471767968526, "kcMax": 2.7001117063605626}