{"VG_alpha": 1.4889731585662571, "VG_n": 1.387311603470109, "thetaS": 0.48317650345648744, "Ks": 1.42140723543333e-06, "rootXDeformation": 0.2113196221746664, "rootZDeformation": 0.6843987798521337, "kcMax": 2.1909173513683866}