{"VG_alpha": 1.2672644228249506, "VG_n": 1.5278721181647819, "thetaS": 0.49175018855473523, "Ks": 3.951722821718811e-07, "rootXDeformation": 0.16901104989476445, "rootZDeformation": 0.9641360344015972, "kcMax": 2.6174520914785555}