{"VG_alpha": 1.3561287922091825, "VG_n": 1.3789120180733812, "thetaS": 0.5, "Ks": 2.3320225228283564e-07, "rootXDeformation": 0.0351260842523308, "rootZDeformation": 0.7857318013991462, "kcMax": 1.8584134976518836}