{"VG_alpha": 1.695572888354824, "VG_n": 1.4846190118300107, "thetaS": 0.4922612852233264, "Ks": 7.974717367126499e-07, "rootXDeformation": 0.047796654589401855, "rootZDeformation": 0.7810528836202415, "kcMax": 2.911266677947668}