{"VG_alpha": 1.92092369534154, "VG_n": 1.4630595605689434, "thetaS": 0.5, "Ks": 2.3627516850944734e-06, "rootXDeformation": 0.10134067952007013, "rootZDeformation": 0.6619690368785396, "kcMax": 2.467847505760557}