{"VG_alpha": 1.8320035398000827, "VG_n": 1.407402223830092, "thetaS": 0.49856532131825954, "Ks": 1.9892382096376582e-06, "rootXDeformation": 0.0, "rootZDeformation": 0.772370152670455, "kcMax": 2.5724983015048393}