{"VG_alpha": 1.9421229536922917, "VG_n": 1.2918948640022334, "thetaS": 0.5, "Ks": 7.052297344655017e-07, "rootXDeformation": 0.1573090793616782, "rootZDeformation": 0.6696773884054564, "kcMax": 1.5}