{"VG_alpha": 1.9015396796378021, "VG_n": 1.325847102730092, "thetaS": 0.44218071078725707, "Ks": 8.522769704044094e-07, "rootXDeformation": 0.20126947054739658, "rootZDeformation": 0.7056669970562495, "kcMax": 2.667295839365561}