{"VG_alpha": 2.0159726500944535, "VG_n": 1.4108909927383384, "thetaS": 0.49125522995445353, "Ks": 7.90878502470802e-07, "rootXDeformation": 0.2243258593452832, "rootZDeformation": 0.8436165521778797, "kcMax": 1.8787944531885397}