{"VG_alpha": 2.2405731826205404, "VG_n": 1.4785802467946494, "thetaS": 0.49197647414307966, "Ks": 1.9020342094832457e-06, "rootXDeformation": 0.0, "rootZDeformation": 0.8080012224675094, "kcMax": 2.4849133485438575}