{"VG_alpha": 1.8163745917238718, "VG_n": 1.4663545544657652, "thetaS": 0.5, "Ks": 8.69609722127136e-07, "rootXDeformation": 0.0, "rootZDeformation": 0.5801102421630492, "kcMax": 2.7484878751688857}