{"VG_alpha": 1.4490402316377313, "VG_n": 1.3864606345915285, "thetaS": 0.31971220728188987, "Ks": 3.7426505090737755e-07, "rootXDeformation": 0.2124980796495849, "rootZDeformation": 0.758257227195032, "kcMax": 1.9623982079918907}