{"VG_alpha": 2.1617197659384537, "VG_n": 1.3198885044203326, "thetaS": 0.497786296866165, "Ks": 4.893635224890699e-07, "rootXDeformation": 0.26626492089917553, "rootZDeformation": 0.615027704220283, "kcMax": 1.909179223958399}