{"VG_alpha": 1.6467779119671457, "VG_n": 1.4040910159938857, "thetaS": 0.5, "Ks": 5.335338755492006e-07, "rootXDeformation": 0.19253270197505948, "rootZDeformation": 1.0, "kcMax": 2.1112438695050795}