{"VG_alpha": 1.691665584323597, "VG_n": 1.514613420901381, "thetaS": 0.5, "Ks": 4.055888122034245e-07, "rootXDeformation": 0.0, "rootZDeformation": 0.8987620456639084, "kcMax": 2.7145431585598523}