{"VG_alpha": 1.2992946457589387, "VG_n": 1.3431282949952943, "thetaS": 0.373439517736636, "Ks": 4.6770179885843644e-07, "rootXDeformation": 0.14557021885666738, "rootZDeformation": 0.579629256652623, "kcMax": 1.711748927018121}