{"VG_alpha": 2.062137101360631, "VG_n": 1.5469976450939598, "thetaS": 0.48628518682746974, "Ks": 1.6974612287464563e-06, "rootXDeformation": 0.0, "rootZDeformation": 0.936403237877899, "kcMax": 2.8536025936577465}