{"VG_alpha": 1.8170253972856254, "VG_n": 1.3590247990023863, "thetaS": 0.5, "Ks": 9.1919770744843e-07, "rootXDeformation": 0.14581056025011407, "rootZDeformation": 0.9610650158245979, "kcMax": 2.2041163115630193}