{"VG_alpha": 1.667246283984424, "VG_n": 1.489390046139651, "thetaS": 0.5, "Ks": 6.881668990913612e-07, "rootXDeformation": 0.0, "rootZDeformation": 0.966623148521435, "kcMax": 2.773329368527316}