{"VG_alpha": 1.7287192877736746, "VG_n": 1.5588003207687091, "thetaS": 0.5, "Ks": 1.2015879838246423e-06, "rootXDeformation": 0.024043646258004935, "rootZDeformation": 0.5396678376509301, "kcMax": 2.3655990913498246}