{"VG_alpha": 2.38227434132728, "VG_n": 1.2014360377108502, "thetaS": 0.37331147843049295, "Ks": 1.316634914450533e-06, "rootXDeformation": 0.40165434828589774, "rootZDeformation": 0.5437586655031332, "kcMax": 1.6028811474417366}