{"VG_alpha": 1.870414459030512, "VG_n": 1.5173904522327266, "thetaS": 0.5, "Ks": 1.2331715683678208e-06, "rootXDeformation": 0.0, "rootZDeformation": 0.7300519352426572, "kcMax": 2.558079105704822}