{"VG_alpha": 2.07220654317938, "VG_n": 1.4222070100612676, "thetaS": 0.5, "Ks": 1.2704606798748768e-06, "rootXDeformation": 0.10749370418110282, "rootZDeformation": 0.6838652834409211, "kcMax": 2.7044644279915713}