{"VG_alpha": 2.0217526566336392, "VG_n": 1.4701305701850154, "thetaS": 0.5, "Ks": 1.5836294466408366e-06, "rootXDeformation": 0.0, "rootZDeformation": 1.0, "kcMax": 2.403486862993458}