{"VG_alpha": 1.819905222719484, "VG_n": 1.5717213438965099, "thetaS": 0.48215616631787744, "Ks": 6.436191016704093e-07, "rootXDeformation": 0.0, "rootZDeformation": 0.7981348336067748, "kcMax": 2.648310705649087}