{"VG_alpha": 1.2796773293564392, "VG_n": 1.3929201695982583, "thetaS": 0.5, "Ks": 5.474219966216529e-07, "rootXDeformation": 0.1895601377327098, "rootZDeformation": 0.6718517918355, "kcMax": 1.8946449592167802}