{"VG_alpha": 1.9762688917305775, "VG_n": 1.38708836349682, "thetaS": 0.48216221515451385, "Ks": 1.074646094083995e-06, "rootXDeformation": 0.11229038491850522, "rootZDeformation": 1.0, "kcMax": 2.685578034408355}