{"VG_alpha": 1.6159457447845025, "VG_n": 1.4311968830103985, "thetaS": 0.4770636638365241, "Ks": 1.226865773485767e-06, "rootXDeformation": 0.28108119903311557, "rootZDeformation": 0.7716530387552347, "kcMax": 2.465617549688889}