{"VG_alpha": 1.9534107781763075, "VG_n": 1.5305940250145855, "thetaS": 0.5, "Ks": 8.431150016422547e-07, "rootXDeformation": 0.01751682475214246, "rootZDeformation": 0.7122839046523594, "kcMax": 2.2265265257452955}