{"VG_alpha": 2.0076017313870316, "VG_n": 1.4708862816170132, "thetaS": 0.49340957908497185, "Ks": 1.5706923611964767e-06, "rootXDeformation": 0.05805591253478491, "rootZDeformation": 0.6122184454607974, "kcMax": 2.281483854551097}