{"VG_alpha": 2.050079261004039, "VG_n": 1.465359535875375, "thetaS": 0.4816306606216805, "Ks": 1.8351648804809744e-06, "rootXDeformation": 0.1637208616175716, "rootZDeformation": 0.8925581888142547, "kcMax": 2.54142417241381}