{"VG_alpha": 2.176936699271452, "VG_n": 1.5589187785126448, "thetaS": 0.4738347752495605, "Ks": 1.342260175511627e-06, "rootXDeformation": 0.0, "rootZDeformation": 0.7000532674386611, "kcMax": 2.4288606328783358}