{"VG_alpha": 2.939055386434716, "VG_n": 1.3027749803427355, "thetaS": 0.410326755551774, "Ks": 6.678985517187821e-07, "rootXDeformation": 0.3501955586211294, "rootZDeformation": 0.39928352947766227, "kcMax": 1.6235469264455034}