{"VG_alpha": 1.552082040241567, "VG_n": 1.5445977688490025, "thetaS": 0.5, "Ks": 1.8836197178747742e-06, "rootXDeformation": 0.0375225878344416, "rootZDeformation": 0.706747358771677, "kcMax": 2.403942324732421}