{"VG_alpha": 2.0063969964013024, "VG_n": 1.3389240075032756, "thetaS": 0.4918392212828243, "Ks": 4.91129043928509e-07, "rootXDeformation": 0.11745290391853924, "rootZDeformation": 0.7885249896850496, "kcMax": 2.188971262526759}