{"VG_alpha": 1.3174323480861296, "VG_n": 1.3058507256587966, "thetaS": 0.40734943034261106, "Ks": 8.600857082693912e-07, "rootXDeformation": 0.19306705221271636, "rootZDeformation": 0.49672618504551475, "kcMax": 2.2320263923021026}