{"VG_alpha": 2.436335694743347, "VG_n": 1.3647577711203145, "thetaS": 0.4184096321868724, "Ks": 6.866755174632974e-07, "rootXDeformation": 0.4218769182885493, "rootZDeformation": 0.4860965420226213, "kcMax": 1.5}