{"VG_alpha": 1.480835164932942, "VG_n": 1.3457380263188954, "thetaS": 0.49316156561931646, "Ks": 2.5997205440348743e-07, "rootXDeformation": 0.02509317557590525, "rootZDeformation": 0.7533954945219176, "kcMax": 1.5807911022678305}