{"VG_alpha": 1.5210778532120401, "VG_n": 1.2837885041090977, "thetaS": 0.4870836652210525, "Ks": 3.432294163705682e-07, "rootXDeformation": 0.14520295636865524, "rootZDeformation": 0.9956095614911441, "kcMax": 1.7751376848708857}