{"VG_alpha": 1.7108474850342164, "VG_n": 1.401046092236566, "thetaS": 0.39069450915378734, "Ks": 3.9228728673731293e-07, "rootXDeformation": 0.5395732007401284, "rootZDeformation": 0.6736995852834012, "kcMax": 2.2891018031802632}