{"VG_alpha": 2.188746877819457, "VG_n": 1.4901831356164508, "thetaS": 0.4746952414489369, "Ks": 8.073349958061175e-07, "rootXDeformation": 0.0, "rootZDeformation": 0.7533565117136374, "kcMax": 2.712215886677223}