{"VG_alpha": 1.8060734963770302, "VG_n": 1.4916777922319702, "thetaS": 0.5, "Ks": 8.435544777590424e-07, "rootXDeformation": 0.0, "rootZDeformation": 0.8136640449025967, "kcMax": 2.5062882184596673}