{"VG_alpha": 1.712168080522125, "VG_n": 1.3459478942292027, "thetaS": 0.4587758207474649, "Ks": 1.5951225996336381e-06, "rootXDeformation": 0.2296271268789714, "rootZDeformation": 0.8782070231957978, "kcMax": 2.682440888401821}