{"VG_alpha": 1.7777746683971662, "VG_n": 1.4850035848115155, "thetaS": 0.5, "Ks": 6.096293477719017e-07, "rootXDeformation": 0.1598556284510713, "rootZDeformation": 0.9618361983608127, "kcMax": 2.480588462789263}