{"VG_alpha": 1.4633399248043484, "VG_n": 1.3205192057617028, "thetaS": 0.3366194906443233, "Ks": 4.79314207006161e-07, "rootXDeformation": 0.30248792618211734, "rootZDeformation": 0.8326087899489515, "kcMax": 1.812349342973132}