{"VG_alpha": 2.1461946710788617, "VG_n": 1.4780075115094695, "thetaS": 0.4950015704432572, "Ks": 1.6667762854978971e-06, "rootXDeformation": 0.07353854608629307, "rootZDeformation": 0.591127090932566, "kcMax": 2.7276404517429222}