{"VG_alpha": 2.0100714064496117, "VG_n": 1.4497630517895164, "thetaS": 0.48574066855998566, "Ks": 1.1795601301702487e-06, "rootXDeformation": 0.0, "rootZDeformation": 0.769665687163684, "kcMax": 2.430235252466657}