{"VG_alpha": 2.3372828587935537, "VG_n": 1.2229938081983565, "thetaS": 0.44442642199869054, "Ks": 6.532016251316748e-07, "rootXDeformation": 0.42337545821614253, "rootZDeformation": 0.2450414494309449, "kcMax": 1.7579549798423844}