LAI,kc_max,plant_max_distance,roots_deformation,roots_depth,water_table
3.009862164752424,1.0125708769342483,2.132979855915805,0.47646597864207907,1.0704588522499734,1.5721626000943643
