LAI,kc_max,plant_max_distance,roots_deformation,roots_depth,water_table
3.462143713380314,0.801344927962441,2.8079935452946194,1.3789038847043356,0.8092866052124229,1.5423035847803042
