{"VG_alpha": 1.915541089523567, "VG_n": 1.5738819751526612, "thetaS": 0.5, "Ks": 1.0405880056781003e-06, "rootXDeformation": 0.0, "rootZDeformation": 0.8871964487729438, "kcMax": 2.531905088977071}