{"VG_alpha": 1.981067402713657, "VG_n": 1.5828459416860394, "thetaS": 0.5, "Ks": 7.905141637094931e-07, "rootXDeformation": 0.12344744859870108, "rootZDeformation": 0.6307518201186925, "kcMax": 2.4484682879342925}