{"VG_alpha": 1.5241379329139877, "VG_n": 1.4935469206321401, "thetaS": 0.4918512849942981, "Ks": 1.5088834287595811e-06, "rootXDeformation": 0.0, "rootZDeformation": 0.6469546510853567, "kcMax": 2.454032190578274}