{"VG_alpha": 2.284347209280637, "VG_n": 1.5419926898080274, "thetaS": 0.5, "Ks": 1.656851349666865e-06, "rootXDeformation": 0.03775560991602757, "rootZDeformation": 0.8582605523942485, "kcMax": 2.539020165657883}