{"VG_alpha": 1.8646430841742379, "VG_n": 1.50361313979381, "thetaS": 0.5, "Ks": 2.031131158129126e-06, "rootXDeformation": 0.1478377601271766, "rootZDeformation": 0.7931158179751702, "kcMax": 2.5698247949956787}