{"VG_alpha": 2.1889752939545963, "VG_n": 1.5688878469057066, "thetaS": 0.48684424830066897, "Ks": 1.670019334429001e-06, "rootXDeformation": 0.0, "rootZDeformation": 0.7543705785366289, "kcMax": 2.7782329758334456}