{"VG_alpha": 2.121366128712757, "VG_n": 1.5416223541161076, "thetaS": 0.5, "Ks": 1.399664305464771e-06, "rootXDeformation": 0.0, "rootZDeformation": 0.8265500431663586, "kcMax": 2.428614673921011}