{"VG_alpha": 1.8633116583125777, "VG_n": 1.4207341906986923, "thetaS": 0.47927709431708226, "Ks": 9.720967699495663e-07, "rootXDeformation": 0.30366404669910585, "rootZDeformation": 0.4773122967679162, "kcMax": 2.308698666871731}