{"VG_alpha": 1.9062169272794125, "VG_n": 1.5807311457380457, "thetaS": 0.4733353905961942, "Ks": 1.7075261265892548e-06, "rootXDeformation": 0.11871697289301729, "rootZDeformation": 0.6344851445853948, "kcMax": 2.662495945037567}