{"VG_alpha": 1.6898276346971746, "VG_n": 1.3805676234814745, "thetaS": 0.5, "Ks": 7.539820648934414e-07, "rootXDeformation": 0.15560990616452153, "rootZDeformation": 0.8991303462725923, "kcMax": 2.137935052287715}