{"VG_alpha": 2.5551868480110116, "VG_n": 1.3387662376856944, "thetaS": 0.3786879843067049, "Ks": 5.427456201620966e-07, "rootXDeformation": 0.43171002778882483, "rootZDeformation": 0.5149538166810719, "kcMax": 1.5}