{"VG_alpha": 1.7504322460995418, "VG_n": 1.5606329028951418, "thetaS": 0.4839654197275624, "Ks": 6.869024070395516e-07, "rootXDeformation": 0.0585692647763253, "rootZDeformation": 0.679110886634033, "kcMax": 2.339129666565835}