{"VG_alpha": 2.0889503582412194, "VG_n": 1.484027980191247, "thetaS": 0.46135061163160324, "Ks": 1.6462031211157562e-06, "rootXDeformation": 0.20560735946631664, "rootZDeformation": 0.4483156616296673, "kcMax": 2.3003137980353996}