{"VG_alpha": 1.934755421683994, "VG_n": 1.543103112233483, "thetaS": 0.49575250463609644, "Ks": 1.8027432218374588e-06, "rootXDeformation": 0.21700331104707646, "rootZDeformation": 0.6464398255827177, "kcMax": 2.6098699929499767}