{"VG_alpha": 1.6276483147472063, "VG_n": 1.3667282405638939, "thetaS": 0.47903530941379324, "Ks": 6.334038363526419e-07, "rootXDeformation": 0.0, "rootZDeformation": 0.7801683996123467, "kcMax": 2.1094158546475317}