{"VG_alpha": 1.6883265335759248, "VG_n": 1.4881054531428126, "thetaS": 0.5, "Ks": 6.563016014521386e-07, "rootXDeformation": 0.0, "rootZDeformation": 0.9620893919027284, "kcMax": 2.5492487731282703}