{"VG_alpha": 1.9903966719614823, "VG_n": 1.4741480015703115, "thetaS": 0.5, "Ks": 2.2138692504875574e-06, "rootXDeformation": 0.0, "rootZDeformation": 0.7809929838512815, "kcMax": 2.777028544843809}