{"VG_alpha": 1.632665219459609, "VG_n": 1.4990929037544347, "thetaS": 0.5, "Ks": 8.278254664560499e-07, "rootXDeformation": 0.00705167223512675, "rootZDeformation": 0.870787233640614, "kcMax": 2.443944156662302}