{"VG_alpha": 1.7676283854952153, "VG_n": 1.5644024183359275, "thetaS": 0.4188901988236932, "Ks": 3.549877918515457e-07, "rootXDeformation": 0.02640229846148273, "rootZDeformation": 0.6482399925552847, "kcMax": 1.8238152882484666}