{"VG_alpha": 1.799353707891571, "VG_n": 1.50078443562374, "thetaS": 0.4549929095780816, "Ks": 9.675838135846618e-07, "rootXDeformation": 0.10226614018747938, "rootZDeformation": 0.7761400034441943, "kcMax": 2.5721588710745475}