{"VG_alpha": 2.004942751408051, "VG_n": 1.4398102363361913, "thetaS": 0.48769368967177273, "Ks": 1.457897137787484e-06, "rootXDeformation": 0.0, "rootZDeformation": 0.8178613819633329, "kcMax": 2.797854222063987}