{"VG_alpha": 2.6059609716580754, "VG_n": 1.267652527784731, "thetaS": 0.4163978309073027, "Ks": 6.17498280359653e-07, "rootXDeformation": 0.335219525303349, "rootZDeformation": 0.32878731022282254, "kcMax": 1.5}