{"VG_alpha": 1.8424179553823683, "VG_n": 1.2037559244190768, "thetaS": 0.3927420042259599, "Ks": 2.807033175243876e-06, "rootXDeformation": 0.5924731455933687, "rootZDeformation": 0.47253416167226603, "kcMax": 1.9151832048259725}