{"VG_alpha": 2.3548221968603436, "VG_n": 1.4523296191060617, "thetaS": 0.4443174365862985, "Ks": 1.174052673215213e-06, "rootXDeformation": 0.20083420323230736, "rootZDeformation": 0.35010769057348545, "kcMax": 2.057447727122611}