{"VG_alpha": 2.432096146334941, "VG_n": 1.485497799076868, "thetaS": 0.47202779368967834, "Ks": 1.1304053444212326e-06, "rootXDeformation": 0.26005277087690876, "rootZDeformation": 0.5531857024963, "kcMax": 2.4736822328378643}