{"VG_alpha": 1.587845225839528, "VG_n": 1.5641624456232628, "thetaS": 0.5, "Ks": 1.286139738161555e-06, "rootXDeformation": 0.0, "rootZDeformation": 0.8479260392199299, "kcMax": 2.6774032934102094}