{"VG_alpha": 2.636497988930253, "VG_n": 1.2815996432640844, "thetaS": 0.3771249804071761, "Ks": 5.252816678229387e-07, "rootXDeformation": 0.4953849326131524, "rootZDeformation": 0.4469978391872205, "kcMax": 1.8435258756587571}