{"VG_alpha": 1.8447092085594003, "VG_n": 1.592574869065687, "thetaS": 0.5, "Ks": 1.0783185691162526e-06, "rootXDeformation": 0.0, "rootZDeformation": 0.6486484019710166, "kcMax": 2.8378788303540534}