{"VG_alpha": 1.6124664397017803, "VG_n": 1.3260807976452598, "thetaS": 0.48959433635457555, "Ks": 7.41861119048694e-07, "rootXDeformation": 0.27353316382487625, "rootZDeformation": 0.9152028014870016, "kcMax": 1.8950171027832967}