{"VG_alpha": 1.5638922187895723, "VG_n": 1.4758621259528084, "thetaS": 0.5, "Ks": 1.132948846114058e-06, "rootXDeformation": 0.11682523243843572, "rootZDeformation": 0.7600506030466533, "kcMax": 2.6872975785313082}