{"VG_alpha": 2.114704453391462, "VG_n": 1.4502178962652152, "thetaS": 0.4926669868633325, "Ks": 6.711168718530468e-07, "rootXDeformation": 0.0, "rootZDeformation": 0.7028927942281125, "kcMax": 2.633731637326945}