{"VG_alpha": 1.0, "VG_n": 1.3603404585098902, "thetaS": 0.35959189289571625, "Ks": 4.4928657312010417e-07, "rootXDeformation": 0.13196960121178974, "rootZDeformation": 0.8214170602778665, "kcMax": 1.9339795304141991}