{"VG_alpha": 1.8155181672266631, "VG_n": 1.5120833615634768, "thetaS": 0.46587941906564434, "Ks": 1.5587443064282427e-06, "rootXDeformation": 0.09764781066387265, "rootZDeformation": 0.6332981658731918, "kcMax": 2.3594591620416336}