{"VG_alpha": 1.7101464615581863, "VG_n": 1.4951837033321802, "thetaS": 0.5, "Ks": 1.032343627439854e-06, "rootXDeformation": 0.0, "rootZDeformation": 0.7310834768943657, "kcMax": 2.4425935739635865}