{"VG_alpha": 1.7083080009083078, "VG_n": 1.4889802047896623, "thetaS": 0.4955116774521, "Ks": 4.481801974981759e-07, "rootXDeformation": 0.0, "rootZDeformation": 0.8270074467951741, "kcMax": 2.6696150111568926}