{"VG_alpha": 1.7328773574272034, "VG_n": 1.3570442309690633, "thetaS": 0.46184505061077, "Ks": 1.0655161372758113e-06, "rootXDeformation": 0.11868711035398358, "rootZDeformation": 0.7560967817631141, "kcMax": 2.164626235070351}