{"VG_alpha": 1.6880428445480513, "VG_n": 1.6, "thetaS": 0.49651873723170514, "Ks": 9.780009060406086e-07, "rootXDeformation": 0.04741534627379146, "rootZDeformation": 0.6030444305627043, "kcMax": 2.6216517873808636}