{"VG_alpha": 1.6741782077719347, "VG_n": 1.550375390275672, "thetaS": 0.4985717256899008, "Ks": 1.0314079302247593e-06, "rootXDeformation": 0.0, "rootZDeformation": 0.6753950017857081, "kcMax": 2.3018117576177155}