{"VG_alpha": 2.007857608535534, "VG_n": 1.5380585152437891, "thetaS": 0.5, "Ks": 1.5360797663015627e-06, "rootXDeformation": 0.16393363177219797, "rootZDeformation": 0.6096207001326656, "kcMax": 2.4775913996595023}