{"VG_alpha": 1.6834994085598503, "VG_n": 1.563257383920182, "thetaS": 0.49887991943570725, "Ks": 9.836245918183363e-07, "rootXDeformation": 0.055287675141613854, "rootZDeformation": 0.6009848204456056, "kcMax": 2.5901990292449426}