{"VG_alpha": 1.9273706035096512, "VG_n": 1.5497774532553952, "thetaS": 0.4548129039288026, "Ks": 1.3741388063391197e-06, "rootXDeformation": 0.03693119149922908, "rootZDeformation": 0.39076634884911526, "kcMax": 2.143344319035594}