{"VG_alpha": 1.9930597607469775, "VG_n": 1.54942646908825, "thetaS": 0.5, "Ks": 8.348601090761146e-07, "rootXDeformation": 0.030474992962458307, "rootZDeformation": 0.6543986690874491, "kcMax": 2.6130786980114373}