{"VG_alpha": 1.3636826192998959, "VG_n": 1.3502442542246107, "thetaS": 0.5, "Ks": 7.188069373550402e-07, "rootXDeformation": 0.08689395298375986, "rootZDeformation": 0.9546441403673048, "kcMax": 2.3970756513868907}