{"VG_alpha": 2.024352045415634, "VG_n": 1.4958571328158037, "thetaS": 0.484172701505049, "Ks": 2.4247486474498683e-06, "rootXDeformation": 0.0, "rootZDeformation": 0.8308111663985184, "kcMax": 2.6505394247181435}