{"VG_alpha": 1.864301416410644, "VG_n": 1.3322582600346498, "thetaS": 0.4633593284866979, "Ks": 4.938415221645538e-07, "rootXDeformation": 0.04460157271511134, "rootZDeformation": 0.3488474934012018, "kcMax": 2.028655735457124}