{"VG_alpha": 1.6850878426271043, "VG_n": 1.5813215366336462, "thetaS": 0.5, "Ks": 8.326762159802655e-07, "rootXDeformation": 0.0, "rootZDeformation": 0.7645504349254135, "kcMax": 2.4967397573014294}