{"VG_alpha": 1.7820312663567217, "VG_n": 1.5084410470782414, "thetaS": 0.5, "Ks": 1.3784112050857501e-06, "rootXDeformation": 0.12860932658303653, "rootZDeformation": 0.6550994852137824, "kcMax": 2.4083822122298058}