{"VG_alpha": 1.654110003227243, "VG_n": 1.5519183025275864, "thetaS": 0.5, "Ks": 1.6820914665688308e-06, "rootXDeformation": 0.0, "rootZDeformation": 0.7282693068654807, "kcMax": 2.428690760523367}