{"VG_alpha": 1.8221991259004024, "VG_n": 1.499423130067416, "thetaS": 0.47727324714580643, "Ks": 1.1578889938023364e-06, "rootXDeformation": 0.0, "rootZDeformation": 0.6910346511572923, "kcMax": 2.3020201778601512}