{"VG_alpha": 2.496909223615318, "VG_n": 1.271430100650469, "thetaS": 0.42085820168247295, "Ks": 6.283795564740146e-07, "rootXDeformation": 0.6286571764978993, "rootZDeformation": 0.26973901775275255, "kcMax": 1.8034456169078954}