{"VG_alpha": 2.1798458372286458, "VG_n": 1.5229125752382178, "thetaS": 0.5, "Ks": 7.236502942034361e-07, "rootXDeformation": 0.0, "rootZDeformation": 0.793181281484103, "kcMax": 2.579487295872206}