{"VG_alpha": 2.1324825019550238, "VG_n": 1.4712738621808845, "thetaS": 0.47415197677206977, "Ks": 1.255726203510435e-06, "rootXDeformation": 0.12686121388557106, "rootZDeformation": 0.8014302475238546, "kcMax": 2.438010254857205}