{"VG_alpha": 2.130989284843767, "VG_n": 1.5108444428410244, "thetaS": 0.5, "Ks": 5.674010723262117e-07, "rootXDeformation": 0.049110835678361525, "rootZDeformation": 0.7460126421020108, "kcMax": 2.447080621267332}