{"VG_alpha": 1.9660187308125456, "VG_n": 1.5601893200275723, "thetaS": 0.49524686976745924, "Ks": 1.7111302164280396e-06, "rootXDeformation": 0.0, "rootZDeformation": 0.7810260834481663, "kcMax": 2.455747154057309}