{"VG_alpha": 1.5882195862136534, "VG_n": 1.592955944827279, "thetaS": 0.4939664333257243, "Ks": 1.7402764390431602e-06, "rootXDeformation": 0.07608803381954199, "rootZDeformation": 0.6212756897094713, "kcMax": 2.557919014544354}