{"VG_alpha": 1.9973291055728493, "VG_n": 1.5725060271243523, "thetaS": 0.4814982380854815, "Ks": 1.4852125926398308e-06, "rootXDeformation": 0.2504293306829286, "rootZDeformation": 0.5502039865130366, "kcMax": 2.473114835860687}