{"VG_alpha": 2.3623825492557757, "VG_n": 1.4559725988190173, "thetaS": 0.45682180419756213, "Ks": 1.7385691192553598e-06, "rootXDeformation": 0.31356690826876066, "rootZDeformation": 0.2633331573861428, "kcMax": 2.2411684340291655}