{"VG_alpha": 1.318402417837957, "VG_n": 1.3414035788959608, "thetaS": 0.3892994285094076, "Ks": 3.1444419606588823e-07, "rootXDeformation": 0.2770964874347811, "rootZDeformation": 0.4817965816860722, "kcMax": 2.105110929684699}