{"VG_alpha": 2.0121096302873496, "VG_n": 1.4759805836967441, "thetaS": 0.4861698652672183, "Ks": 1.2655853233404848e-06, "rootXDeformation": 0.0, "rootZDeformation": 0.9204360328343844, "kcMax": 2.7505591200598194}