{"VG_alpha": 1.8346119907816116, "VG_n": 1.4540497587274075, "thetaS": 0.5, "Ks": 8.905937621395811e-07, "rootXDeformation": 0.0, "rootZDeformation": 0.8256187258999196, "kcMax": 2.453662266372077}