{"VG_alpha": 1.8512702447261162, "VG_n": 1.4487603451556308, "thetaS": 0.4700243222884192, "Ks": 7.698378498913257e-07, "rootXDeformation": 0.17253361373355153, "rootZDeformation": 0.4848728495655428, "kcMax": 2.203807666601845}