{"VG_alpha": 1.9135716066947954, "VG_n": 1.5494856073219914, "thetaS": 0.4631355101183821, "Ks": 2.1385731379758904e-06, "rootXDeformation": 0.09318799327928942, "rootZDeformation": 0.7092441277858921, "kcMax": 2.547692147764163}