{"VG_alpha": 1.538168107210355, "VG_n": 1.4887744091055182, "thetaS": 0.47955087246730416, "Ks": 1.2900106755484704e-06, "rootXDeformation": 0.11808092300740487, "rootZDeformation": 1.0, "kcMax": 2.4360565817388853}