{"VG_alpha": 2.0262513436398777, "VG_n": 1.4224630477394824, "thetaS": 0.4790791369986766, "Ks": 1.463767096380106e-06, "rootXDeformation": 0.17165657431574383, "rootZDeformation": 0.8620341605388372, "kcMax": 2.6146418345805635}