{"VG_alpha": 1.6848282646203876, "VG_n": 1.518691661734671, "thetaS": 0.5, "Ks": 9.656408927874779e-07, "rootXDeformation": 0.0, "rootZDeformation": 0.8471262196472665, "kcMax": 2.5062230984157816}