{"VG_alpha": 2.5634497665250766, "VG_n": 1.1931658858192309, "thetaS": 0.40224845054194763, "Ks": 1.749896643776589e-06, "rootXDeformation": 0.5540788432497235, "rootZDeformation": 0.338204885053642, "kcMax": 1.6411457202754085}