{"VG_alpha": 2.157227960104486, "VG_n": 1.5952507423061197, "thetaS": 0.5, "Ks": 1.1739752119291493e-06, "rootXDeformation": 0.0, "rootZDeformation": 0.7574400189333024, "kcMax": 2.7913309262509594}