{"VG_alpha": 1.745804570147498, "VG_n": 1.482558161305626, "thetaS": 0.45067342957352813, "Ks": 2.3973566025192215e-06, "rootXDeformation": 0.1511619480557245, "rootZDeformation": 0.34344562076303464, "kcMax": 2.126945363232935}