{"VG_alpha": 2.1334817266798165, "VG_n": 1.5028005245527765, "thetaS": 0.4774634335801525, "Ks": 1.921346047492439e-06, "rootXDeformation": 0.4401297881503007, "rootZDeformation": 0.38679370106810884, "kcMax": 2.251410223887018}