{"VG_alpha": 1.705197093108741, "VG_n": 1.539607478885787, "thetaS": 0.4835449091109202, "Ks": 1.661560231895443e-06, "rootXDeformation": 0.0, "rootZDeformation": 0.9478830122151555, "kcMax": 2.586386006900425}