{"VG_alpha": 1.8907197892906702, "VG_n": 1.5758568284069028, "thetaS": 0.5, "Ks": 9.437222415078169e-07, "rootXDeformation": 0.15428537872631262, "rootZDeformation": 0.5878229367339181, "kcMax": 2.6746430485424}