{"VG_alpha": 2.089647661649389, "VG_n": 1.555744818766958, "thetaS": 0.4874944116288907, "Ks": 7.788535193725363e-07, "rootXDeformation": 0.004304735898154575, "rootZDeformation": 0.7004810668925756, "kcMax": 2.526742694165159}