{"VG_alpha": 2.2093287370171484, "VG_n": 1.529779662749576, "thetaS": 0.46764944037192935, "Ks": 1.8910711649342153e-06, "rootXDeformation": 0.21051652461801917, "rootZDeformation": 0.295095648040027, "kcMax": 2.031571341461982}