{"VG_alpha": 1.8751690879725782, "VG_n": 1.4488557591727484, "thetaS": 0.49125015930551513, "Ks": 1.9530045492205264e-06, "rootXDeformation": 0.1194555949835953, "rootZDeformation": 0.8825685789897457, "kcMax": 2.41010508211946}