{"VG_alpha": 2.138822635468972, "VG_n": 1.4776830612013512, "thetaS": 0.499114383102783, "Ks": 1.1115962726603157e-06, "rootXDeformation": 0.0, "rootZDeformation": 0.735763275433881, "kcMax": 2.8374494896639377}