{"VG_alpha": 1.837838692354592, "VG_n": 1.2777463204536765, "thetaS": 0.490456844491939, "Ks": 1.041632215105609e-06, "rootXDeformation": 0.17263407603011827, "rootZDeformation": 0.9638002274688776, "kcMax": 2.270499028775019}