{"VG_alpha": 1.094052581220571, "VG_n": 1.3857259855050892, "thetaS": 0.3833041694547684, "Ks": 2.9175411873889814e-07, "rootXDeformation": 0.45039600531118745, "rootZDeformation": 0.7091110337493838, "kcMax": 1.887890503235878}