{"VG_alpha": 1.9354307756733826, "VG_n": 1.5060087806379245, "thetaS": 0.5, "Ks": 1.6912356585551208e-06, "rootXDeformation": 0.0027308938111452554, "rootZDeformation": 0.7025449322115302, "kcMax": 2.7155772044359456}