{"VG_alpha": 2.3266304717563226, "VG_n": 1.5192956152268633, "thetaS": 0.45267690097478724, "Ks": 3.5202019702640133e-06, "rootXDeformation": 0.23868110519908176, "rootZDeformation": 0.4117584736937918, "kcMax": 2.396819929468954}