{"VG_alpha": 1.7164768726453903, "VG_n": 1.5389237716496496, "thetaS": 0.5, "Ks": 6.27162785977878e-07, "rootXDeformation": 0.09171120797528964, "rootZDeformation": 0.629292704086796, "kcMax": 2.4656187866915005}