{"VG_alpha": 1.5101087679703977, "VG_n": 1.4876782285111072, "thetaS": 0.5, "Ks": 1.5201559242470042e-06, "rootXDeformation": 0.11646575826383009, "rootZDeformation": 0.8599813900723201, "kcMax": 2.577191026568661}