{"VG_alpha": 2.043838683149673, "VG_n": 1.246961442913171, "thetaS": 0.4991125869176784, "Ks": 4.6689622031567995e-07, "rootXDeformation": 0.1398096679978233, "rootZDeformation": 0.6152413472727701, "kcMax": 1.6534949453622192}