{"VG_alpha": 1.8347558673294324, "VG_n": 1.6, "thetaS": 0.4981900266590137, "Ks": 1.0862511483692482e-06, "rootXDeformation": 0.06809187547378018, "rootZDeformation": 0.7211676276464143, "kcMax": 2.59730273569765}