{"VG_alpha": 2.4940203874945808, "VG_n": 1.456428086489765, "thetaS": 0.4660988673787266, "Ks": 1.591763300821865e-06, "rootXDeformation": 0.15417211863140093, "rootZDeformation": 0.11943473306535005, "kcMax": 2.3883301743754313}