{"VG_alpha": 2.1805716109095896, "VG_n": 1.3955499332581418, "thetaS": 0.441202985177725, "Ks": 1.8246443165112842e-06, "rootXDeformation": 0.16078538824970467, "rootZDeformation": 0.346427336746298, "kcMax": 2.1275127602101116}