{"VG_alpha": 1.619462789348267, "VG_n": 1.4931585503493456, "thetaS": 0.4732117771337853, "Ks": 1.0864834597077084e-06, "rootXDeformation": 0.12659777527506308, "rootZDeformation": 0.6335538273189558, "kcMax": 2.687543537488633}