{"VG_alpha": 1.8570351254811053, "VG_n": 1.5482881102657966, "thetaS": 0.4617706149921568, "Ks": 9.702831779393292e-07, "rootXDeformation": 0.02502214111400596, "rootZDeformation": 0.9306904105278084, "kcMax": 2.8156594573261295}