{"VG_alpha": 1.2955350872721456, "VG_n": 1.337654047639235, "thetaS": 0.36122227189193756, "Ks": 4.3541705390454036e-07, "rootXDeformation": 0.25506921204052974, "rootZDeformation": 0.679374309994031, "kcMax": 2.0257831622478233}