{"VG_alpha": 2.135443819242823, "VG_n": 1.3583451472842385, "thetaS": 0.47988032720557494, "Ks": 5.365101170534541e-07, "rootXDeformation": 0.018370456394348464, "rootZDeformation": 0.28262364700418885, "kcMax": 2.221664890516965}