{"VG_alpha": 1.8909854702736777, "VG_n": 1.3333854802021117, "thetaS": 0.4850995687734387, "Ks": 3.5806793954829974e-07, "rootXDeformation": 0.0, "rootZDeformation": 0.9806740489590098, "kcMax": 1.8240811953387652}