{"VG_alpha": 1.5949473243548682, "VG_n": 1.3934465038632862, "thetaS": 0.49932644343182364, "Ks": 4.1463240340270316e-07, "rootXDeformation": 0.07614351665407072, "rootZDeformation": 0.7095765362911244, "kcMax": 1.9155371126874652}