{"VG_alpha": 1.4641679661099356, "VG_n": 1.4340653862657629, "thetaS": 0.4942052439505401, "Ks": 4.911842894802156e-07, "rootXDeformation": 0.0345836457560688, "rootZDeformation": 1.0, "kcMax": 2.5483139293886468}