{"VG_alpha": 1.9350586771658835, "VG_n": 1.440772746329896, "thetaS": 0.4828926830028003, "Ks": 1.9005474692668452e-06, "rootXDeformation": 0.06788317436611732, "rootZDeformation": 0.7960732693758172, "kcMax": 2.7444728923089383}