{"VG_alpha": 2.366469610616914, "VG_n": 1.4777038017106958, "thetaS": 0.4898871863757351, "Ks": 1.2596267272596582e-06, "rootXDeformation": 0.12584296850504537, "rootZDeformation": 0.4620937420755879, "kcMax": 2.096785350729945}