{"VG_alpha": 1.7748101872484785, "VG_n": 1.474591584437881, "thetaS": 0.5, "Ks": 8.887179376711706e-07, "rootXDeformation": 0.2113896902974839, "rootZDeformation": 0.6790777870371482, "kcMax": 2.660411057352335}