{"VG_alpha": 1.8551212775180217, "VG_n": 1.4456826535717346, "thetaS": 0.4760456058579213, "Ks": 6.993320347943305e-07, "rootXDeformation": 0.12368383708245112, "rootZDeformation": 1.0, "kcMax": 2.8209042817322527}