{"VG_alpha": 2.102619332138925, "VG_n": 1.2536750187220798, "thetaS": 0.47355137819376514, "Ks": 6.385466562336332e-07, "rootXDeformation": 0.06599883176439506, "rootZDeformation": 0.8950789741256127, "kcMax": 2.405794601239691}