{"VG_alpha": 1.9822938468424476, "VG_n": 1.5511779684789375, "thetaS": 0.49207050143979114, "Ks": 1.2213341372689843e-06, "rootXDeformation": 0.058658309442492784, "rootZDeformation": 0.9213575901792314, "kcMax": 2.95284833561736}