{"VG_alpha": 1.8041252476113119, "VG_n": 1.4825905700354187, "thetaS": 0.4819655312650638, "Ks": 1.2107172303166935e-06, "rootXDeformation": 0.12058230060600515, "rootZDeformation": 0.8284578405224474, "kcMax": 2.5734441554417025}