{"VG_alpha": 1.5518536241064278, "VG_n": 1.4658930575597466, "thetaS": 0.5, "Ks": 9.105955156804818e-07, "rootXDeformation": 0.02836616872496399, "rootZDeformation": 0.7057332919486855, "kcMax": 2.3379252355761984}