{"VG_alpha": 2.164905528663801, "VG_n": 1.5165482467709164, "thetaS": 0.4285685626058689, "Ks": 3.209050573988819e-06, "rootXDeformation": 0.22705153880769596, "rootZDeformation": 0.5074479899892792, "kcMax": 2.2589238815044483}