{"VG_alpha": 1.0545402738459349, "VG_n": 1.219892351103788, "thetaS": 0.47063147627833896, "Ks": 4.483462283828519e-07, "rootXDeformation": 0.501707860190165, "rootZDeformation": 0.6503210717741763, "kcMax": 2.27885062992199}