{"VG_alpha": 2.05574107543392, "VG_n": 1.453459367831807, "thetaS": 0.4895456480970754, "Ks": 1.826294648323175e-06, "rootXDeformation": 0.1677420380768665, "rootZDeformation": 0.6955534355599009, "kcMax": 2.6194184541082146}