{"VG_alpha": 1.6461693418428327, "VG_n": 1.4560875823821957, "thetaS": 0.5, "Ks": 2.0404317997242625e-06, "rootXDeformation": 0.0, "rootZDeformation": 0.8250100083942087, "kcMax": 2.854713730779665}