{"VG_alpha": 1.9808795385042073, "VG_n": 1.4465005961385167, "thetaS": 0.48108877298788144, "Ks": 1.0934833876628128e-06, "rootXDeformation": 0.0, "rootZDeformation": 0.8456374404817563, "kcMax": 2.656756455814292}