{"VG_alpha": 2.096784146513602, "VG_n": 1.5088182672750552, "thetaS": 0.48598942131190614, "Ks": 8.054021969818293e-07, "rootXDeformation": 0.10115805112388515, "rootZDeformation": 0.4818211051832571, "kcMax": 2.3791319496592567}