{"VG_alpha": 1.7597615153473671, "VG_n": 1.4519349627794138, "thetaS": 0.4860980617303425, "Ks": 1.9237000256830303e-06, "rootXDeformation": 0.0, "rootZDeformation": 0.829352050366622, "kcMax": 2.6676899234753515}