{"VG_alpha": 1.4963076663465187, "VG_n": 1.4930958815600317, "thetaS": 0.5, "Ks": 1.1008087822161588e-06, "rootXDeformation": 0.0, "rootZDeformation": 0.6843925580376675, "kcMax": 2.436088460616705}