{"VG_alpha": 2.2269641737561297, "VG_n": 1.3676277523811817, "thetaS": 0.49068779065980667, "Ks": 5.838054578136367e-07, "rootXDeformation": 0.4214727363459851, "rootZDeformation": 0.49300592589679065, "kcMax": 2.1064325935398625}