{"VG_alpha": 1.511322347215502, "VG_n": 1.5129219293237872, "thetaS": 0.49736801023315697, "Ks": 1.7952394558035027e-06, "rootXDeformation": 0.09709250344140033, "rootZDeformation": 0.7586555539326281, "kcMax": 2.7530827494031085}