{"VG_alpha": 1.9385124610681828, "VG_n": 1.4575502763145396, "thetaS": 0.4415793060678129, "Ks": 1.398122633655377e-06, "rootXDeformation": 0.34047366160562975, "rootZDeformation": 0.17008805489419843, "kcMax": 2.5630406838613844}