{"VG_alpha": 1.9685719794652905, "VG_n": 1.438276297632918, "thetaS": 0.4550517828912772, "Ks": 1.4330421647910478e-06, "rootXDeformation": 0.2006981943146141, "rootZDeformation": 0.6015356752193075, "kcMax": 2.569056254608817}