{"VG_alpha": 2.002509848946815, "VG_n": 1.4248326580823956, "thetaS": 0.5, "Ks": 1.3179544653781932e-06, "rootXDeformation": 0.25700196209819937, "rootZDeformation": 0.2466393392597808, "kcMax": 2.6395811141245513}