{"VG_alpha": 2.103930380847282, "VG_n": 1.503513157222224, "thetaS": 0.4890521243523839, "Ks": 1.2027689424336166e-06, "rootXDeformation": 0.32853628126385165, "rootZDeformation": 0.31371675114271474, "kcMax": 2.1598086232215037}