{"VG_alpha": 1.7329713095254902, "VG_n": 1.4967223892216641, "thetaS": 0.4748872620645986, "Ks": 9.899955395494778e-07, "rootXDeformation": 0.0, "rootZDeformation": 0.8504831703526489, "kcMax": 2.6385668117501417}