{"VG_alpha": 1.456481708780387, "VG_n": 1.4927882146574258, "thetaS": 0.49647894018588135, "Ks": 9.178325607402941e-07, "rootXDeformation": 0.0, "rootZDeformation": 0.601843318091066, "kcMax": 2.577138045751761}