{"VG_alpha": 2.3955604831892474, "VG_n": 1.290329945233582, "thetaS": 0.4022562046229225, "Ks": 5.641850016768341e-07, "rootXDeformation": 0.22642830950706808, "rootZDeformation": 0.4902562483592642, "kcMax": 1.5}