{"VG_alpha": 2.304927313561704, "VG_n": 1.5548905712826961, "thetaS": 0.5, "Ks": 1.1563013483029929e-06, "rootXDeformation": 0.04748870093671395, "rootZDeformation": 0.6229854862426764, "kcMax": 2.637664915718267}