{"VG_alpha": 2.255971717874312, "VG_n": 1.2801604026199664, "thetaS": 0.4459894258982193, "Ks": 6.74918511038695e-07, "rootXDeformation": 0.35970055339181495, "rootZDeformation": 0.3129974269247962, "kcMax": 1.5}