{"VG_alpha": 1.9088253782609415, "VG_n": 1.6, "thetaS": 0.5, "Ks": 7.644695892442919e-07, "rootXDeformation": 0.05004775614147698, "rootZDeformation": 0.6877337178148595, "kcMax": 2.5436599099048047}