{"VG_alpha": 1.5057921895262534, "VG_n": 1.462391698207683, "thetaS": 0.5, "Ks": 6.43508300041858e-07, "rootXDeformation": 0.0, "rootZDeformation": 0.9693672741834374, "kcMax": 2.6431323831721354}