{"VG_alpha": 1.4210517514548664, "VG_n": 1.2736505231154829, "thetaS": 0.48590129463986037, "Ks": 4.350877288888261e-07, "rootXDeformation": 0.126725056613949, "rootZDeformation": 0.9232419692615201, "kcMax": 2.046056055065657}