{"VG_alpha": 2.2958648121292566, "VG_n": 1.4023025615017537, "thetaS": 0.43065535432075036, "Ks": 5.503562779664315e-07, "rootXDeformation": 0.22811895574378063, "rootZDeformation": 0.2215009906207947, "kcMax": 2.4976786320302313}