{"VG_alpha": 1.8272573113662287, "VG_n": 1.4852952971434619, "thetaS": 0.5, "Ks": 7.110872618881155e-07, "rootXDeformation": 0.0, "rootZDeformation": 0.7508597426994224, "kcMax": 2.568466063645481}