{"VG_alpha": 1.868744639091564, "VG_n": 1.363521039805903, "thetaS": 0.5, "Ks": 5.714706888241052e-07, "rootXDeformation": 0.0, "rootZDeformation": 0.8519889535477435, "kcMax": 1.8884921638185197}