{"VG_alpha": 1.6231392607058532, "VG_n": 1.4209550688072008, "thetaS": 0.5, "Ks": 9.133823029062959e-07, "rootXDeformation": 0.0, "rootZDeformation": 0.7704129771796584, "kcMax": 2.4772027790339806}