{"VG_alpha": 2.250530112972788, "VG_n": 1.418278507127099, "thetaS": 0.4678883193344039, "Ks": 1.972133166947668e-06, "rootXDeformation": 0.3742835274334042, "rootZDeformation": 0.5058649744102193, "kcMax": 2.4572832770352053}