{"VG_alpha": 2.2636250320883615, "VG_n": 1.5381921015849955, "thetaS": 0.4422775574502864, "Ks": 3.19174747951088e-06, "rootXDeformation": 0.17974926035087768, "rootZDeformation": 0.5182011782025355, "kcMax": 2.39247896220485}