{"VG_alpha": 2.030682456502838, "VG_n": 1.539597201133273, "thetaS": 0.47275595962799577, "Ks": 1.4730677621384843e-06, "rootXDeformation": 0.07170849261612361, "rootZDeformation": 0.7290203935909487, "kcMax": 2.6735646374460575}