{"VG_alpha": 1.819911926790981, "VG_n": 1.4182546139018686, "thetaS": 0.5, "Ks": 9.403777154245125e-07, "rootXDeformation": 0.07271514998852478, "rootZDeformation": 0.6382001893246755, "kcMax": 2.6518567247335185}