{"VG_alpha": 1.5815301840598825, "VG_n": 1.451728024951605, "thetaS": 0.483188567977945, "Ks": 8.748811724437271e-07, "rootXDeformation": 0.12672233019543672, "rootZDeformation": 0.7379728159699471, "kcMax": 2.5681116279751977}