{"VG_alpha": 1.8761858338867863, "VG_n": 1.5311677646716433, "thetaS": 0.46835229777451437, "Ks": 7.487020771378833e-07, "rootXDeformation": 0.0, "rootZDeformation": 0.6669880525101443, "kcMax": 2.5463334164139653}