{"VG_alpha": 1.9931209145916253, "VG_n": 1.502389746025098, "thetaS": 0.45965342441720647, "Ks": 1.231332839111519e-06, "rootXDeformation": 0.25249585804713126, "rootZDeformation": 0.5640779328832581, "kcMax": 2.6166960761034774}