{"VG_alpha": 1.9414752101694532, "VG_n": 1.5339964688417131, "thetaS": 0.5, "Ks": 1.571659318480002e-06, "rootXDeformation": 0.0, "rootZDeformation": 0.6839638670411201, "kcMax": 2.5439993403350964}