{"VG_alpha": 1.1313947610625903, "VG_n": 1.40659154970406, "thetaS": 0.3410653394290612, "Ks": 6.874783045448896e-07, "rootXDeformation": 0.19284258702693594, "rootZDeformation": 0.558533062674738, "kcMax": 2.0514747383003122}