{"VG_alpha": 2.096744090565954, "VG_n": 1.5604672703768068, "thetaS": 0.4259760853889245, "Ks": 1.497882178003272e-06, "rootXDeformation": 0.3057843920506017, "rootZDeformation": 0.4757927244781388, "kcMax": 2.2068376507358467}