{"VG_alpha": 1.6686223748816438, "VG_n": 1.6, "thetaS": 0.496517080885822, "Ks": 1.1969769242921557e-06, "rootXDeformation": 0.0, "rootZDeformation": 0.7762385870443933, "kcMax": 2.4116937834180727}