{"VG_alpha": 2.116125344287854, "VG_n": 1.5737703405066121, "thetaS": 0.5, "Ks": 1.452271263858386e-06, "rootXDeformation": 0.0, "rootZDeformation": 0.8874336971720695, "kcMax": 2.664337828225664}