{"VG_alpha": 1.6511812564116353, "VG_n": 1.4790360856984952, "thetaS": 0.5, "Ks": 1.9525007966271685e-06, "rootXDeformation": 0.0, "rootZDeformation": 0.7596228035927388, "kcMax": 2.589415517244485}