{"VG_alpha": 1.626124464669562, "VG_n": 1.584563008200238, "thetaS": 0.5, "Ks": 2.2659423131948e-06, "rootXDeformation": 0.07214529909931595, "rootZDeformation": 0.757211076257202, "kcMax": 2.482426574082699}