{"VG_alpha": 1.6945665268189962, "VG_n": 1.475537104499939, "thetaS": 0.5, "Ks": 1.811651266804355e-06, "rootXDeformation": 0.0, "rootZDeformation": 0.6817243785223372, "kcMax": 2.5726492180838596}