{"VG_alpha": 2.012995187818638, "VG_n": 1.4515077136115777, "thetaS": 0.4941326606573376, "Ks": 8.444817722528975e-07, "rootXDeformation": 0.18416318012493732, "rootZDeformation": 0.3891833332700554, "kcMax": 2.341703714566351}