{"VG_alpha": 1.5745835836142317, "VG_n": 1.5206693736712498, "thetaS": 0.46160970162874815, "Ks": 1.2994954260153573e-06, "rootXDeformation": 0.0, "rootZDeformation": 0.7623558512834063, "kcMax": 2.680130202412111}