{"VG_alpha": 1.4201808103168836, "VG_n": 1.2550124613131601, "thetaS": 0.37480499075478346, "Ks": 9.293052270334772e-07, "rootXDeformation": 0.5164357476344441, "rootZDeformation": 0.4948183552024443, "kcMax": 2.1658742446926857}