{"VG_alpha": 1.6020062825920522, "VG_n": 1.557097843264102, "thetaS": 0.5, "Ks": 1.368043555410026e-06, "rootXDeformation": 0.10075091468343629, "rootZDeformation": 0.7243405950514334, "kcMax": 2.2787087217457063}