{"VG_alpha": 1.850109128770354, "VG_n": 1.4589240760585505, "thetaS": 0.49402374073909644, "Ks": 1.6113979835857825e-06, "rootXDeformation": 0.0, "rootZDeformation": 0.8722809337513964, "kcMax": 2.441515162867244}