{"VG_alpha": 1.8851656213487935, "VG_n": 1.2855640319415973, "thetaS": 0.5, "Ks": 6.681485545394137e-07, "rootXDeformation": 0.1699527203197799, "rootZDeformation": 0.8318613727213282, "kcMax": 1.9590194570895245}