{"VG_alpha": 1.2200279313115634, "VG_n": 1.3791505677418634, "thetaS": 0.4928988104489802, "Ks": 5.383147394261349e-07, "rootXDeformation": 0.11146546006728052, "rootZDeformation": 1.0, "kcMax": 2.427012847620401}