{"VG_alpha": 2.229506570845522, "VG_n": 1.521858975141666, "thetaS": 0.5, "Ks": 8.470803781159766e-07, "rootXDeformation": 0.0, "rootZDeformation": 0.7014483165526864, "kcMax": 2.3630754620065355}