{"VG_alpha": 1.9516038299809497, "VG_n": 1.3998516703603558, "thetaS": 0.43863203337694523, "Ks": 9.122292918615422e-07, "rootXDeformation": 0.19087983273412765, "rootZDeformation": 0.4141238745297956, "kcMax": 2.3698488177657415}