{"VG_alpha": 2.2708558606375604, "VG_n": 1.3642347422363232, "thetaS": 0.40257502360882985, "Ks": 5.17558891345619e-07, "rootXDeformation": 0.2753117929152551, "rootZDeformation": 0.41162658434486554, "kcMax": 1.5013799171155595}