{"VG_alpha": 1.7521983966221124, "VG_n": 1.3166847697647832, "thetaS": 0.5, "Ks": 8.893620579369381e-07, "rootXDeformation": 0.11970011702306005, "rootZDeformation": 0.9219710292901657, "kcMax": 1.9846900345863459}