{"VG_alpha": 1.913909501808289, "VG_n": 1.3001913685104098, "thetaS": 0.4386306012122521, "Ks": 6.673001726491478e-07, "rootXDeformation": 0.14630503871916592, "rootZDeformation": 0.8293222012916448, "kcMax": 2.213907794241866}