{"VG_alpha": 2.0666507102890894, "VG_n": 1.4844055141897812, "thetaS": 0.5, "Ks": 1.4744041348405813e-06, "rootXDeformation": 0.14645363177952056, "rootZDeformation": 0.7847088686996063, "kcMax": 2.8143464537919285}