{"VG_alpha": 2.265695294563695, "VG_n": 1.4766480698647595, "thetaS": 0.42444953540951913, "Ks": 1.1032667714330307e-06, "rootXDeformation": 0.2747210132636613, "rootZDeformation": 0.3054284976773989, "kcMax": 2.4315861303823034}