{"VG_alpha": 1.9943566817057503, "VG_n": 1.4830898222675541, "thetaS": 0.47853203344770423, "Ks": 1.3562626458527095e-06, "rootXDeformation": 0.1319009654965645, "rootZDeformation": 0.7012285853467998, "kcMax": 2.596031741321129}