{"VG_alpha": 1.609839633217257, "VG_n": 1.5239364616244289, "thetaS": 0.4958651826423235, "Ks": 2.6801361350908048e-06, "rootXDeformation": 0.0, "rootZDeformation": 0.7140912283833036, "kcMax": 2.669077590142312}