{"VG_alpha": 1.3978950793576246, "VG_n": 1.5284251512288667, "thetaS": 0.37033052788641757, "Ks": 1.6180460372022666e-06, "rootXDeformation": 0.2959617068796787, "rootZDeformation": 0.8839364795611863, "kcMax": 1.9882674567483731}