{"VG_alpha": 1.6083464161060002, "VG_n": 1.5635070422845687, "thetaS": 0.5, "Ks": 1.211022046668722e-06, "rootXDeformation": 0.0, "rootZDeformation": 0.6586736229614598, "kcMax": 2.678147956552439}