{"VG_alpha": 1.5836009579565382, "VG_n": 1.4395301621593335, "thetaS": 0.4998649608915967, "Ks": 1.2953528333292678e-06, "rootXDeformation": 0.008750639975709714, "rootZDeformation": 0.702663851552012, "kcMax": 2.3248272851586846}