{"VG_alpha": 1.768076742445161, "VG_n": 1.5186620570399167, "thetaS": 0.5, "Ks": 1.3416060754436988e-06, "rootXDeformation": 0.0, "rootZDeformation": 0.7208241037293969, "kcMax": 2.546933980038691}