{"VG_alpha": 2.0134833431179198, "VG_n": 1.353254012880155, "thetaS": 0.4744638471205963, "Ks": 1.1331318976177091e-06, "rootXDeformation": 0.04814965774080844, "rootZDeformation": 0.9270328765524872, "kcMax": 2.1407996258702404}