{"VG_alpha": 1.9587976517043024, "VG_n": 1.5263398573872118, "thetaS": 0.4876359847319429, "Ks": 1.1032354579097814e-06, "rootXDeformation": 0.0, "rootZDeformation": 0.8050043852715321, "kcMax": 2.7077759991798382}