{"VG_alpha": 1.9378277537491533, "VG_n": 1.424727470473452, "thetaS": 0.5, "Ks": 1.399336236286058e-06, "rootXDeformation": 0.0, "rootZDeformation": 0.6786797649986275, "kcMax": 2.744735707629006}