{"VG_alpha": 1.767141924740603, "VG_n": 1.4990772335394096, "thetaS": 0.4541284086221603, "Ks": 8.423783682780826e-07, "rootXDeformation": 0.0, "rootZDeformation": 0.9446434057912376, "kcMax": 2.7375033172550944}