{"VG_alpha": 1.6113296275726707, "VG_n": 1.4384524827643197, "thetaS": 0.4587090767261067, "Ks": 1.771780814354113e-06, "rootXDeformation": 0.40622630994759823, "rootZDeformation": 0.034747612110997944, "kcMax": 2.694495237340466}