{"VG_alpha": 1.9534143203698493, "VG_n": 1.2589850655413153, "thetaS": 0.41278765075362145, "Ks": 5.308026499094002e-07, "rootXDeformation": 0.504889927383838, "rootZDeformation": 0.36071173663435446, "kcMax": 1.6281161150962078}