{"VG_alpha": 2.152983692221496, "VG_n": 1.4706184588421904, "thetaS": 0.4870993416322736, "Ks": 1.182384831063925e-06, "rootXDeformation": 0.129518753900914, "rootZDeformation": 0.6121778312653845, "kcMax": 2.4387549179994346}