{"VG_alpha": 1.9964318300744068, "VG_n": 1.4685771607366171, "thetaS": 0.5, "Ks": 8.297369478275984e-07, "rootXDeformation": 0.0, "rootZDeformation": 0.798080430941122, "kcMax": 2.456630186584509}