{"VG_alpha": 2.110904833342193, "VG_n": 1.4573069024053091, "thetaS": 0.43577878816413174, "Ks": 5.986123288566773e-07, "rootXDeformation": 0.2859808190242825, "rootZDeformation": 0.6603471946311633, "kcMax": 2.7448047296333735}