{"VG_alpha": 2.2472074375777202, "VG_n": 1.3065099695375384, "thetaS": 0.37914072054567166, "Ks": 6.973113707982503e-07, "rootXDeformation": 0.42889899309264923, "rootZDeformation": 0.24975452511424268, "kcMax": 1.5}