{"VG_alpha": 1.9060730507315917, "VG_n": 1.4257198266987339, "thetaS": 0.5, "Ks": 1.3999636449763429e-06, "rootXDeformation": 0.0, "rootZDeformation": 0.7389362428389001, "kcMax": 2.518855475711994}