{"VG_alpha": 1.8622042674704413, "VG_n": 1.5090669284432914, "thetaS": 0.5, "Ks": 1.805865686523816e-06, "rootXDeformation": 0.0, "rootZDeformation": 0.8406122427786783, "kcMax": 2.4938492592088735}