{"VG_alpha": 1.9363617886282927, "VG_n": 1.5297647344118346, "thetaS": 0.5, "Ks": 9.94009576947968e-07, "rootXDeformation": 0.0, "rootZDeformation": 0.7679983438339306, "kcMax": 2.6253378422816205}