{"VG_alpha": 1.7827561609898006, "VG_n": 1.4502717472185944, "thetaS": 0.4752233125860638, "Ks": 5.643815071988176e-07, "rootXDeformation": 0.0, "rootZDeformation": 1.0, "kcMax": 2.744137294965851}