{"VG_alpha": 1.2255006186397202, "VG_n": 1.3760533009118474, "thetaS": 0.35328373034184096, "Ks": 4.465067341933552e-07, "rootXDeformation": 0.4170572081377801, "rootZDeformation": 0.42275350409069284, "kcMax": 2.101690346577904}