{"VG_alpha": 2.2307201500906264, "VG_n": 1.547102675954346, "thetaS": 0.49725372506552734, "Ks": 1.000365878772615e-06, "rootXDeformation": 0.0, "rootZDeformation": 0.6001224804129943, "kcMax": 2.538967184840983}