{"VG_alpha": 2.0560006534406368, "VG_n": 1.5160892427307822, "thetaS": 0.45961362284529506, "Ks": 1.5748215805577277e-06, "rootXDeformation": 0.03618970302770411, "rootZDeformation": 0.6129776508380479, "kcMax": 2.6099351129938624}