{"VG_alpha": 1.9142756843940774, "VG_n": 1.4298638587974986, "thetaS": 0.48042366581292006, "Ks": 8.490598749956712e-07, "rootXDeformation": 0.2314654585817556, "rootZDeformation": 0.378430145056799, "kcMax": 2.208148633865949}