{"VG_alpha": 1.9746029876686622, "VG_n": 1.3335505955037583, "thetaS": 0.4462860215933176, "Ks": 5.598964446474479e-07, "rootXDeformation": 0.2237746983912854, "rootZDeformation": 0.8746973703723897, "kcMax": 2.6759853922000225}