{"VG_alpha": 1.8178079554090405, "VG_n": 1.4579410929416583, "thetaS": 0.44482961291272616, "Ks": 1.5152807547948743e-06, "rootXDeformation": 0.2318384757870795, "rootZDeformation": 0.5145395080266802, "kcMax": 2.1073046429755586}