{"VG_alpha": 1.9395508765912968, "VG_n": 1.4697459972035105, "thetaS": 0.4974848355761605, "Ks": 2.071586169100386e-06, "rootXDeformation": 0.0, "rootZDeformation": 0.8973451389748771, "kcMax": 2.8341650781518632}