{"VG_alpha": 1.9345693839986624, "VG_n": 1.5044778347964316, "thetaS": 0.5, "Ks": 2.237670279790143e-06, "rootXDeformation": 0.07286585544965052, "rootZDeformation": 0.847367396756885, "kcMax": 2.570616245975275}