{"VG_alpha": 2.081156625916485, "VG_n": 1.4075886900056873, "thetaS": 0.49672513787428196, "Ks": 1.809210868363331e-06, "rootXDeformation": 0.10543032688203159, "rootZDeformation": 0.4208385987811958, "kcMax": 2.393789945334952}