{"VG_alpha": 1.8470136110719522, "VG_n": 1.4985254038402727, "thetaS": 0.49109224671232965, "Ks": 5.334992258942609e-07, "rootXDeformation": 0.0, "rootZDeformation": 0.9728762051970934, "kcMax": 2.2437199735027815}