{"VG_alpha": 2.6844190878867593, "VG_n": 1.2169178226978057, "thetaS": 0.3931269651928767, "Ks": 9.46880154592441e-07, "rootXDeformation": 0.33216389561882953, "rootZDeformation": 0.3058027515153404, "kcMax": 1.6607940794336402}