{"VG_alpha": 1.980022955394325, "VG_n": 1.468878044370884, "thetaS": 0.5, "Ks": 1.4921449477662203e-06, "rootXDeformation": 0.0, "rootZDeformation": 0.9145706096072169, "kcMax": 2.3756830022880457}