{"VG_alpha": 2.144785428122886, "VG_n": 1.447944020499769, "thetaS": 0.4542333845060181, "Ks": 8.629185906663817e-07, "rootXDeformation": 0.25744945084476795, "rootZDeformation": 0.4793603547738982, "kcMax": 2.5466595751284773}