{"VG_alpha": 1.8252878285374572, "VG_n": 1.460898929312792, "thetaS": 0.4966196949359939, "Ks": 1.4613969301325716e-06, "rootXDeformation": 0.013193018056770036, "rootZDeformation": 0.5729074217123706, "kcMax": 2.584253122432573}