{"VG_alpha": 1.504751332904429, "VG_n": 1.516632226958253, "thetaS": 0.493428287523606, "Ks": 2.130977921550376e-06, "rootXDeformation": 0.0, "rootZDeformation": 0.6617264654986678, "kcMax": 2.4225190021160214}