{"VG_alpha": 1.9766258873259317, "VG_n": 1.4081431201129484, "thetaS": 0.46235497005915055, "Ks": 9.016448608647666e-07, "rootXDeformation": 0.125104466090714, "rootZDeformation": 0.39858157751543455, "kcMax": 2.164484766746262}