{"VG_alpha": 1.707450923302215, "VG_n": 1.5676908954084448, "thetaS": 0.4990062493433328, "Ks": 1.4394763569216878e-06, "rootXDeformation": 0.0, "rootZDeformation": 0.7872837440375167, "kcMax": 2.8847123309605456}