{"VG_alpha": 2.1035720048699593, "VG_n": 1.2943374822277356, "thetaS": 0.4797185328999053, "Ks": 9.9077527679151e-07, "rootXDeformation": 0.19946516925435293, "rootZDeformation": 0.7571859461135321, "kcMax": 2.727841015777505}