{"VG_alpha": 1.8291982332712076, "VG_n": 1.4951337669626856, "thetaS": 0.5, "Ks": 1.0115983241292687e-06, "rootXDeformation": 0.0, "rootZDeformation": 0.817510415281097, "kcMax": 2.4807197095754296}