{"VG_alpha": 2.89724012101086, "VG_n": 1.2700562455340454, "thetaS": 0.4284473627693806, "Ks": 5.057369521993188e-07, "rootXDeformation": 0.40800548652719676, "rootZDeformation": 0.31195472920326817, "kcMax": 1.7273237403915485}