{"VG_alpha": 1.7350316981460154, "VG_n": 1.4035716135360885, "thetaS": 0.5, "Ks": 1.0340329370846219e-06, "rootXDeformation": 0.0, "rootZDeformation": 0.9378237471564584, "kcMax": 2.361905205323766}