{"VG_alpha": 1.5797588782430907, "VG_n": 1.403462172626601, "thetaS": 0.4625234095999039, "Ks": 7.818626665157282e-07, "rootXDeformation": 0.112578776120573, "rootZDeformation": 0.8417791669113168, "kcMax": 1.7659542869576623}