{"VG_alpha": 1.7464722363552738, "VG_n": 1.551691082197899, "thetaS": 0.5, "Ks": 1.1212519357374538e-06, "rootXDeformation": 0.0, "rootZDeformation": 0.7588752851385147, "kcMax": 2.520126470088515}