{"VG_alpha": 1.7439620892547654, "VG_n": 1.35132130622872, "thetaS": 0.5, "Ks": 1.3992070226488397e-06, "rootXDeformation": 0.12330533240622528, "rootZDeformation": 0.7920346425084577, "kcMax": 2.195426758728557}