{"VG_alpha": 2.1662453344467925, "VG_n": 1.5141115307942035, "thetaS": 0.5, "Ks": 1.1702327584897397e-06, "rootXDeformation": 0.05802388200940325, "rootZDeformation": 0.6977480192019081, "kcMax": 2.436028008997533}