{"VG_alpha": 2.235525776998133, "VG_n": 1.5509935782277653, "thetaS": 0.4182437164982879, "Ks": 2.2116538280362917e-06, "rootXDeformation": 0.3213230707835419, "rootZDeformation": 0.38935600473400306, "kcMax": 2.3654936287343755}