{"VG_alpha": 2.4057282158262088, "VG_n": 1.4773106068281014, "thetaS": 0.5, "Ks": 1.6962270089963857e-06, "rootXDeformation": 0.26695633259637913, "rootZDeformation": 0.18262315530347062, "kcMax": 2.3271800234814206}