{"VG_alpha": 2.0811165699688368, "VG_n": 1.459237693107439, "thetaS": 0.4367118019513003, "Ks": 3.364759527757281e-06, "rootXDeformation": 0.31005666780874813, "rootZDeformation": 0.4148102180760775, "kcMax": 2.221495646411542}