{"VG_alpha": 1.7410566532578855, "VG_n": 1.567661218518206, "thetaS": 0.5, "Ks": 1.1751773277494012e-06, "rootXDeformation": 0.0, "rootZDeformation": 0.8161382421989647, "kcMax": 2.6291755065327713}