{"VG_alpha": 1.8044671294327315, "VG_n": 1.5050161700536187, "thetaS": 0.4751733620497384, "Ks": 1.5298767258359662e-06, "rootXDeformation": 0.1259802117342079, "rootZDeformation": 0.6921055266513838, "kcMax": 2.4908203691280235}