{"VG_alpha": 2.1592987340011414, "VG_n": 1.5830528795138483, "thetaS": 0.5, "Ks": 1.7381927568324306e-06, "rootXDeformation": 0.0, "rootZDeformation": 0.7221310545153673, "kcMax": 2.5480465834344463}