{"VG_alpha": 2.208050618917806, "VG_n": 1.3448422231862451, "thetaS": 0.42998744111251874, "Ks": 3.744109741908941e-07, "rootXDeformation": 0.5229215903861378, "rootZDeformation": 0.4541925145966763, "kcMax": 1.590868962108071}