{"VG_alpha": 2.052786073512973, "VG_n": 1.4208799360249933, "thetaS": 0.5, "Ks": 1.5549189245511887e-06, "rootXDeformation": 0.0, "rootZDeformation": 0.8570594399226101, "kcMax": 2.4945064240287804}