{"VG_alpha": 1.445056251346709, "VG_n": 1.3483679581017707, "thetaS": 0.5, "Ks": 2.2815788223535638e-07, "rootXDeformation": 0.11197633694989212, "rootZDeformation": 0.9031811804547387, "kcMax": 1.6578612318111716}