{"VG_alpha": 1.2726677567063343, "VG_n": 1.333904516382509, "thetaS": 0.3331451152744676, "Ks": 6.029305460329864e-07, "rootXDeformation": 0.23304193664627837, "rootZDeformation": 0.8769520383019899, "kcMax": 1.9464553948109475}