{"VG_alpha": 2.1786660229035792, "VG_n": 1.4385811385942286, "thetaS": 0.4726879808479044, "Ks": 1.2439244202334776e-06, "rootXDeformation": 0.22891808266525338, "rootZDeformation": 0.2983735149166331, "kcMax": 2.348514420623581}