{"VG_alpha": 1.8142984124287636, "VG_n": 1.3051568642289708, "thetaS": 0.4671537167230916, "Ks": 1.1378825071416859e-06, "rootXDeformation": 0.14525383928723784, "rootZDeformation": 0.9245414482792839, "kcMax": 2.0529817125679473}