{"VG_alpha": 1.4377435070066422, "VG_n": 1.4922010680896058, "thetaS": 0.4991736738118744, "Ks": 1.1611647287033634e-06, "rootXDeformation": 0.04949033153919585, "rootZDeformation": 1.0, "kcMax": 2.5234626023237148}