{"VG_alpha": 1.8586627724942315, "VG_n": 1.477374791007513, "thetaS": 0.5, "Ks": 1.1237881139796596e-06, "rootXDeformation": 0.0, "rootZDeformation": 0.9295906686678449, "kcMax": 2.657376770470563}