{"VG_alpha": 1.811431105865525, "VG_n": 1.4903521586717983, "thetaS": 0.43281403688747144, "Ks": 2.1514188745953963e-06, "rootXDeformation": 0.2853717504275879, "rootZDeformation": 0.4345375811837467, "kcMax": 2.503842245340854}