{"VG_alpha": 1.8730870968604036, "VG_n": 1.536623598146065, "thetaS": 0.5, "Ks": 8.567337944312399e-07, "rootXDeformation": 0.03746839630074277, "rootZDeformation": 0.7692630336140641, "kcMax": 2.3448262748032196}