{"VG_alpha": 2.1444992688360265, "VG_n": 1.255274046858117, "thetaS": 0.4249115726971839, "Ks": 6.896450123165986e-07, "rootXDeformation": 0.531833645417694, "rootZDeformation": 0.23169309195689508, "kcMax": 1.7390871607550291}