{"VG_alpha": 1.601200200700609, "VG_n": 1.380979241508414, "thetaS": 0.49221951626133803, "Ks": 8.696031909126233e-07, "rootXDeformation": 0.09008721336784159, "rootZDeformation": 0.9717476401636203, "kcMax": 2.6504157127154624}