{"VG_alpha": 2.049979671671265, "VG_n": 1.4037407011222585, "thetaS": 0.5, "Ks": 1.1669120365911352e-06, "rootXDeformation": 0.0, "rootZDeformation": 0.8135913028484945, "kcMax": 2.4258232210992645}