{"VG_alpha": 1.8961197095016238, "VG_n": 1.4422060353997663, "thetaS": 0.4887346302536411, "Ks": 1.4102623849620496e-06, "rootXDeformation": 0.036151772519920196, "rootZDeformation": 0.8114554685142978, "kcMax": 2.2782793810555906}