{"VG_alpha": 1.7358861666529728, "VG_n": 1.594970668129262, "thetaS": 0.5, "Ks": 1.0430860158890193e-06, "rootXDeformation": 0.04788157319289578, "rootZDeformation": 0.6422424885219815, "kcMax": 2.318303989345657}