{"VG_alpha": 2.2166909851470367, "VG_n": 1.5412339838333131, "thetaS": 0.5, "Ks": 1.0078393652191502e-06, "rootXDeformation": 0.14622032366118298, "rootZDeformation": 0.8131492193999578, "kcMax": 2.66212602083137}