{"VG_alpha": 2.035631824952283, "VG_n": 1.4951734255796663, "thetaS": 0.5, "Ks": 9.152314119217827e-07, "rootXDeformation": 0.009611052473445627, "rootZDeformation": 0.512220858270159, "kcMax": 2.529772204509219}