{"VG_alpha": 1.972752175615863, "VG_n": 1.5161188474255365, "thetaS": 0.46442958507917076, "Ks": 1.133501215345807e-06, "rootXDeformation": 0.06665807317281865, "rootZDeformation": 0.7392797667559176, "kcMax": 2.569224231370953}