{"VG_alpha": 1.9367036704497123, "VG_n": 1.5521903344300345, "thetaS": 0.5, "Ks": 1.2560423515513781e-06, "rootXDeformation": 0.0, "rootZDeformation": 0.631646029962867, "kcMax": 2.5427140559679415}