{"VG_alpha": 2.063025780706836, "VG_n": 1.4662188726765382, "thetaS": 0.4721560395725044, "Ks": 8.902070911339203e-07, "rootXDeformation": 0.04588786747247829, "rootZDeformation": 0.6257121114223543, "kcMax": 2.7086164881951107}