{"VG_alpha": 2.274164987577214, "VG_n": 1.251010298534669, "thetaS": 0.4142623219470526, "Ks": 5.96113666151179e-07, "rootXDeformation": 0.20260358310190618, "rootZDeformation": 0.39170820756847935, "kcMax": 1.5}