{"VG_alpha": 2.0462623912420277, "VG_n": 1.5592437999655142, "thetaS": 0.48436718881643026, "Ks": 8.394066478992929e-07, "rootXDeformation": 0.07709169088954267, "rootZDeformation": 0.7783794919629772, "kcMax": 2.5435089933257844}