{"VG_alpha": 1.217201546376977, "VG_n": 1.4237896585104597, "thetaS": 0.4974673113277068, "Ks": 6.011976594540049e-07, "rootXDeformation": 0.19918886670694674, "rootZDeformation": 0.872297886817053, "kcMax": 1.8896897575468616}