{"VG_alpha": 2.0711562031456303, "VG_n": 1.4986619996328303, "thetaS": 0.4961884969898284, "Ks": 6.189374843563139e-07, "rootXDeformation": 0.046340907952922554, "rootZDeformation": 1.0, "kcMax": 2.460039810161461}