{"VG_alpha": 1.6673458733171982, "VG_n": 1.5510088808927676, "thetaS": 0.4917701837669274, "Ks": 1.0822578613647963e-06, "rootXDeformation": 0.00885690329084355, "rootZDeformation": 1.0, "kcMax": 2.8889303198418617}