{"VG_alpha": 2.184779801890813, "VG_n": 1.4656662143573962, "thetaS": 0.463047798846, "Ks": 2.200854740402014e-06, "rootXDeformation": 0.15871886088550202, "rootZDeformation": 0.3325533903760764, "kcMax": 1.9839315199673218}