{"VG_alpha": 1.8030011643118709, "VG_n": 1.6, "thetaS": 0.485497500119738, "Ks": 1.0867381817159495e-06, "rootXDeformation": 0.09980969867050905, "rootZDeformation": 0.781424105486687, "kcMax": 2.371422503780638}