{"VG_alpha": 1.7380492387915139, "VG_n": 1.3860758335002883, "thetaS": 0.47672318802907443, "Ks": 1.192704641635139e-06, "rootXDeformation": 0.0, "rootZDeformation": 1.0, "kcMax": 2.7081595637153453}