{"VG_alpha": 2.10006166135672, "VG_n": 1.1696579919406365, "thetaS": 0.5, "Ks": 5.923759122254669e-07, "rootXDeformation": 0.3194049973452092, "rootZDeformation": 0.7066457287150553, "kcMax": 1.6683259895788818}