{"VG_alpha": 2.0444189898026224, "VG_n": 1.4652554358297176, "thetaS": 0.44523778968305405, "Ks": 1.4104615457002528e-06, "rootXDeformation": 0.0, "rootZDeformation": 0.5098376221912257, "kcMax": 2.349217372183781}