{"VG_alpha": 1.8827024753398216, "VG_n": 1.5481496837081539, "thetaS": 0.47976771455947065, "Ks": 1.3181912398323317e-06, "rootXDeformation": 0.0, "rootZDeformation": 0.6734109807428795, "kcMax": 2.744455122512845}