{"VG_alpha": 2.073970335635157, "VG_n": 1.46454280316027, "thetaS": 0.4336490989108226, "Ks": 2.2531216265761086e-06, "rootXDeformation": 0.08267843766878165, "rootZDeformation": 0.5829145721166198, "kcMax": 2.440818972849295}