{"VG_alpha": 2.086718914833781, "VG_n": 1.4828626019378668, "thetaS": 0.46104352346697924, "Ks": 9.040603006760001e-07, "rootXDeformation": 0.032678610091200204, "rootZDeformation": 0.7318345636198337, "kcMax": 2.687467450886277}