{"VG_alpha": 2.2756656518254292, "VG_n": 1.459852837425974, "thetaS": 0.5, "Ks": 1.2711903506235583e-06, "rootXDeformation": 0.03279229356689338, "rootZDeformation": 0.979773057692058, "kcMax": 2.7666786540509705}