{"VG_alpha": 2.057329509501174, "VG_n": 1.4715235205452712, "thetaS": 0.5, "Ks": 1.5460289725163853e-06, "rootXDeformation": 0.0, "rootZDeformation": 0.8591190500397088, "kcMax": 2.5259591821647014}