{"VG_alpha": 1.682467478602561, "VG_n": 1.3363767127804043, "thetaS": 0.5, "Ks": 1.6182029042700972e-06, "rootXDeformation": 0.09851441956177963, "rootZDeformation": 0.9152707382599773, "kcMax": 2.4780626189554793}