{"VG_alpha": 1.9116306847898166, "VG_n": 1.5396471375027676, "thetaS": 0.4770978468184813, "Ks": 1.5032766274496363e-06, "rootXDeformation": 0.10088912823689057, "rootZDeformation": 0.6425934552042174, "kcMax": 2.6354385018342144}