{"VG_alpha": 1.67533392227177, "VG_n": 1.2656074560284092, "thetaS": 0.47565444709626825, "Ks": 3.298319042180329e-07, "rootXDeformation": 0.14035665355996926, "rootZDeformation": 0.8644492041178813, "kcMax": 1.7557715771212135}