{"VG_alpha": 1.4596754134817012, "VG_n": 1.2687165455744098, "thetaS": 0.3813792043548139, "Ks": 2.7577308196862537e-07, "rootXDeformation": 0.31729583705412356, "rootZDeformation": 0.800215557313324, "kcMax": 2.0000915861953343}