{"VG_alpha": 2.145554412607054, "VG_n": 1.2020280218241086, "thetaS": 0.46838798045804275, "Ks": 3.091078975991923e-07, "rootXDeformation": 0.12231025663396837, "rootZDeformation": 0.5608053061400838, "kcMax": 1.8654606414021861}