{"VG_alpha": 1.1277302497399428, "VG_n": 1.354788889516767, "thetaS": 0.38582505313955184, "Ks": 3.9554014477286807e-07, "rootXDeformation": 0.20765049789894216, "rootZDeformation": 0.5261398300391106, "kcMax": 2.2392169815225142}