{"VG_alpha": 1.4431245499589653, "VG_n": 1.3831673463085727, "thetaS": 0.5, "Ks": 8.094954646757877e-07, "rootXDeformation": 0.19970507640915058, "rootZDeformation": 0.7815934754998931, "kcMax": 2.0098962703439325}