{"VG_alpha": 1.0327754389020591, "VG_n": 1.4484384102915644, "thetaS": 0.4061788006649467, "Ks": 7.176131675720616e-07, "rootXDeformation": 0.027290790752126926, "rootZDeformation": 0.501339593434101, "kcMax": 1.524742517842079}