{"VG_alpha": 1.2606624664049932, "VG_n": 1.3729601752955651, "thetaS": 0.3800315265887584, "Ks": 8.4008415993703e-07, "rootXDeformation": 0.2799136695072923, "rootZDeformation": 0.6537662878723876, "kcMax": 2.252538492261497}