{"VG_alpha": 1.6091605202790427, "VG_n": 1.3773933211185883, "thetaS": 0.43969016071345424, "Ks": 2.2734775790904814e-07, "rootXDeformation": 0.7306386165484743, "rootZDeformation": 0.17990362415927502, "kcMax": 2.493800361583722}