{"VG_alpha": 1.7752880521263155, "VG_n": 1.4304979552682706, "thetaS": 0.5, "Ks": 7.338955323999351e-07, "rootXDeformation": 0.043457646015375, "rootZDeformation": 0.8913124676945761, "kcMax": 1.7687439328073953}