{"VG_alpha": 1.725606548283408, "VG_n": 1.3779376916985993, "thetaS": 0.48270218890095895, "Ks": 8.591167855929383e-07, "rootXDeformation": 0.06872674479053464, "rootZDeformation": 0.7493446603397711, "kcMax": 2.060864922744374}