{"VG_alpha": 1.2571166957687272, "VG_n": 1.3203692234091247, "thetaS": 0.37905458010477594, "Ks": 5.207001320842964e-07, "rootXDeformation": 0.48341587647281575, "rootZDeformation": 0.601964694475914, "kcMax": 2.026882373964282}