{"VG_alpha": 1.1300770522641168, "VG_n": 1.203213628947135, "thetaS": 0.3818024910252265, "Ks": 6.41775332805313e-07, "rootXDeformation": 0.4813086822179694, "rootZDeformation": 0.6032195612227681, "kcMax": 2.1581366880619695}