{"VG_alpha": 1.7576094948758376, "VG_n": 1.460566010164389, "thetaS": 0.4926747743307394, "Ks": 3.975079452581384e-07, "rootXDeformation": 0.07744921133307159, "rootZDeformation": 0.9629035899661261, "kcMax": 1.9492485310650975}