{"VG_alpha": 1.14202994290656, "VG_n": 1.2888474606869413, "thetaS": 0.40273233650198526, "Ks": 5.065608193211402e-07, "rootXDeformation": 0.2976403444314746, "rootZDeformation": 0.6004913927930301, "kcMax": 2.089168116503756}