{"VG_alpha": 1.8407329481257273, "VG_n": 1.3488822824746158, "thetaS": 0.5, "Ks": 8.437444931622274e-07, "rootXDeformation": 0.17345166263398548, "rootZDeformation": 0.9047382088301279, "kcMax": 1.764592054452768}