{"VG_alpha": 1.0989380985870068, "VG_n": 1.3116937537186661, "thetaS": 0.38450329686296364, "Ks": 6.825679339630096e-07, "rootXDeformation": 0.5022627978193956, "rootZDeformation": 0.5544503664191925, "kcMax": 1.6760482421213627}