{"VG_alpha": 1.5494991353073155, "VG_n": 1.3905780930386034, "thetaS": 0.4179419811224054, "Ks": 2.179733424251855e-06, "rootXDeformation": 0.2171777717926734, "rootZDeformation": 0.08493854003481902, "kcMax": 2.484193542420055}