{"VG_alpha": 1.8145340074209344, "VG_n": 1.3473936317269888, "thetaS": 0.47103138871219474, "Ks": 8.405333330829019e-07, "rootXDeformation": 0.14557699748809597, "rootZDeformation": 0.8667940393953636, "kcMax": 1.8603126569036619}