{"VG_alpha": 1.330031795438297, "VG_n": 1.2962646219732936, "thetaS": 0.31869207491173007, "Ks": 2.067571433238256e-06, "rootXDeformation": 0.15115201964256386, "rootZDeformation": 0.3841144486921996, "kcMax": 2.9163910683582017}