{"VG_alpha": 1.5430144848829106, "VG_n": 1.359577409236476, "thetaS": 0.5, "Ks": 3.0946176063986187e-07, "rootXDeformation": 0.2288196457012241, "rootZDeformation": 0.8723574411821631, "kcMax": 1.609310299908014}