{"VG_alpha": 1.3953747475038014, "VG_n": 1.2958076945320993, "thetaS": 0.47634661248963267, "Ks": 2.6708742285531985e-07, "rootXDeformation": 0.13724543572505177, "rootZDeformation": 0.7612133730999338, "kcMax": 1.9499822217481502}