{"VG_alpha": 1.6345171218664227, "VG_n": 1.3149676367685796, "thetaS": 0.3628526508881589, "Ks": 4.2197568806541736e-07, "rootXDeformation": 0.3781688228692697, "rootZDeformation": 0.5373315597101955, "kcMax": 2.1175867940814475}