{"VG_alpha": 1.8296839536961718, "VG_n": 1.4279188112738157, "thetaS": 0.49474964606442606, "Ks": 4.2101977137123856e-07, "rootXDeformation": 0.16030406556254262, "rootZDeformation": 1.0, "kcMax": 1.8148585422675176}