{"VG_alpha": 1.3221910913738864, "VG_n": 1.418952587833257, "thetaS": 0.32543557733370393, "Ks": 5.382076439758058e-07, "rootXDeformation": 0.3107262979259648, "rootZDeformation": 0.6169884418968595, "kcMax": 2.075003275419943}