{"VG_alpha": 1.1004176024232513, "VG_n": 1.2848908855614738, "thetaS": 0.4562696408505283, "Ks": 3.149956723771191e-07, "rootXDeformation": 0.33727071258370783, "rootZDeformation": 0.7626852716135669, "kcMax": 2.3457211302201166}