{"VG_alpha": 1.284340095203054, "VG_n": 1.2866703800257346, "thetaS": 0.4348267230132691, "Ks": 5.103207784066524e-07, "rootXDeformation": 0.4340139933332937, "rootZDeformation": 0.6177669784693172, "kcMax": 2.2697073638315866}