{"VG_alpha": 1.7275382496711515, "VG_n": 1.3431383034917972, "thetaS": 0.4775878214223314, "Ks": 2.421437487265448e-07, "rootXDeformation": 0.0, "rootZDeformation": 0.8709323652946167, "kcMax": 1.708829884211613}