{"VG_alpha": 2.096475358120778, "VG_n": 1.2721492564594836, "thetaS": 0.4872706852765522, "Ks": 4.10199414784088e-07, "rootXDeformation": 0.11105710545236597, "rootZDeformation": 0.7370494825437752, "kcMax": 1.711925854376935}